Datetime,close,high,low,open,volume,vix_ret_1,vix_ret_5,vix_mom_5,vix_range,vix_range_exp_10
2025-12-11 09:20:00+05:30,11.082500457763672,11.087499618530272,10.642499923706056,10.74250030517578,0,0.030926809498308578,0.026747553207519054,0.26450061798095703,0.4449996948242152,1.8969800863219533
2025-12-11 09:21:00+05:30,10.619999885559082,11.087499618530272,10.619999885559082,11.087499618530272,0,-0.04262832390435004,-0.01611240099470284,-0.16350002288818288,0.46749973297118963,1.7453332241481616
2025-12-11 09:22:00+05:30,10.619999885559082,10.637499809265137,10.604999542236328,10.61750030517578,0,0.0,-0.008672243276309525,-0.14500007629394496,0.032500267028808594,0.1363052318866812
2025-12-11 09:23:00+05:30,10.662500381469728,10.68000030517578,10.612500190734863,10.619999885559082,0,0.003993943556747541,-0.008870208767405494,-0.08349971771240128,0.06750011444091619,0.30759554732953487
2025-12-11 09:24:00+05:30,10.677499771118164,10.682499885559082,10.63249969482422,10.667499542236328,0,0.0014057537030237688,-0.006301817146270179,-0.05500030517578125,0.050000190734861505,0.24691456866125916
2025-12-11 09:25:00+05:30,10.682499885559082,10.6875,10.664999961853027,10.677499771118164,0,0.0004681755255258584,-0.03676045111905291,0.029999923706053977,0.022500038146972656,0.1607146019839164
2025-12-11 09:26:00+05:30,10.675000190734863,10.729999542236328,10.667499542236328,10.672499656677246,0,-0.0007023008409862964,0.005165571944310769,0.011500167846680398,0.0625,0.45703828923070294
2025-12-11 09:27:00+05:30,10.670000076293944,10.699999809265137,10.664999961853027,10.68000030517578,0,-0.00046850451813789317,0.004697067426172914,-0.003499984741212714,0.034999847412109375,0.26974841366617675
2025-12-11 09:28:00+05:30,10.670000076293944,10.68000030517578,10.649999618530272,10.662500381469728,0,0.0,0.0007031238694255189,-0.004999923706057174,0.030000686645507812,0.23301497286751238
2025-12-11 09:29:00+05:30,10.65250015258789,10.664999961853027,10.630000114440918,10.664999961853027,0,-0.001641451747915719,-0.002344081581514031,-0.017499923706054688,0.034999847412109375,0.2805598047242622
2025-12-11 09:30:00+05:30,10.65999984741211,10.677499771118164,10.625,10.645000457763672,0,0.0007037837075683907,-0.00210847339947152,-0.0055002212524417615,0.05249977111816406,0.6140320545925286
2025-12-11 09:31:00+05:30,10.667499542236328,10.672499656677246,10.637499809265137,10.664999961853027,0,0.0007032887443878709,-0.0007028838140972981,0.0034996032714840197,0.034999847412109375,0.8283975585972838
2025-12-11 09:32:00+05:30,10.65999984741211,10.675000190734863,10.642499923706056,10.670000076293944,0,-0.0007032887443880126,-0.0009376680403473357,-0.002000045776366477,0.03250026702880682,0.769235978186251
2025-12-11 09:33:00+05:30,11.042499542236328,11.05500030517578,10.647500038146973,10.65250015258789,0,0.03525301861019289,0.0343153505698455,0.305999755859375,0.4075002670288068,5.344260449758625
2025-12-11 09:34:00+05:30,10.657500267028809,11.047499656677246,10.649999618530272,11.045000076293944,0,-0.03548752832111938,0.000469273996642002,-0.07999954223632777,0.39750003814697443,3.5810794556327115
2025-12-11 09:35:00+05:30,10.692500114440918,10.699999809265137,10.65250015258789,10.662500381469728,0,0.003278677109130741,0.0030441673982041714,-0.051499748229980824,0.047499656677246094,0.4184990933794016
2025-12-11 09:36:00+05:30,10.71500015258789,10.71500015258789,10.677499771118164,10.692500114440918,0,0.002102071344285874,0.004442949998101972,-0.03849983215332031,0.03750038146972656,0.3378410887346215
2025-12-11 09:37:00+05:30,10.774999618530272,10.774999618530272,10.710000038146973,10.717499732971191,0,0.005583957420460458,0.010730196162950548,-0.0015003204345713783,0.064999580383299,0.5701715860351868
2025-12-11 09:38:00+05:30,10.827500343322754,10.84000015258789,10.7524995803833,10.774999618530272,0,0.004860625228461188,-0.01966219721878128,0.09400024414062536,0.08750057220458984,0.7306935739485715
2025-12-11 09:39:00+05:30,10.81999969482422,10.842499732971191,10.795000076293944,10.827500343322754,0,-0.0006929806014994971,0.015132350500838663,0.0539997100830103,0.04749965667724787,0.39255913371697265
2025-12-11 09:40:00+05:30,10.862500190734863,10.86750030517578,10.817500114440918,10.824999809265137,0,0.003920262936981493,0.01577393632868948,0.06250019073486257,0.050000190734861505,0.4140800975551061
2025-12-11 09:41:00+05:30,10.832500457763672,10.8725004196167,10.829999923706056,10.862500190734863,0,-0.002765591260245683,0.010906273724157943,0.00900039672851527,0.042500495910642755,0.34979800175976955
2025-12-11 09:42:00+05:30,10.850000381469728,10.875,10.832500457763672,10.832500457763672,0,0.0016141982546828669,0.006936514558380471,0.011500167846682174,0.042499542236328125,0.34693493062702807
2025-12-11 09:43:00+05:30,10.797499656677246,10.857500076293944,10.78499984741211,10.850000381469728,0,-0.004850521088753776,-0.002774631758834581,-0.035000419616698863,0.07250022888183416,0.8146089990388086
2025-12-11 09:44:00+05:30,10.84749984741211,10.850000381469728,10.782500267028809,10.797499656677246,0,0.004620030567512913,0.0025383794101777614,0.009499740600585227,0.06750011444091975,1.205358283251317
2025-12-11 09:45:00+05:30,10.925000190734863,10.927499771118164,10.837499618530272,10.84749984741211,0,0.007119133816494967,0.005737250289691275,0.07450008392333984,0.0900001525878924,1.4937761963252671
2025-12-11 09:46:00+05:30,10.907500267028809,10.949999809265137,10.880000114440918,10.925000190734863,0,-0.0016031079433841107,0.006899733606553007,0.04200019836425817,0.06999969482421875,1.102357001468811
2025-12-11 09:47:00+05:30,10.8774995803833,10.932499885559082,10.869999885559082,10.907500267028809,0,-0.00275425346071631,0.002531281891153639,0.0064996719360355115,0.0625,0.9881412793546684
2025-12-11 09:48:00+05:30,11.164999961853027,11.170000076293944,10.8149995803833,10.8774995803833,0,0.026087484839342458,0.03346928781924998,0.22049999237060547,0.35500049591064275,3.9444474467505564
2025-12-11 09:49:00+05:30,10.824999809265137,11.192500114440918,10.822500228881836,11.164999961853027,0,-0.03092562560675982,-0.0020763683550228383,-0.11500015258789098,0.36999988555908203,3.026581947678623
2025-12-11 09:50:00+05:30,10.869999885559082,10.880000114440918,10.81999969482422,10.824999809265137,0,0.004148434336270113,-0.005047067835247689,-0.05900001525878906,0.06000041961669744,0.4868184135979399
2025-12-11 09:51:00+05:30,10.859999656677246,10.885000228881836,10.850000381469728,10.869999885559082,0,-0.0009204077126990706,-0.004364367604562605,-0.059500122070312855,0.0349998474121076,0.285712951126723
2025-12-11 09:52:00+05:30,10.984999656677246,11.005000114440918,10.84000015258789,10.852499961853027,0,0.011444391690519149,0.009834277546672895,0.04399986267089773,0.16499996185302734,1.2244887848674832
2025-12-11 09:53:00+05:30,10.822500228881836,10.984999656677246,10.8100004196167,10.984999656677246,0,-0.014903353100093645,-0.031156560392763308,-0.04999961853027379,0.17499923706054688,1.2068914488287905
2025-12-11 09:54:00+05:30,10.822500228881836,10.859999656677246,10.8149995803833,10.822500228881836,0,0.0,-0.0002309347860034312,-0.04949970245361257,0.04500007629394531,0.3152370123232787
2025-12-11 09:55:00+05:30,10.77750015258789,10.859999656677246,10.774999618530272,10.817500114440918,0,-0.0041666796855443725,-0.008546048807817907,-0.07599983215331996,0.08500003814697443,0.5975399554438029
2025-12-11 09:56:00+05:30,10.829999923706056,10.852499961853027,10.789999961853027,10.789999961853027,0,0.004859412171057018,-0.002766228924061866,-0.017500114440915482,0.0625,0.44169612498188804
2025-12-11 09:57:00+05:30,10.857500076293944,10.859999656677246,10.802499771118164,10.824999809265137,0,0.0025360384854687984,-0.011674582129112343,0.03549995422363139,0.05749988555908203,0.40780065093351975
2025-12-11 09:58:00+05:30,10.832500457763672,10.914999961853027,10.832500457763672,10.857500076293944,0,-0.00230517556339716,0.0009235954075842442,0.008500289916991477,0.08249950408935547,0.7252710952971034
2025-12-11 09:59:00+05:30,10.802499771118164,10.857500076293944,10.792499542236328,10.837499618530272,0,-0.0027733492541923985,-0.0018497538466081492,-0.017500305175781605,0.06500053405761541,0.7807876609934764
2025-12-11 10:00:00+05:30,10.772500038146973,10.8149995803833,10.767499923706056,10.80500030517578,0,-0.002780973587093044,-0.00046404774815685557,-0.04650001525878977,0.04749965667724432,0.5792649950978548
2025-12-11 10:01:00+05:30,10.802499771118164,10.802499771118164,10.767499923706056,10.767499923706056,0,0.0027809735870930933,-0.002542486332120837,-0.011000251770019176,0.0349998474121076,0.4268280627239341
2025-12-11 10:02:00+05:30,10.787500381469728,10.827500343322754,10.772500038146973,10.795000076293944,0,-0.0013894758643476592,-0.006468000681937163,-0.01199970245361115,0.05500030517578125,0.774653184470405
2025-12-11 10:03:00+05:30,10.7475004196167,10.787500381469728,10.74250030517578,10.787500381469728,0,-0.003714883340255118,-0.007877708458795148,-0.034999656677246804,0.045000076293948865,0.7758634864365087
2025-12-11 10:04:00+05:30,10.6850004196167,10.767499923706056,10.682499885559082,10.7475004196167,0,-0.005832280388812426,-0.0109366395934153,-0.07399978637695348,0.08500003814697443,1.3709686102655616
2025-12-11 10:05:00+05:30,10.667499542236328,10.717499732971191,10.664999961853027,10.6875,0,-0.0016392348746523818,-0.009794900880974637,-0.0705005645751946,0.05249977111816406,0.8936137056480281
2025-12-11 10:06:00+05:30,11.00749969482422,11.015000343322754,10.635000228881836,10.65999984741211,0,0.031375137755396465,0.018799263287328786,0.22849960327148544,0.38000011444091797,4.198897531089265
2025-12-11 10:07:00+05:30,10.625,11.015000343322754,10.61750030517578,11.00749969482422,0,-0.03536711611294121,-0.015178376961264756,-0.12150001525878906,0.39750003814697443,3.1927716842196476
2025-12-11 10:08:00+05:30,10.672499656677246,10.672499656677246,10.614999771118164,10.625,0,0.004460592670583289,-0.007002900950426452,-0.05900020599365163,0.05749988555908203,0.4713104342109473
2025-12-11 10:09:00+05:30,10.645000457763672,10.682499885559082,10.635000228881836,10.65999984741211,0,-0.0025799661329284043,-0.003750586694542351,-0.07849941253662074,0.047499656677246094,0.39500774042914855
2025-12-11 10:10:00+05:30,10.6850004196167,10.6899995803833,10.635000228881836,10.642499923706056,0,0.003750586694542345,0.0016392348746523152,-0.04199962615966868,0.054999351501464844,0.4545404389742535
2025-12-11 10:11:00+05:30,10.697500228881836,10.699999809265137,10.649999618530272,10.692500114440918,0,0.001169162661981706,-0.028566740218762366,0.03250007629394602,0.05000019073486506,0.40816501298166596
2025-12-11 10:12:00+05:30,10.662500381469728,10.702500343322754,10.657500267028809,10.697500228881836,0,-0.0032771421101002525,0.0035232337840787466,-0.00999984741210902,0.04500007629394531,0.3703712425010903
2025-12-11 10:13:00+05:30,10.63249969482422,10.672499656677246,10.61750030517578,10.667499542236328,0,-0.0028176291510739627,-0.0037549880375785123,-0.03200054168700994,0.05499935150146662,0.4489748572211649
2025-12-11 10:14:00+05:30,10.604999542236328,10.65250015258789,10.579999923706056,10.61750030517578,0,-0.002589774591731579,-0.00376479649638179,-0.05150051116943288,0.07250022888183416,0.5979406904373529
2025-12-11 10:15:00+05:30,10.692500114440918,10.710000038146973,10.550000190734863,10.600000381469728,0,0.008217026970087953,0.0007016437791639085,0.0345001220703125,0.15999984741210938,1.2121212121212088
2025-12-11 10:16:00+05:30,10.550000190734863,10.72249984741211,10.542499542236328,10.69499969482422,0,-0.013416693820632231,-0.013884212703450102,-0.07849979400634766,0.18000030517578125,1.607147114621539
2025-12-11 10:17:00+05:30,10.595000267028809,10.604999542236328,10.5600004196167,10.582500457763672,0,0.004256338922338107,-0.006350731671011703,-0.01999969482421804,0.044999122619628906,0.5863093019210205
2025-12-11 10:18:00+05:30,10.572500228881836,10.595000267028809,10.557499885559082,10.585000038146973,0,-0.0021259049102507694,-0.005659007430188528,-0.0304998397827152,0.03750038146972656,0.5016783425553918
2025-12-11 10:19:00+05:30,10.557499885559082,10.600000381469728,10.55500030517578,10.585000038146973,0,-0.0014198150271095107,-0.004489047865566428,-0.03600025177001953,0.045000076293948865,0.6040287357205102
2025-12-11 10:20:00+05:30,10.557499885559082,10.585000038146973,10.55500030517578,10.5649995803833,0,0.0,-0.012706074835654347,-0.009000205993652699,0.029999732971193183,0.41666335529437504
2025-12-11 10:21:00+05:30,10.557499885559082,10.954999923706056,10.557499885559082,10.557499885559082,0,0.0,0.0007106189849779553,-0.010500144958495383,0.39750003814697443,3.723656680549666
2025-12-11 10:22:00+05:30,10.579999923706056,10.585000038146973,10.547499656677246,10.547499656677246,0,0.0021289222328184686,-0.0014167977045419196,0.014999961853028765,0.03750038146972656,0.35377736191958303
2025-12-11 10:23:00+05:30,10.56999969482422,10.59000015258789,10.5600004196167,10.574999809265137,0,-0.0009456482087403898,-0.00023654100303156534,0.00549983978271662,0.029999732971191406,0.2898525352076323
2025-12-11 10:24:00+05:30,10.574999809265137,10.59749984741211,10.5625,10.572500228881836,0,0.00047293588568281725,0.0016562099097606783,0.006999969482421875,0.034999847412109375,0.3508758511368544
2025-12-11 10:25:00+05:30,10.585000038146973,10.595000267028809,10.56999969482422,10.577500343322754,0,0.000945201294751516,0.00260141120451223,0.011500167846680398,0.025000572204588067,0.289861642619314
2025-12-11 10:26:00+05:30,10.697500228881836,10.704999923706056,10.574999809265137,10.59749984741211,0,0.010572182513960067,0.013173593718472196,0.09600028991699183,0.13000011444091975,1.6000014085036136
2025-12-11 10:27:00+05:30,10.574999809265137,10.71500015258789,10.56999969482422,10.697500228881836,0,-0.01151738380871163,-0.0004727123230576898,-0.025500106811524148,0.1450004577636701,1.5890437874348993
2025-12-11 10:28:00+05:30,10.585000038146973,10.625,10.567500114440918,10.574999809265137,0,0.000945201294751516,0.0014181371804341794,-0.018499946594237926,0.05749988555908203,0.6166202017185518
2025-12-11 10:29:00+05:30,10.59749984741211,10.619999885559082,10.582500457763672,10.585000038146973,0,0.0011802016554759412,0.0021254029502272885,-0.010500144958495383,0.037499427795410156,0.4053991358165968
2025-12-11 10:30:00+05:30,10.737500190734863,10.75749969482422,10.59749984741211,10.59749984741211,0,0.01312419522763158,0.014304396883107345,0.09900016784667898,0.15999984741211115,1.5165857926974926
2025-12-11 10:31:00+05:30,10.710000038146973,10.739999771118164,10.702500343322754,10.737500190734863,0,-0.0025644170523405133,0.0011677973168068877,0.06900005340576243,0.037499427795410156,0.5395603490861189
2025-12-11 10:32:00+05:30,10.697500228881836,10.727499961853027,10.6899995803833,10.710000038146973,0,-0.0011677973168067797,0.011517383808711626,0.0320001602172848,0.03750038146972656,0.5395740710247544
2025-12-11 10:33:00+05:30,10.704999923706056,10.712499618530272,10.69499969482422,10.697500228881836,0,0.0007008242100418346,0.01127300672400203,0.01549987792968821,0.017499923706051135,0.25640918154463643
2025-12-11 10:34:00+05:30,10.692500114440918,10.90250015258789,10.692500114440918,10.704999923706056,0,-0.0011683430928597948,0.008924461975666383,-0.015999984741210227,0.21000003814697266,2.4489798188074667
2025-12-11 10:35:00+05:30,10.917499542236328,10.922499656677246,10.6899995803833,10.692500114440918,0,0.020824392626387245,0.01662465937442192,0.17299957275390554,0.2325000762939453,2.1831001680795716
2025-12-11 10:36:00+05:30,10.897500038146973,10.9350004196167,10.897500038146973,10.922499656677246,0,-0.0018335558172929624,0.017355520609469478,0.11550006866455043,0.03750038146972656,0.385608096181381
2025-12-11 10:37:00+05:30,10.887499809265137,10.914999961853027,10.887499809265137,10.897500038146973,0,-0.0009180839710162575,0.017605233955260046,0.0674999237060554,0.027500152587890625,0.32163938375875106
2025-12-11 10:38:00+05:30,10.892499923706056,10.907500267028809,10.875,10.887499809265137,0,0.0004591473452769073,0.017363557090494915,0.03500003814697372,0.032500267028808594,0.3915695182680362
2025-12-11 10:39:00+05:30,10.904999732971191,10.925000190734863,10.885000228881836,10.892499923706056,0,0.0011469031615723596,0.019678803344927154,0.004999923706055398,0.039999961853027344,0.4804797580589742
2025-12-11 10:40:00+05:30,10.892499923706056,10.927499771118164,10.885000228881836,10.907500267028809,0,-0.0011469031615724756,-0.002292492443032426,-0.0024999618530259227,0.042499542236328125,0.5943990652659913
2025-12-11 10:41:00+05:30,10.8725004196167,10.897500038146973,10.852499961853027,10.890000343322754,0,-0.0018377679212248056,-0.002296704546964212,-0.01749954223632777,0.04500007629394531,0.622837735629896
2025-12-11 10:42:00+05:30,10.887499809265137,10.895000457763672,10.864999771118164,10.869999885559082,0,0.0013786205759479541,0.0,-0.0025001525878902697,0.030000686645507812,0.419589373817081
2025-12-11 10:43:00+05:30,10.885000228881836,10.90250015258789,10.885000228881836,10.885000228881836,0,-0.00022960894613876316,-0.0006887562914155245,-0.003499794006348367,0.017499923706054688,0.24475379901911745
2025-12-11 10:44:00+05:30,10.890000343322754,10.904999732971191,10.88249969482422,10.885000228881836,0,0.00045925275751158905,-0.0013764066954764698,0.004500198364258523,0.02250003814697088,0.42654011299431804
2025-12-11 10:45:00+05:30,10.885000228881836,10.895000457763672,10.8774995803833,10.890000343322754,0,-0.00045925275751159224,-0.0006887562914155245,0.0010000228881832385,0.017500877380371094,0.5600246580526274
2025-12-11 10:46:00+05:30,10.892499923706056,10.895000457763672,10.880000114440918,10.885000228881836,0,0.0006887562914156682,0.0018377679212247889,0.004499816894533382,0.015000343322753906,0.517249884079993
2025-12-11 10:47:00+05:30,10.6899995803833,10.899999618530272,10.677499771118164,10.892499923706056,0,-0.018765786221442423,-0.01830663887616557,-0.15850048065185618,0.2224998474121076,4.587610925729654
2025-12-11 10:48:00+05:30,10.697500228881836,10.710000038146973,10.670000076293944,10.6899995803833,0,0.0007014049209056058,-0.01737562500912132,-0.1134998321533196,0.03999996185302912,0.8121798905940265
2025-12-11 10:49:00+05:30,10.697500228881836,10.704999923706056,10.6875,10.697500228881836,0,0.0,-0.017834877766632874,-0.07499980926513672,0.017499923706056464,0.372337835205544
2025-12-11 10:50:00+05:30,10.672499656677246,10.710000038146973,10.672499656677246,10.692500114440918,0,-0.0023397832235956817,-0.01971540823271701,-0.05750026702880895,0.03750038146972656,0.8064562439754712
2025-12-11 10:51:00+05:30,10.739999771118164,10.802499771118164,10.672499656677246,10.675000190734863,0,0.006304760288496755,-0.014099404235635797,0.04049987792968679,0.13000011444091797,2.3636294278496113
2025-12-11 10:52:00+05:30,10.789999961853027,10.802499771118164,10.744999885559082,10.744999885559082,0,0.004644707965082216,0.009311089950888687,0.07049999237060511,0.05749988555908203,0.9956667778596128
2025-12-11 10:53:00+05:30,10.800000190734863,10.8149995803833,10.782500267028809,10.78499984741211,0,0.0009263760561666113,0.009536061086149916,0.06000022888183665,0.03249931335449219,0.548510982130498
2025-12-11 10:54:00+05:30,10.802499771118164,10.817500114440918,10.787500381469728,10.797499656677246,0,0.00023141584528363503,0.009767476931433629,0.041499900817871804,0.02999973297118963,0.49999523163142
2025-12-11 10:55:00+05:30,10.774999618530272,10.817500114440918,10.774999618530272,10.802499771118164,0,-0.0025489670495051913,0.009558293105524081,-0.006500244140626776,0.04250049591064631,0.6800079345703389
2025-12-11 10:56:00+05:30,10.782500267028809,10.792499542236328,10.772500038146973,10.78499984741211,0,0.0006958737182912795,0.003949406535318535,-0.00749969482421875,0.01999950408935547,0.31745286874699047
2025-12-11 10:57:00+05:30,10.682499885559082,10.792499542236328,10.667499542236328,10.78499984741211,0,-0.00931759648177019,-0.010012897911533765,-0.0860000610351559,0.125,2.347420867316404
2025-12-11 10:58:00+05:30,10.69499969482422,10.69499969482422,10.667499542236328,10.6850004196167,0,0.0011694361768249193,-0.009769837790875514,-0.052500152587889204,0.0275001525878924,0.5288495925789701
2025-12-11 10:59:00+05:30,10.68000030517578,10.699999809265137,10.670000076293944,10.692500114440918,0,-0.0014034518933742641,-0.011404705529533373,-0.042999649047853694,0.029999732971193183,0.5633759935239906
2025-12-11 11:00:00+05:30,10.6850004196167,10.702500343322754,10.672499656677246,10.677499771118164,0,0.0004680659361182168,-0.008387672543910124,-0.01999969482421804,0.030000686645507812,0.5714420656055706
2025-12-11 11:01:00+05:30,10.702500343322754,10.807499885559082,10.672499656677246,10.692500114440918,0,0.0016364630730296343,-0.007447083189171825,0.013500213623046875,0.13500022888183594,2.547175413184087
2025-12-11 11:02:00+05:30,10.779999732971191,10.807499885559082,10.6875,10.702500343322754,0,0.007215149594382167,0.009085662886980523,0.07149963378906321,0.11999988555908203,2.0253154369761712
2025-12-11 11:03:00+05:30,10.802499771118164,10.824999809265137,10.770000457763672,10.770000457763672,0,0.002085026926003668,0.010001253636159217,0.07249965667724645,0.054999351501464844,0.8942987312250094
2025-12-11 11:04:00+05:30,10.8149995803833,10.837499618530272,10.792499542236328,10.800000190734863,0,0.0011564529694185657,0.012561158498951968,0.057999610900878906,0.045000076293943536,0.714286795548883
2025-12-11 11:05:00+05:30,10.800000190734863,10.837499618530272,10.787500381469728,10.827500343322754,0,-0.0013878688147021443,0.01070522374813152,0.020000267028809304,0.04999923706054332,0.784303165755572
2025-12-11 11:06:00+05:30,10.78499984741211,10.800000190734863,10.779999732971191,10.795000076293944,0,-0.0013898860978484038,0.007678874577253636,-0.011499977111816051,0.020000457763671875,0.31373276466901223
2025-12-11 11:07:00+05:30,10.770000457763672,10.800000190734863,10.762499809265137,10.797499656677246,0,-0.0013917320210740298,-0.0009280070382023676,-0.024499511718749645,0.03750038146972656,0.6818248811808933
2025-12-11 11:08:00+05:30,10.795000076293944,10.80500030517578,10.755000114440918,10.755000114440918,0,0.0023185373624097596,-0.0006944966017963202,0.0020000457763647006,0.050000190734861505,0.8733654278622482
2025-12-11 11:09:00+05:30,10.760000228881836,10.800000190734863,10.725000381469728,10.782500267028809,0,-0.0032474950291124347,-0.005098444600327278,-0.021999931335448863,0.07499980926513494,1.2145712097063035
2025-12-11 11:10:00+05:30,10.75,10.767499923706056,10.720000267028809,10.760000228881836,0,-0.0009298214315124091,-0.004640397217137494,-0.02200012207031321,0.04749965667724787,0.7480269432075396
2025-12-11 11:11:00+05:30,10.725000381469728,10.75749969482422,10.72249984741211,10.75,0,-0.002328254191318743,-0.005578765310607911,-0.0349998474121076,0.03499984741211115,0.6542041081166271
2025-12-11 11:12:00+05:30,10.744999885559082,10.755000114440918,10.72249984741211,10.72249984741211,0,0.001863019061500132,-0.002324014228033781,-0.010000228881835938,0.032500267028808594,0.7262641266566874
2025-12-11 11:13:00+05:30,10.725000381469728,10.760000228881836,10.712499618530272,10.7524995803833,0,-0.0018630190615000638,-0.0065055706519436644,-0.01599979400634588,0.047500610351564276,1.0795580158396931
2025-12-11 11:14:00+05:30,10.717499732971191,10.729999542236328,10.712499618530272,10.725000381469728,0,-0.0006996058075724602,-0.003957681430403667,-0.015000343322753906,0.017499923706056464,0.4242401823655231
2025-12-11 11:15:00+05:30,10.699999809265137,10.72249984741211,10.699999809265137,10.717499732971191,0,-0.0016341709326083353,-0.004662030931499662,-0.022500228881835227,0.022500038146972656,0.5844147801725472
2025-12-11 11:16:00+05:30,10.702500343322754,10.729999542236328,10.675000190734863,10.710000038146973,0,0.00023366747353501267,-0.002100109266645839,-0.015499687194823863,0.054999351501464844,1.3095081312073857
2025-12-11 11:17:00+05:30,10.609999656677246,10.707500457763672,10.609999656677246,10.707500457763672,0,-0.008680470848228206,-0.012643599176374193,-0.08100032806396484,0.09750080108642578,2.0312645907052462
2025-12-11 11:18:00+05:30,10.6274995803833,10.63249969482422,10.612500190734863,10.612500190734863,0,0.001648021499282417,-0.009132558615591773,-0.044000244140624645,0.019999504089357245,0.44443361258345254
2025-12-11 11:19:00+05:30,10.6274995803833,10.647500038146973,10.6274995803833,10.63249969482422,0,0.0,-0.008432952808019256,-0.026000213623046164,0.020000457763671875,0.5063401160825405
2025-12-11 11:20:00+05:30,10.744999885559082,10.7524995803833,10.625,10.625,0,0.010995577677091858,0.004196795801680978,0.08250007629394496,0.12749958038330078,2.684199536615001
2025-12-11 11:21:00+05:30,10.63249969482422,10.7475004196167,10.63249969482422,10.737500190734863,0,-0.010525200000368018,-0.006562071672222091,-0.015999984741210227,0.11500072479247869,2.0720804315065333
2025-12-11 11:22:00+05:30,10.654999732971191,10.654999732971191,10.630000114440918,10.63249969482422,0,0.002113921045733327,0.004232320221739372,-0.002499961853027699,0.024999618530273438,0.4566135280510547
2025-12-11 11:23:00+05:30,10.640000343322754,10.654999732971191,10.63249969482422,10.654999732971191,0,-0.0014087243085444995,0.0011755744139125858,-0.01999950408935547,0.02250003814697088,0.43062270821580123
2025-12-11 11:24:00+05:30,10.635000228881836,10.649999618530272,10.6225004196167,10.640000343322754,0,-0.00047004600690942887,0.0007055284070032566,-0.02649974822998047,0.027499198913572442,0.5164175469136432
2025-12-11 11:25:00+05:30,10.640000343322754,10.649999618530272,10.630000114440918,10.635000228881836,0,0.00047004600690944275,-0.009820003263179208,-0.000499725341796875,0.019999504089353692,0.37735000287899373
2025-12-11 11:26:00+05:30,10.63249969482422,10.654999732971191,10.625,10.640000343322754,0,-0.0007051967371887214,0.0,-0.008000373840330255,0.029999732971191406,0.5940551054708956
2025-12-11 11:27:00+05:30,10.630000114440918,10.645000457763672,10.6225004196167,10.63249969482422,0,-0.00023511632378500987,-0.0023490373695183135,-0.0055000305175774145,0.022500038146972656,0.5232586507454278
2025-12-11 11:28:00+05:30,10.63249969482422,10.637499809265137,10.625,10.630000114440918,0,0.0002351163237849849,-0.0007051967371887214,-0.0015003204345678256,0.012499809265136719,0.29585438194943414
2025-12-11 11:29:00+05:30,10.625,10.637499809265137,10.61750030517578,10.63249969482422,0,-0.0007056046330046757,-0.0009407553632840342,-0.006999969482421875,0.019999504089357245,0.4733635651583588
2025-12-11 11:30:00+05:30,10.647500038146973,10.65250015258789,10.61750030517578,10.625,0,0.0021154115874674547,0.000704610217274061,0.01400012969970632,0.03499984741211115,1.0606078120846365
2025-12-11 11:31:00+05:30,10.645000457763672,10.65250015258789,10.640000343322754,10.647500038146973,0,-0.00023478504981259887,0.0011750219046501862,0.00900039672851527,0.012499809265136719,0.5494491674631563
2025-12-11 11:32:00+05:30,10.640000343322754,10.65250015258789,10.63249969482422,10.645000457763672,0,-0.00046982516746143637,0.0009403130609738843,0.002000236511230824,0.0200004577636701,0.8989053003351166
2025-12-11 11:33:00+05:30,10.6274995803833,10.647500038146973,10.6225004196167,10.640000343322754,0,-0.0011755744139125726,-0.00047037767672384435,-0.009500503540039062,0.024999618530273438,1.1111064015564223
2025-12-11 11:34:00+05:30,10.6225004196167,10.635000228881836,10.614999771118164,10.6274995803833,0,-0.0004705092573014471,-0.00023528230102055214,-0.01399974822998118,0.020000457763671875,0.9195664374912305
2025-12-11 11:35:00+05:30,10.61750030517578,10.6274995803833,10.604999542236328,10.6225004196167,0,-0.0004708205614558773,-0.002821514449943847,-0.012999916076662288,0.022500038146972656,1.0227321987463396
2025-12-11 11:36:00+05:30,10.710000038146973,10.717499732971191,10.592499732971191,10.61750030517578,0,0.008674276073462207,0.006087546673330942,0.06649990081787038,0.125,3.9682592544375965
2025-12-11 11:37:00+05:30,10.614999771118164,10.720000267028809,10.604999542236328,10.710000038146973,0,-0.008909814428360615,-0.002352442587568371,-0.023500251770020242,0.11500072479248047,2.8221018266068985
2025-12-11 11:38:00+05:30,10.642499923706056,10.649999618530272,10.604999542236328,10.619999885559082,0,0.0025873379582658485,0.001410469784609898,0.0009998321533224441,0.045000076293943536,1.0227277653270044
2025-12-11 11:39:00+05:30,10.6274995803833,10.645000457763672,10.625,10.642499923706056,0,-0.0014104697846099947,0.0004705092573014272,-0.015000343322753906,0.020000457763671875,0.4545543213221368
2025-12-11 11:40:00+05:30,10.625,10.640000343322754,10.619999885559082,10.6274995803833,0,-0.00023522695628077248,0.0007061028624765533,-0.018999862670899148,0.020000457763671875,0.4705966830249093
2025-12-11 11:41:00+05:30,10.630000114440918,10.645000457763672,10.612500190734863,10.625,0,0.0004704883092195211,-0.007497684901766108,0.002000236511230824,0.032500267028808594,0.7303388846146486
2025-12-11 11:42:00+05:30,10.625,10.642499923706056,10.61750030517578,10.637499809265137,0,-0.0004704883092196781,0.0009416412173749028,-0.004999923706055398,0.02499961853027699,0.5555449592147608
2025-12-11 11:43:00+05:30,10.635000228881836,10.642499923706056,10.619999885559082,10.625,0,0.0009407553632840363,-0.0007049413776068102,0.006500244140625,0.022500038146974433,0.5027917483590844
2025-12-11 11:44:00+05:30,10.63249969482422,10.642499923706056,10.619999885559082,10.635000228881836,0,-0.00023515073027930347,0.00047037767672386245,0.0029996871948263504,0.022500038146974433,0.4999989403659464
2025-12-11 11:45:00+05:30,10.63249969482422,10.640000343322754,10.6225004196167,10.63249969482422,0,0.0,0.0007056046330046826,0.0014997482299801135,0.017499923706054688,0.39325529662378605
2025-12-11 11:46:00+05:30,10.6274995803833,10.642499923706056,10.614999771118164,10.635000228881836,0,-0.00047037767672384435,-0.00023526135293887166,-0.003000259399415839,0.0275001525878924,0.7913673013486197
2025-12-11 11:47:00+05:30,10.6274995803833,10.800000190734863,10.607500076293944,10.6274995803833,0,0.0,0.0002352269562808721,-0.0035001754760752846,0.19250011444091975,4.529402260987368
2025-12-11 11:48:00+05:30,10.63249969482422,10.637499809265137,10.614999771118164,10.6274995803833,0,0.00047037767672386245,-0.00023515073027930347,0.0020000457763682533,0.022500038146972656,0.5590056225165886
2025-12-11 11:49:00+05:30,10.635000228881836,10.645000457763672,10.612500190734863,10.6274995803833,0,0.000235150730279317,0.000235150730279317,0.004000473022461648,0.032500267028808594,0.7831372368783694
2025-12-11 11:50:00+05:30,10.6274995803833,10.642499923706056,10.609999656677246,10.635000228881836,0,-0.0007055284070031686,-0.00047037767672384435,-0.0025001525878902697,0.03250026702881037,0.7602388754916348
2025-12-11 11:51:00+05:30,10.640000343322754,10.642499923706056,10.61750030517578,10.6274995803833,0,0.0011755744139125858,0.0011755744139125858,0.0075004577636725855,0.02499961853027699,0.5952289045009498
2025-12-11 11:52:00+05:30,10.6274995803833,10.645000457763672,10.612500190734863,10.640000343322754,0,-0.0011755744139125726,0.0,-0.0050003051757805395,0.032500267028808594,0.7602388754915933
2025-12-11 11:53:00+05:30,10.6274995803833,10.640000343322754,10.612500190734863,10.6274995803833,0,0.0,-0.00047037767672384435,-0.004000282287597301,0.027500152587890625,0.6358404445326297
2025-12-11 11:54:00+05:30,10.647500038146973,10.649999618530272,10.619999885559082,10.625,0,0.0018801846311865685,0.0011746562241834097,0.013500213623046875,0.02999973297118963,0.6818112854213204
2025-12-11 11:55:00+05:30,10.65250015258789,10.65999984741211,10.6274995803833,10.647500038146973,0,0.00046949431812107765,0.0023496789493075813,0.013500213623046875,0.032500267028808594,0.7142902056788465
2025-12-11 11:56:00+05:30,10.61750030517578,10.664999961853027,10.61750030517578,10.65250015258789,0,-0.0032910087680648953,-0.002116904232669865,-0.0169996261596701,0.04749965667724787,0.9999919690648602
2025-12-11 11:57:00+05:30,10.600000381469728,10.63249969482422,10.59000015258789,10.61750030517578,0,-0.0016495748422730133,-0.0025909046610302867,-0.02899971008300639,0.0424995422363299,1.307678990102348
2025-12-11 11:58:00+05:30,10.6225004196167,10.647500038146973,10.600000381469728,10.602499961853027,0,0.0021203954037289307,-0.0004705092573014471,-0.005499839782714844,0.04749965667724432,1.3571352666613272
2025-12-11 11:59:00+05:30,10.625,10.645000457763672,10.604999542236328,10.625,0,0.00023528230102049815,-0.002115411587467349,0.0014997482299801135,0.04000091552734375,1.1189064892521428
2025-12-11 12:00:00+05:30,10.614999771118164,10.65999984741211,10.604999542236328,10.625,0,-0.0009416412173749658,-0.0035265471229633067,-0.0010004043579101562,0.05500030517578125,1.4473760161020195
2025-12-11 12:01:00+05:30,10.637499809265137,10.637499809265137,10.614999771118164,10.614999771118164,0,0.002117402375964817,0.0018818640210663006,0.017499732971192117,0.022500038146972656,0.5960266573699341
2025-12-11 12:02:00+05:30,10.642499923706056,10.65250015258789,10.625,10.637499809265137,0,0.000469935582300924,0.004001374445640199,0.013999938964845526,0.027500152587890625,0.7382582982373046
2025-12-11 12:03:00+05:30,10.625,10.664999961853027,10.612500190734863,10.642499923706056,0,-0.00164569674089083,0.00023528230102049815,-0.003999900817870383,0.05249977111816406,1.3207488321989207
2025-12-11 12:04:00+05:30,10.63249969482422,10.635000228881836,10.59749984741211,10.6274995803833,0,0.0007056046330046826,0.0007056046330046826,0.0019998550415056826,0.03750038146972656,0.9259337750839427
2025-12-11 12:05:00+05:30,10.649999618530272,10.675000190734863,10.619999885559082,10.63249969482422,0,0.0016445368931945058,0.003291782743573982,0.012499809265134942,0.05500030517578125,1.2865546649652944
2025-12-11 12:06:00+05:30,10.647500038146973,10.657500267028809,10.619999885559082,10.647500038146973,0,-0.00023472993873177575,0.0009396504288774024,0.00800018310546946,0.03750038146972656,0.898209611176339
2025-12-11 12:07:00+05:30,10.642499923706056,10.649999618530272,10.625,10.640000343322754,0,-0.00046971484657651314,0.0,0.003000068664553268,0.02499961853027166,0.6249880791164807
2025-12-11 12:08:00+05:30,10.635000228881836,10.649999618530272,10.625,10.6274995803833,0,-0.0007049413776068102,0.0009407553632840363,-0.0064996719360355115,0.02499961853027166,0.6622389405793361
2025-12-11 12:09:00+05:30,10.65250015258789,10.662500381469728,10.63249969482422,10.642499923706056,0,0.0016441505423043143,0.001879301272583646,0.007000160217284446,0.030000686645507812,0.81634241850979
2025-12-11 12:10:00+05:30,10.635000228881836,10.65999984741211,10.630000114440918,10.657500267028809,0,-0.0016441505423043642,-0.0014093861629151398,-0.007499885559081321,0.029999732971191406,0.8759028562836662
2025-12-11 12:11:00+05:30,10.6274995803833,10.647500038146973,10.6225004196167,10.635000228881836,0,-0.0007055284070031686,-0.0018801846311864948,-0.011000442504883523,0.024999618530273438,0.7246260632078336
2025-12-11 12:12:00+05:30,10.649999618530272,10.657500267028809,10.6225004196167,10.6225004196167,0,0.002114914569918364,0.0007044447853083017,0.009999656677244673,0.034999847412109375,0.9929035801343632
2025-12-11 12:13:00+05:30,10.65250015258789,10.664999961853027,10.637499809265137,10.649999618530272,0,0.00023476437938938394,0.0016441505423043143,0.009000205993652699,0.027500152587890625,0.8396984353933739
2025-12-11 12:14:00+05:30,10.68000030517578,10.734999656677246,10.647500038146973,10.65250015258789,0,0.002578241390490527,0.002578241390490527,0.031000328063962357,0.08749961853027344,2.317873266016084
2025-12-11 12:15:00+05:30,10.6850004196167,10.692500114440918,10.675000190734863,10.68000030517578,0,0.0004680659361182168,0.004690457868913206,0.02600040435791051,0.017499923706054688,0.5147048511282889
2025-12-11 12:16:00+05:30,10.662500381469728,10.6850004196167,10.662500381469728,10.6850004196167,0,-0.0021079794481185556,0.0032880068277977947,-0.0034997940063465904,0.02250003814697088,0.6923113038680734
2025-12-11 12:17:00+05:30,10.657500267028809,10.682499885559082,10.645000457763672,10.662500381469728,0,-0.0004690538818482981,0.0007040383760313221,-0.010000038146973367,0.037499427795410156,1.1110985523873154
2025-12-11 12:18:00+05:30,10.664999961853027,10.682499885559082,10.647500038146973,10.657500267028809,0,0.0007034536337655374,0.0011727276304074128,-0.0050003051757805395,0.034999847412109375,1.0071930599732748
2025-12-11 12:19:00+05:30,10.65999984741211,10.667499542236328,10.63249969482422,10.664999961853027,0,-0.0004689439228389277,-0.0018744576829221734,-0.006000328063965554,0.0349998474121076,0.9929089526839251
2025-12-11 12:20:00+05:30,10.662500381469728,10.6850004196167,10.642499923706056,10.65999984741211,0,0.0002345441709219612,-0.0021079794481185556,0.001000213623049362,0.042500495910642755,1.1644009207559078
2025-12-11 12:21:00+05:30,10.654999732971191,10.670000076293944,10.6274995803833,10.662500381469728,0,-0.0007037081053406835,-0.0007037081053406835,-0.0050003051757805395,0.042500495910642755,1.1111249626009514
2025-12-11 12:22:00+05:30,10.640000343322754,10.657500267028809,10.6274995803833,10.654999732971191,0,-0.0014087243085444995,-0.0016433785320370204,-0.016499710083007102,0.030000686645507812,0.7947190517332998
2025-12-11 12:23:00+05:30,10.642499923706056,10.649999618530272,10.63249969482422,10.640000343322754,0,0.00023489537069740216,-0.0021119367951049424,-0.009500122070312145,0.017499923706051135,0.47618800473325185
2025-12-11 12:24:00+05:30,10.657500267028809,10.65999984741211,10.637499809265137,10.642499923706056,0,0.001408483161339571,-0.00023450971092648656,0.006000137329099431,0.022500038146972656,0.7438011317959247
2025-12-11 12:25:00+05:30,10.642499923706056,10.662500381469728,10.630000114440918,10.657500267028809,0,-0.0014084831613395972,-0.001877537043187843,-0.005000114440916192,0.03250026702881037,1.0236270139732435
2025-12-11 12:26:00+05:30,10.65999984741211,10.662500381469728,10.63249969482422,10.642499923706056,0,0.001642992872265949,0.0004691639344189425,0.01149978637695348,0.030000686645507812,0.9230931749557847
2025-12-11 12:27:00+05:30,10.664999961853027,10.692500114440918,10.640000343322754,10.65999984741211,0,0.0004689439228389479,0.002346832165802491,0.011499977111816051,0.05249977111816406,1.544101560089565
2025-12-11 12:28:00+05:30,10.677499771118164,10.699999809265137,10.65250015258789,10.657500267028809,0,0.0011713539511066613,0.003283290746211583,0.016999816894530895,0.047499656677246094,1.347500845451498
2025-12-11 12:29:00+05:30,10.672499656677246,10.6899995803833,10.662500381469728,10.677499771118164,0,-0.00046839481651924324,0.0014064127683528613,0.008999824523925781,0.027499198913572442,0.7970754091109777
2025-12-11 12:30:00+05:30,10.699999809265137,10.710000038146973,10.667499542236328,10.672499656677246,0,0.0025734161611084337,0.005388312090800905,0.025000000000000355,0.04250049591064453,1.2318940734188604
2025-12-11 12:31:00+05:30,10.707500457763672,10.71500015258789,10.682499885559082,10.699999809265137,0,0.0007007496169013282,0.004446068835436096,0.023000526428223367,0.032500267028808594,0.9701543524428327
2025-12-11 12:32:00+05:30,10.6875,10.71500015258789,10.68000030517578,10.707500457763672,0,-0.0018696389961948892,0.002107485916402179,-0.0014999389648444605,0.03499984741211115,1.0294068148414672
2025-12-11 12:33:00+05:30,10.6875,10.712499618530272,10.672499656677246,10.6899995803833,0,0.0,0.0009361319652956044,-0.0034999847412109375,0.03999996185302557,1.1034466429365823
2025-12-11 12:34:00+05:30,10.667499542236328,10.692500114440918,10.662500381469728,10.692500114440918,0,-0.0018731410948532533,-0.00046861431303847953,-0.022500419616699574,0.02999973297118963,0.8108038445973892
2025-12-11 12:35:00+05:30,10.664999961853027,10.670000076293944,10.662500381469728,10.664999961853027,0,-0.00023434482154904892,-0.003276375295695855,-0.01800003051757848,0.007499694824215197,0.21738289132504152
2025-12-11 12:36:00+05:30,10.862500190734863,10.862500190734863,10.662500381469728,10.664999961853027,0,0.01834915980405469,0.014372034891457573,0.14850025177002024,0.19999980926513494,3.8835032360212542
2025-12-11 12:37:00+05:30,10.69499969482422,10.862500190734863,10.65999984741211,10.862500190734863,0,-0.015540194150597255,0.0007014797370552635,-0.020500183105466974,0.2025003433227539,3.045122486383272
2025-12-11 12:38:00+05:30,10.675000190734863,10.699999809265137,10.675000190734863,10.69499969482422,0,-0.0018717370178112619,-0.0011702572807559812,-0.03799972534179652,0.024999618530273438,0.38909974484533183
2025-12-11 12:39:00+05:30,10.675000190734863,10.697500228881836,10.670000076293944,10.675000190734863,0,0.0,0.0007028838140972072,-0.03949985504150355,0.0275001525878924,0.4280179899363539
2025-12-11 12:40:00+05:30,10.692500114440918,10.692500114440918,10.664999961853027,10.682499885559082,0,0.0016379948397189862,0.002575223475365272,-0.027499961853028054,0.027500152587890625,0.4382497366945284
2025-12-11 12:41:00+05:30,10.6875,10.6875,10.672499656677246,10.68000030517578,0,-0.0004677375589628932,-0.016241673887652505,0.002499961853027699,0.015000343322753906,0.24590740598876756
2025-12-11 12:42:00+05:30,10.6875,10.6875,10.670000076293944,10.682499885559082,0,0.0,-0.0007014797370551559,0.003999900817870383,0.017499923706056464,0.29535749523970684
2025-12-11 12:43:00+05:30,10.702500343322754,10.702500343322754,10.675000190734863,10.682499885559082,0,0.001402556852828655,0.0025728141335846213,0.013500213623046875,0.027500152587890625,0.47414062422925307
2025-12-11 12:44:00+05:30,10.704999923706056,10.71500015258789,10.692500114440918,10.712499618530272,0,0.00023352379899415284,0.00280633793257886,0.009999847412110796,0.022500038146972656,0.39301360963502313
2025-12-11 12:45:00+05:30,10.692500114440918,10.707500457763672,10.6899995803833,10.704999923706056,0,-0.0011683430928597948,0.0,-0.002499961853027699,0.017500877380371094,0.3004435188777932
2025-12-11 12:46:00+05:30,10.710000038146973,10.71500015258789,10.6875,10.69499969482422,0,0.0016353161996246932,0.0021030537585876334,0.010499954223632812,0.027500152587890625,0.6707325583018099
2025-12-11 12:47:00+05:30,10.710000038146973,10.727499961853027,10.702500343322754,10.710000038146973,0,0.0,0.0021030537585876334,0.0059999465942386365,0.024999618530273438,1.0752476465883058
2025-12-11 12:48:00+05:30,10.720000267028809,10.725000381469728,10.702500343322754,10.710000038146973,0,0.0009332925305932063,0.0016337894363522227,0.012500190734863637,0.022500038146974433,0.9782563626262083
2025-12-11 12:49:00+05:30,10.710000038146973,10.737500190734863,10.710000038146973,10.720000267028809,0,-0.000933292530593196,0.00046697310676494614,0.0014999389648444605,0.027500152587890625,1.1956512725252122
2025-12-11 12:50:00+05:30,10.697500228881836,10.707500457763672,10.6875,10.704999923706056,0,-0.0011677973168067797,0.0004675188828180009,-0.011999893188477273,0.020000457763671875,0.8988898889888846
2025-12-11 12:51:00+05:30,10.682499885559082,10.702500343322754,10.68000030517578,10.699999809265137,0,-0.0014032128815505771,-0.002571010198357405,-0.02150020599365199,0.022500038146974433,0.9782563626262083
2025-12-11 12:52:00+05:30,10.675000190734863,10.6875,10.670000076293944,10.682499885559082,0,-0.0007023008409862964,-0.003273311039343638,-0.021999931335448863,0.017499923706056464,0.7608614527271363
2025-12-11 12:53:00+05:30,10.697500228881836,10.697500228881836,10.670000076293944,10.682499885559082,0,0.0021055137225367386,-0.0021010898473999766,0.005000114440917969,0.0275001525878924,1.195651272525271
2025-12-11 12:54:00+05:30,10.6850004196167,10.697500228881836,10.6850004196167,10.697500228881836,0,-0.001169162661981697,-0.0023369599787884795,-0.002499771118163352,0.012499809265136719,0.5681699958385168
2025-12-11 12:55:00+05:30,10.69499969482422,10.699999809265137,10.6850004196167,10.6899995803833,0,0.0009353859572560281,-0.00023377670472558956,0.007999610900879972,0.0149993896484375,0.6896279569420772
2025-12-11 12:56:00+05:30,10.699999809265137,10.707500457763672,10.6899995803833,10.69499969482422,0,0.0004674096422382817,0.0016368458190633302,0.009499740600585227,0.017500877380371094,0.8434139167202579
2025-12-11 12:57:00+05:30,10.692500114440918,10.704999923706056,10.692500114440918,10.702500343322754,0,-0.0007011518203306036,0.0016379948397189862,-0.0014999389648444605,0.012499809265138495,0.6410137279739264
2025-12-11 12:58:00+05:30,10.707500457763672,10.707500457763672,10.677499771118164,10.699999809265137,0,0.0014019014372320406,0.0009343825544140861,0.011500358581542969,0.030000686645507812,1.4815059009691576
2025-12-11 12:59:00+05:30,10.677499771118164,10.699999809265137,10.675000190734863,10.699999809265137,0,-0.0028057709614904836,-0.0007022257450947126,-0.017000198364257812,0.024999618530273438,1.2499761582329947
2025-12-11 13:00:00+05:30,10.667499542236328,10.682499885559082,10.664999961853027,10.677499771118164,0,-0.0009370091295576753,-0.0025746208319084502,-0.021500396728516336,0.017499923706054688,0.886071059518834
2025-12-11 13:01:00+05:30,10.662500381469728,10.6850004196167,10.640000343322754,10.667499542236328,0,-0.0004687445734661614,-0.003510775047612932,-0.018999671936033025,0.04500007629394531,2.0454555306540403
2025-12-11 13:02:00+05:30,10.647500038146973,10.682499885559082,10.647500038146973,10.675000190734863,0,-0.0014078221966112973,-0.004217445423893677,-0.025000000000000355,0.034999847412109375,1.4736766022719296
2025-12-11 13:03:00+05:30,10.682499885559082,10.682499885559082,10.647500038146973,10.647500038146973,0,0.003281751425160956,-0.002337595435964686,0.014999961853026988,0.034999847412109375,1.4285658677856345
2025-12-11 13:04:00+05:30,10.6850004196167,10.6875,10.65999984741211,10.682499885559082,0,0.0002340502195688143,0.0007022257450947279,0.016000366210937145,0.027500152587890625,1.0576972453508346
2025-12-11 13:05:00+05:30,10.667499542236328,10.6850004196167,10.654999732971191,10.6850004196167,0,-0.0016392348746523818,0.0,-0.001500511169433949,0.030000686645507812,1.0909280066583367
2025-12-11 13:06:00+05:30,10.829999923706056,10.850000381469728,10.654999732971191,10.667499542236328,0,0.01511836080018834,0.015587105373654615,0.12749996185302948,0.19500064849853693,4.309394244671036
2025-12-11 13:07:00+05:30,10.672499656677246,10.829999923706056,10.65999984741211,10.829999923706056,0,-0.014649746487150011,0.002345181083115822,-0.03500022888183629,0.1700000762939471,2.7868793511279253
2025-12-11 13:08:00+05:30,10.672499656677246,10.677499771118164,10.65999984741211,10.672499656677246,0,0.0,-0.0009365703420450895,-0.03300018310546804,0.017499923706054688,0.2928853597222759
2025-12-11 13:09:00+05:30,10.645000457763672,10.675000190734863,10.645000457763672,10.672499656677246,0,-0.0025799661329284043,-0.003750586694542351,-0.052499389648437145,0.029999732971191406,0.4979201225766391
2025-12-11 13:10:00+05:30,10.654999732971191,10.672499656677246,10.635000228881836,10.645000457763672,0,0.0009388991410831356,-0.001172452678806871,-0.040000152587889914,0.037499427795410156,0.6024000404449523
2025-12-11 13:11:00+05:30,10.670000076293944,10.675000190734863,10.6225004196167,10.654999732971191,0,0.0014068319747661746,-0.01488398150422907,0.007000160217282669,0.05249977111816406,0.8333295489121256
2025-12-11 13:12:00+05:30,10.642499923706056,10.675000190734863,10.63249969482422,10.670000076293944,0,-0.0025806609126134234,-0.002814895929692396,-0.014500045776365766,0.042500495910642755,0.6666736478036048
2025-12-11 13:13:00+05:30,10.637499809265137,10.649999618530272,10.614999771118164,10.642499923706056,0,-0.0004699355823008893,-0.0032848315119932757,-0.012500190734863637,0.0349998474121076,0.5490165572622494
2025-12-11 13:14:00+05:30,10.635000228881836,10.65250015258789,10.614999771118164,10.637499809265137,0,-0.00023500579530586133,-0.0009398711743707365,-0.012999725341796164,0.03750038146972656,0.5791555834415881
2025-12-11 13:15:00+05:30,10.630000114440918,10.649999618530272,10.609999656677246,10.635000228881836,0,-0.0004702670540643476,-0.0023490373695183135,-0.012999916076660512,0.03999996185302557,0.6083641917558804
2025-12-11 13:16:00+05:30,10.6274995803833,10.640000343322754,10.609999656677246,10.630000114440918,0,-0.00023526135293887166,-0.003991130697223354,-0.007000350952148793,0.030000686645507812,0.6091506204204341
2025-12-11 13:17:00+05:30,10.635000228881836,10.647500038146973,10.609999656677246,10.6274995803833,0,0.0007055284070032566,-0.0007049413776068102,0.002000236511230824,0.03750038146972656,1.0416754969694555
2025-12-11 13:18:00+05:30,10.619999885559082,10.640000343322754,10.604999542236328,10.635000228881836,0,-0.001411465135952773,-0.0016464709312587168,-0.009500122070312145,0.03500080108642578,0.9271698847258738
2025-12-11 13:19:00+05:30,10.797499656677246,10.802499771118164,10.607500076293944,10.619999885559082,0,0.016575589018402778,0.015164123882449924,0.13549976348877024,0.19499969482422053,3.5944548161743293
2025-12-11 13:20:00+05:30,10.637499809265137,10.797499656677246,10.609999656677246,10.797499656677246,0,-0.014929118087143983,0.0007052728493703425,-0.026000022888183594,0.1875,2.707573322536546
2025-12-11 13:21:00+05:30,10.640000343322754,10.642499923706056,10.607500076293944,10.637499809265137,0,0.0002350402116033869,0.0011755744139125858,-0.025999641418456676,0.03499984741211293,0.5185146462727518
2025-12-11 13:22:00+05:30,10.637499809265137,10.647500038146973,10.614999771118164,10.645000457763672,0,-0.00023504021160348045,0.00023500579530584046,-0.029000091552735086,0.032500267028808594,0.4887244462609605
2025-12-11 13:23:00+05:30,10.649999618530272,10.662500381469728,10.61750030517578,10.637499809265137,0,0.001174380367609201,0.0028208512988679786,-0.022500228881837003,0.045000076293948865,0.6666657247690805
2025-12-11 13:24:00+05:30,10.640000343322754,10.654999732971191,10.640000343322754,10.649999618530272,0,-0.0009393401560057747,-0.014694077875540477,-0.0009996414184563207,0.0149993896484375,0.22987531368889122
2025-12-11 13:25:00+05:30,10.654999732971191,10.657500267028809,10.635000228881836,10.642499923706056,0,0.0014087243085445526,0.0016437645201480703,0.010499763488770242,0.022500038146972656,0.3543306495335966
2025-12-11 13:26:00+05:30,10.647500038146973,10.664999961853027,10.640000343322754,10.654999732971191,0,-0.0007041140912706315,0.000704610217274061,0.0015001296997070312,0.024999618530273438,0.39681926966725295
2025-12-11 13:27:00+05:30,10.662500381469728,10.664999961853027,10.640000343322754,10.65250015258789,0,0.0014078221966114207,0.0023474726254887187,0.011500358581544745,0.024999618530273438,0.40485254712391017
2025-12-11 13:28:00+05:30,10.667499542236328,10.675000190734863,10.65999984741211,10.667499542236328,0,0.00046874457346621743,0.0016418368313456412,0.012999534606933594,0.015000343322753906,0.25105223591152703
2025-12-11 13:29:00+05:30,10.672499656677246,10.672499656677246,10.662500381469728,10.667499542236328,0,0.0004686143130384246,0.0030497913003898164,0.01149978637695348,0.009999275207517755,0.24240756838732502
2025-12-11 13:30:00+05:30,10.664999961853027,10.675000190734863,10.614999771118164,10.662500381469728,0,-0.0007029591345874879,0.0009381078572577683,0.002000045776366477,0.06000041961669922,2.105286053211848
2025-12-11 13:31:00+05:30,10.65250015258789,10.664999961853027,10.619999885559082,10.664999961853027,0,-0.0011727276304073606,0.00046949431812107765,-0.01149978637695348,0.04500007629394531,1.5254308519408046
2025-12-11 13:32:00+05:30,10.637499809265137,10.657500267028809,10.614999771118164,10.65250015258789,0,-0.0014091447469985433,-0.002347472625488724,-0.021500015258789418,0.04250049591064453,1.3934618451292073
2025-12-11 13:33:00+05:30,10.630000114440918,10.664999961853027,10.619999885559082,10.647500038146973,0,-0.0007052728493702363,-0.0035214900483251446,-0.02149982452392507,0.04500007629394531,1.4754154745712451
2025-12-11 13:34:00+05:30,10.6225004196167,10.645000457763672,10.609999656677246,10.6274995803833,0,-0.0007057706102401645,-0.004695874971603766,-0.0189996719360348,0.03500080108642578,1.0769451976008604
2025-12-11 13:35:00+05:30,10.772500038146973,10.774999618530272,10.607500076293944,10.614999771118164,0,0.014022161539540029,0.010029245702523537,0.10949993133544922,0.16749954223632812,3.5638180228110783
2025-12-11 13:36:00+05:30,10.61750030517578,10.772500038146973,10.607500076293944,10.772500038146973,0,-0.014492982100995866,-0.0032910087680648953,-0.03849983215332209,0.16499996185302912,2.7049147009530774
2025-12-11 13:37:00+05:30,10.625,10.625,10.604999542236328,10.612500190734863,0,0.0007061028624765533,-0.0011757611585899504,-0.028500175476073863,0.020000457763671875,0.3305852866533205
2025-12-11 13:38:00+05:30,10.619999885559082,10.640000343322754,10.612500190734863,10.61750030517578,0,-0.00047070977266879536,-0.0009411980818884084,-0.031500244140625355,0.027500152587890625,0.44534569272135627
2025-12-11 13:39:00+05:30,10.6225004196167,10.630000114440918,10.609999656677246,10.619999885559082,0,0.000235427471648268,0.0,-0.028999710083008168,0.020000457763671875,0.31873115455694884
2025-12-11 13:40:00+05:30,10.614999771118164,10.630000114440918,10.607500076293944,10.6225004196167,0,-0.0007063589163543068,-0.014728520455894373,-0.0050003051757805395,0.022500038146974433,0.38135524729176384
2025-12-11 13:41:00+05:30,10.61750030517578,10.637499809265137,10.607500076293944,10.609999656677246,0,0.0002355383548984418,0.0,-0.0024997711181651283,0.029999732971193183,0.5217329288660858
2025-12-11 13:42:00+05:30,10.625,10.637499809265137,10.614999771118164,10.61750030517578,0,0.0007061028624765533,0.0,0.004999923706055398,0.022500038146972656,0.40540517319888747
2025-12-11 13:43:00+05:30,10.635000228881836,10.640000343322754,10.61750030517578,10.6225004196167,0,0.0009407553632840363,0.0014114651359527655,0.012000083923339844,0.022500038146974433,0.42253495902346744
2025-12-11 13:44:00+05:30,10.642499923706056,10.649999618530272,10.607500076293944,10.635000228881836,0,0.0007049413776068479,0.001880979041911372,0.015499877929689987,0.042499542236328125,0.7870286155296939
2025-12-11 13:45:00+05:30,10.640000343322754,10.657500267028809,10.6225004196167,10.649999618530272,0,-0.0002348953706973748,0.002352442587568344,0.00800018310546946,0.034999847412109375,0.8588913982143335
2025-12-11 13:46:00+05:30,10.6274995803833,10.647500038146973,10.604999542236328,10.647500038146973,0,-0.0011755744139125726,0.0009413298187573156,-0.006500434875487571,0.04250049591064453,1.491241278923829
2025-12-11 13:47:00+05:30,10.607500076293944,10.640000343322754,10.607500076293944,10.640000343322754,0,-0.0018836364799656008,-0.0016484095236848834,-0.02299995422363388,0.03250026702881037,1.092443709288642
2025-12-11 13:48:00+05:30,10.600000381469728,10.6274995803833,10.595000267028809,10.612500190734863,0,-0.000707268181064617,-0.0032964330680335225,-0.0234996795654272,0.03249931335449219,1.0743582791603625
2025-12-11 13:49:00+05:30,10.59000015258789,10.607500076293944,10.59000015258789,10.600000381469728,0,-0.000943863083738969,-0.0049452375293792174,-0.022999954223632102,0.01749992370605291,0.5833322736924397
2025-12-11 13:50:00+05:30,10.61750030517578,10.619999885559082,10.582500457763672,10.592499732971191,0,0.002593437926011906,-0.002116904232669865,0.009000205993650923,0.037499427795410156,1.1904632152588421
2025-12-11 13:51:00+05:30,10.587499618530272,10.61750030517578,10.577500343322754,10.61750030517578,0,-0.0028295880000305464,-0.003770917818787839,-0.013000488281251776,0.03999996185302557,1.2307723908845474
2025-12-11 13:52:00+05:30,10.609999656677246,10.609999656677246,10.572500228881836,10.587499618530272,0,0.0021228963195054442,0.00023561498068323333,0.00899963378906321,0.037499427795410156,1.1029300392130463
2025-12-11 13:53:00+05:30,10.602499961853027,10.6225004196167,10.579999923706056,10.609999656677246,0,-0.0007071014987927581,0.00023578166295531503,0.0010000228881832385,0.042500495910642755,1.180573584185866
2025-12-11 13:54:00+05:30,10.579999923706056,10.602499961853027,10.572500228881836,10.602499961853027,0,-0.0021243995496807878,-0.0009447548029865629,-0.019499969482419388,0.029999732971191406,0.8633044165552988
2025-12-11 13:55:00+05:30,10.604999542236328,10.604999542236328,10.582500457763672,10.587499618530272,0,0.00236012563274805,-0.0011780670962504957,0.007999801635742543,0.02249908447265625,0.6716182093027961
2025-12-11 13:56:00+05:30,10.59749984741211,10.609999656677246,10.59749984741211,10.604999542236328,0,-0.0007074350055783737,0.0009440858982016544,-0.0014999389648444605,0.012499809265136719,0.40983324630331325
2025-12-11 13:57:00+05:30,10.607500076293944,10.609999656677246,10.59749984741211,10.604999542236328,0,0.0009431954406205745,-0.0002356149806833288,0.009000205993650923,0.012499809265136719,0.4385944365063778
2025-12-11 13:58:00+05:30,10.59749984741211,10.612500190734863,10.59749984741211,10.607500076293944,0,-0.0009431954406205649,-0.0004717089225111261,0.0,0.015000343322753906,0.5607646563894982
2025-12-11 13:59:00+05:30,10.6225004196167,10.6225004196167,10.59749984741211,10.59749984741211,0,0.0023563226632847996,0.004009013290454437,0.016500473022460938,0.025000572204589844,0.9091161303523181
2025-12-11 14:00:00+05:30,10.630000114440918,10.642499923706056,10.612500190734863,10.6225004196167,0,0.0007057706102401609,0.0023546582679466158,0.01900005340576172,0.029999732971193183,1.1214896628437099
2025-12-11 14:01:00+05:30,10.637499809265137,10.65250015258789,10.6225004196167,10.630000114440918,0,0.0007052728493703425,0.0037673661228952156,0.018499755859375355,0.029999732971191406,1.1650438692330198
2025-12-11 14:02:00+05:30,10.6274995803833,10.649999618530272,10.6274995803833,10.637499809265137,0,-0.000940534202309064,0.0018836364799656108,0.004499626159667258,0.02250003814697088,0.9278391058639648
2025-12-11 14:03:00+05:30,10.662500381469728,10.670000076293944,10.619999885559082,10.6274995803833,0,0.0032880068277977947,0.00611483874838405,0.026500320434571734,0.050000190734861505,2.0000152588472133
2025-12-11 14:04:00+05:30,10.84749984741211,10.857500076293944,10.647500038146973,10.662500381469728,0,0.017201676029168195,0.020960192114267435,0.1664999008178718,0.21000003814697088,4.883729182699877
2025-12-11 14:05:00+05:30,10.6875,10.862500190734863,10.672499656677246,10.84749984741211,0,-0.014859790360848847,0.005394631143178466,-0.004999923706055398,0.1900005340576172,3.1799209927776415
2025-12-11 14:06:00+05:30,10.675000190734863,10.6899995803833,10.667499542236328,10.6875,0,-0.0011702572807559812,0.003519101013052104,-0.024999809265136008,0.022500038146972656,0.3703703703703725
2025-12-11 14:07:00+05:30,10.677499771118164,10.6875,10.662500381469728,10.675000190734863,0,0.00023412531546050197,0.004693760530821606,-0.032500267028808594,0.02499961853027166,0.40321910791576854
2025-12-11 14:08:00+05:30,10.635000228881836,10.6875,10.625,10.677499771118164,0,-0.0039882321238184065,-0.0025824784207946856,-0.0694997787475593,0.0625,0.936328892381334
2025-12-11 14:09:00+05:30,10.640000343322754,10.647500038146973,10.619999885559082,10.635000228881836,0,0.00047004600690944275,-0.01931410844305344,-0.02299976348876953,0.027500152587890625,0.41044999188665554
2025-12-11 14:10:00+05:30,10.619999885559082,10.65999984741211,10.619999885559082,10.640000343322754,0,-0.0018815111428621598,-0.006335829225066885,-0.029500198364257102,0.039999961853027344,0.5882344691402411
2025-12-11 14:11:00+05:30,10.619999885559082,10.630000114440918,10.604999542236328,10.619999885559082,0,0.0,-0.005165571944310873,-0.018500137329102273,0.025000572204589844,0.37037821952839506
2025-12-11 14:12:00+05:30,10.647500038146973,10.647500038146973,10.612500190734863,10.619999885559082,0,0.002586121360136204,-0.002813575899635092,0.014999961853026988,0.034999847412109375,0.5090879834428536
2025-12-11 14:13:00+05:30,10.675000190734863,10.682499885559082,10.637499809265137,10.647500038146973,0,0.002579450584174622,0.0037541068083579536,0.0345001220703125,0.04500007629394531,0.659340966444682
2025-12-11 14:14:00+05:30,10.675000190734863,10.677499771118164,10.65999984741211,10.675000190734863,0,0.0,0.003284060801448643,0.027500152587890625,0.017499923706054688,0.3571407718522482
2025-12-11 14:15:00+05:30,10.664999961853027,10.677499771118164,10.640000343322754,10.675000190734863,0,-0.0009372286356462847,0.004228343308664668,0.008499908447266336,0.037499427795410156,1.1110954127507167
2025-12-11 14:16:00+05:30,10.619999885559082,10.664999961853027,10.607500076293944,10.664999961853027,0,-0.004228343308664581,0.0,-0.03650016784667898,0.05749988555908381,1.54362330194529
2025-12-11 14:17:00+05:30,10.612500190734863,10.640000343322754,10.612500190734863,10.619999885559082,0,-0.0007064354276853209,-0.0032925567878214538,-0.03699989318847585,0.027500152587890625,0.7333374023437464
2025-12-11 14:18:00+05:30,10.625,10.625,10.600000381469728,10.612500190734863,0,0.0011771452003541216,-0.004694862171642025,-0.014500045776367543,0.02499961853027166,0.7407302751670878
2025-12-11 14:19:00+05:30,10.619999885559082,10.63249969482422,10.614999771118164,10.6225004196167,0,-0.00047070977266879536,-0.005165571944310873,-0.008500099182128906,0.017499923706056464,0.5343498113032242
2025-12-11 14:20:00+05:30,10.732500076293944,10.755000114440918,10.579999923706056,10.619999885559082,0,0.010537523187450213,0.0063091798787856335,0.0905000686645483,0.1750001907348615,3.783791028649393
2025-12-11 14:21:00+05:30,10.604999542236328,10.737500190734863,10.5625,10.732500076293944,0,-0.011950983373508325,-0.0014134601860581293,-0.034000396728515625,0.17500019073486328,2.8571495300909926
2025-12-11 14:22:00+05:30,10.577500343322754,10.592499732971191,10.55500030517578,10.592499732971191,0,-0.00259640878183317,-0.003303433540206088,-0.05449962615966797,0.03749942779541193,0.6097479658785799
2025-12-11 14:23:00+05:30,10.5649995803833,10.582500457763672,10.5600004196167,10.582500457763672,0,-0.0011825247195252366,-0.00566310346008547,-0.05500030517578125,0.022500038146972656,0.3797482616533596
2025-12-11 14:24:00+05:30,10.5600004196167,10.607500076293944,10.5600004196167,10.572500228881836,0,-0.00047329333585061426,-0.005665687023267306,-0.04799957275390554,0.04749965667724432,0.7630485172435167
2025-12-11 14:25:00+05:30,10.55500030517578,10.567500114440918,10.552499771118164,10.5600004196167,0,-0.00047360780134961836,-0.016676818012067048,-0.017499732971192117,0.015000343322753906,0.2500059604701619
2025-12-11 14:26:00+05:30,10.5625,10.572500228881836,10.55500030517578,10.55500030517578,0,0.0007102824700972702,-0.0040155521684613615,-0.0015001296997070312,0.017499923706056464,0.31249893563035996
2025-12-11 14:27:00+05:30,10.567500114440918,10.582500457763672,10.552499771118164,10.5625,0,0.0004732716050323972,-0.0009458717815957616,0.0055000305175774145,0.030000686645507812,0.5333455403645834
2025-12-11 14:28:00+05:30,10.59749984741211,10.604999542236328,10.557499885559082,10.567500114440918,0,0.0028348455578506506,0.0030714984957800327,0.028999710083008168,0.047499656677246094,0.8119598902540988
2025-12-11 14:29:00+05:30,10.6274995803833,10.645000457763672,10.592499732971191,10.59749984741211,0,0.002826831920586237,0.006371623752216848,0.04549961090087962,0.05250072479248047,0.8467847375399542
2025-12-11 14:30:00+05:30,10.614999771118164,10.635000228881836,10.592499732971191,10.619999885559082,0,-0.001176868173655731,0.00566836337991064,0.020999908447265625,0.04250049591064453,0.8718029977581339
2025-12-11 14:31:00+05:30,10.612500190734863,10.642499923706056,10.585000038146973,10.614999771118164,0,-0.00023550398297923907,0.004722576926834108,0.008500289916991477,0.05749988555908381,1.5540474361684362
2025-12-11 14:32:00+05:30,10.59000015258789,10.612500190734863,10.577500343322754,10.612500190734863,0,-0.002122395588134247,0.00212690973366749,-0.018499755859375355,0.034999847412109375,0.9523735380287639
2025-12-11 14:33:00+05:30,10.592499732971191,10.59749984741211,10.579999923706056,10.59000015258789,0,0.00023600428735116118,-0.000471931536832045,-0.015000152587891336,0.01749992370605291,0.48275499197595795
2025-12-11 14:34:00+05:30,10.582500457763672,10.609999656677246,10.572500228881836,10.592499732971191,0,-0.000944441639736047,-0.004243205097154162,-0.015999603271485086,0.037499427795410156,1.0638107915070396
2025-12-11 14:35:00+05:30,10.59000015258789,10.59000015258789,10.572500228881836,10.587499618530272,0,0.0007084373523848678,-0.0023578995711134964,-0.0034999847412109375,0.017499923706054688,0.4929549087294633
2025-12-11 14:36:00+05:30,10.5600004196167,10.59000015258789,10.542499542236328,10.59000015258789,0,-0.0028368560074476397,-0.004959251595581942,-0.02299976348876953,0.0475006103515625,1.233778297411711
2025-12-11 14:37:00+05:30,10.55500030517578,10.577500343322754,10.547499656677246,10.5600004196167,0,-0.00047360780134961836,-0.0033104638087972493,-0.0209999084472674,0.030000686645507812,0.7792362206869902
2025-12-11 14:38:00+05:30,10.552499771118164,10.5625,10.537500381469728,10.55500030517578,0,-0.00023693322849938382,-0.003783401324647585,-0.015500450134277699,0.02499961853027166,0.6896424719159787
2025-12-11 14:39:00+05:30,10.532500267028809,10.552499771118164,10.50749969482422,10.552499771118164,0,-0.0018970367608193142,-0.004735996445730928,-0.0254999160766598,0.045000076293943536,1.267606012169367
2025-12-11 14:40:00+05:30,10.52750015258789,10.537500381469728,10.522500038146973,10.52750015258789,0,-0.00047484467571152106,-0.0059192784738274044,-0.01800003051757848,0.015000343322755683,0.4580252701589635
2025-12-11 14:41:00+05:30,10.512499809265137,10.53499984741211,10.5024995803833,10.52750015258789,0,-0.0014258883927239375,-0.004508310859103736,-0.023500251770020242,0.032500267028808594,1.0743864184492316
2025-12-11 14:42:00+05:30,10.505000114440918,10.515000343322754,10.4975004196167,10.512499809265137,0,-0.0007136619645296589,-0.004748365022283783,-0.020999908447265625,0.017499923706054688,0.6140306848031665
2025-12-11 14:43:00+05:30,10.484999656677246,10.515000343322754,10.484999656677246,10.505000114440918,0,-0.001905713581210887,-0.006417145374995349,-0.027500343322753196,0.030000686645507812,1.0084211403640992
2025-12-11 14:44:00+05:30,10.484999656677246,10.50749969482422,10.482500076293944,10.489999771118164,0,0.0,-0.004520108614176015,-0.01800022125244105,0.02499961853027699,0.8771741967435924
2025-12-11 14:45:00+05:30,10.50749969482422,10.512499809265137,10.484999656677246,10.484999656677246,0,0.0021436272438195066,-0.001901636694644905,0.008499908447268112,0.027500152587890625,0.9322022939753994
2025-12-11 14:46:00+05:30,10.517499923706056,10.529999732971191,10.5,10.50749969482422,0,0.0009512703750192199,0.0004755220730983223,0.017500114440919035,0.029999732971191406,1.0810671487141703
2025-12-11 14:47:00+05:30,10.484999656677246,10.517499923706056,10.477499961853027,10.517499923706056,0,-0.00309489761883878,-0.001905713581210887,-0.011000061035156605,0.03999996185302912,1.3913011749252435
2025-12-11 14:48:00+05:30,10.53499984741211,10.545000076293944,10.479999542236328,10.484999656677246,0,0.004757401162551608,0.004757401162551608,0.029000091552735086,0.06500053405761541,1.9847412713665125
2025-12-11 14:49:00+05:30,10.542499542236328,10.550000190734863,10.520000457763672,10.529999732971191,0,0.0007116304455357356,0.0054690316080872785,0.024999809265136008,0.029999732971191406,0.9599885254256263
2025-12-11 14:50:00+05:30,10.5649995803833,10.577500343322754,10.542499542236328,10.542499542236328,0,0.00213194813260745,0.005457352496875265,0.035999870300292613,0.03500080108642578,1.0526512033454354
2025-12-11 14:51:00+05:30,10.529999732971191,10.582500457763672,10.510000228881836,10.5649995803833,0,-0.003318310563372498,0.0011877715584836775,-0.0014999389648444605,0.07250022888183594,1.9463076938831754
2025-12-11 14:52:00+05:30,10.479999542236328,10.539999961853027,10.475000381469728,10.529999732971191,0,-0.004759665573867099,-0.00047699639654470016,-0.05050010681152273,0.064999580383299,1.547605261544491
2025-12-11 14:53:00+05:30,10.537500381469728,10.539999961853027,10.475000381469728,10.479999542236328,0,0.005471724315978272,0.00023732675688178576,0.006500625610351918,0.064999580383299,1.4285624457662751
2025-12-11 14:54:00+05:30,10.529999732971191,10.567500114440918,10.52750015258789,10.537500381469728,0,-0.0007120587421110717,-0.0011863624307650073,0.0014999389648444605,0.039999961853027344,0.8510625346214081
2025-12-11 14:55:00+05:30,10.522500038146973,10.542499542236328,10.517499923706056,10.529999732971191,0,-0.000712475499157405,-0.004030786062529919,0.0025001525878902697,0.02499961853027166,0.534751503950324
2025-12-11 14:56:00+05:30,10.4975004196167,10.532500267028809,10.494999885559082,10.522500038146973,0,-0.0023786517386421586,-0.0030911272377995283,-0.015999603271485086,0.03750038146972656,0.7894810811245004
2025-12-11 14:57:00+05:30,10.462499618530272,10.50749969482422,10.457500457763672,10.4975004196167,0,-0.0033397741942969585,-0.0016712358582294609,-0.047500419616701706,0.04999923706054865,1.0309128341058253
2025-12-11 14:58:00+05:30,10.487500190734863,10.515000343322754,10.457500457763672,10.462499618530272,0,0.0023866906252743834,-0.004756269548933116,-0.012499809265136719,0.05749988555908203,1.2041885862423045
2025-12-11 14:59:00+05:30,10.470000267028809,10.5024995803833,10.462499618530272,10.487500190734863,0,-0.001670039593571195,-0.0057142504003932,-0.017999839782714133,0.03999996185302912,0.8205133221174932
2025-12-11 15:00:00+05:30,10.422499656677246,10.482500076293944,10.422499656677246,10.470000267028809,0,-0.0045471525543526676,-0.009548927455588507,-0.045500373840331676,0.06000041961669744,1.1707425092203965
2025-12-11 15:01:00+05:30,10.422499656677246,10.43000030517578,10.420000076293944,10.422499656677246,0,0.0,-0.007170275716946328,-0.030500221252442117,0.010000228881835938,0.22222787363995278
2025-12-11 15:02:00+05:30,10.4350004196167,10.442500114440918,10.414999961853027,10.422499656677246,0,0.0011986829093157696,-0.002631818613333512,-0.012499618530274148,0.027500152587890625,0.6666712905485571
2025-12-11 15:03:00+05:30,10.427499771118164,10.4350004196167,10.395000457763672,10.4350004196167,0,-0.0007190556024579556,-0.005737564841065929,-0.00800018310546946,0.039999961853027344,1.0322575881749247
2025-12-11 15:04:00+05:30,10.614999771118164,10.614999771118164,10.422499656677246,10.427499771118164,0,0.017821548453971083,0.013754023206476215,0.1504999160766598,0.19250011444091797,3.5648171859188214
2025-12-11 15:05:00+05:30,10.432499885559082,10.614999771118164,10.43000030517578,10.614999771118164,0,-0.01734215107918926,0.0009590246816395072,-0.03400001525878871,0.1849994659423846,2.6428502335821635
2025-12-11 15:06:00+05:30,10.4350004196167,10.4399995803833,10.425000190734863,10.432499885559082,0,0.0002396582276761154,0.0011986829093157696,-0.03399963378906179,0.0149993896484375,0.22139359157893435
2025-12-11 15:07:00+05:30,10.420000076293944,10.4399995803833,10.420000076293944,10.4350004196167,0,-0.0014385370944961374,-0.0014385370944961374,-0.04599990844726598,0.019999504089357245,0.3088730867572633
2025-12-11 15:08:00+05:30,10.40999984741211,10.432499885559082,10.407500267028809,10.420000076293944,0,-0.0009601756780375285,-0.001679657170075713,-0.05250015258789098,0.024999618530273438,0.40649864391903284
2025-12-11 15:09:00+05:30,10.404999732971191,10.417499542236328,10.38249969482422,10.412500381469728,0,-0.0004804337869702798,-0.019981639411016952,-0.015500259399413352,0.0349998474121076,0.5737692103246899
2025-12-11 15:10:00+05:30,10.362500190734863,10.404999732971191,10.329999923706056,10.404999732971191,0,-0.004092895314416015,-0.0067323836462436365,-0.04399986267089773,0.07499980926513494,1.2000006103533967
2025-12-11 15:11:00+05:30,10.364999771118164,10.375,10.350000381469728,10.362500190734863,0,0.00024118493788606376,-0.006730856936033689,-0.027500152587890625,0.02499961853027166,0.3906205762003411
2025-12-11 15:12:00+05:30,10.357500076293944,10.36750030517578,10.342499732971191,10.364999771118164,0,-0.0007238214700812296,-0.006016141311618853,-0.022499847412111862,0.025000572204588067,0.3921671291690408
2025-12-11 15:13:00+05:30,10.357500076293944,10.369999885559082,10.352499961853027,10.357500076293944,0,0.0,-0.005055965633581307,-0.01199989318847905,0.017499923706054688,0.28455259338287453
2025-12-11 15:14:00+05:30,10.34749984741211,10.3774995803833,10.337499618530272,10.362500190734863,0,-0.0009659724410805723,-0.005541504287691628,-0.010500144958495383,0.03999996185302912,0.8648683201227725
2025-12-11 15:15:00+05:30,10.354999542236328,10.3725004196167,10.345000267028809,10.34749984741211,0,0.0007245207461315267,-0.0007240882271441624,-0.001500320434569602,0.027500152587890625,0.9016490835298122
2025-12-11 15:16:00+05:30,10.3725004196167,10.380000114440918,10.350000381469728,10.354999542236328,0,0.0016886630390877322,0.0007233898740574938,0.01450042724609446,0.02999973297118963,0.9374953433687683
2025-12-11 15:17:00+05:30,10.364999771118164,10.380000114440918,10.357500076293944,10.3725004196167,0,-0.0007233898740575498,0.000723821470081265,0.005499839782714844,0.022500038146974433,0.6976771694291914
2025-12-11 15:18:00+05:30,10.354999542236328,10.3725004196167,10.34749984741211,10.3725004196167,0,-0.000965273165030309,-0.00024145169494912294,-0.004000282287597301,0.025000572204589844,0.7752109910517448
2025-12-11 15:19:00+05:30,10.327500343322754,10.34749984741211,10.327500343322754,10.34749984741211,0,-0.0026591771081972576,-0.0019346563620658973,-0.027499580383301137,0.01999950408935547,0.6503906189426227
2025-12-11 15:20:00+05:30,10.337499618530272,10.337499618530272,10.324999809265137,10.327500343322754,0,0.0009677499159322872,-0.0016914271922651414,-0.014000320434572444,0.012499809265134942,0.5101965348518818
2025-12-11 15:21:00+05:30,10.34000015258789,10.345000267028809,10.317500114440918,10.337499618530272,0,0.00024186038906895548,-0.0031382298422839403,-0.004999732971191051,0.027500152587890625,1.1111153924700394
2025-12-11 15:22:00+05:30,10.354999542236328,10.357500076293944,10.327500343322754,10.34000015258789,0,0.0014495668031960073,-0.000965273165030309,0.011999702453612926,0.02999973297118963,1.1881102109417165
2025-12-11 15:23:00+05:30,10.337499618530272,10.364999771118164,10.337499618530272,10.354999542236328,0,-0.0016914271922651414,-0.0016914271922651414,-0.002000236511230824,0.0275001525878924,1.0476256217053477
2025-12-11 15:24:00+05:30,10.5,10.50749969482422,10.317500114440918,10.337499618530272,0,0.015597233715214428,0.01656498363114652,0.12600021362304759,0.18999958038330256,4.606056822884559
2025-12-11 15:25:00+05:30,10.510000228881836,10.52750015258789,10.5,10.5,0,0.0009519495029114922,0.0165491832181258,0.10150032043457102,0.027500152587890625,0.6666712905485542
2025-12-11 15:26:00+05:30,10.3725004196167,10.510000228881836,10.354999542236328,10.510000228881836,0,-0.013169092986772818,0.0031382298422840313,-0.042499542236328125,0.1550006866455078,2.883731658416271
2025-12-11 15:27:00+05:30,10.345000267028809,10.494999885559082,10.332500457763672,10.3725004196167,0,-0.002654776669755593,-0.0009661136306677807,-0.06799983978271484,0.16249942779541016,2.3985163497135455
2025-12-11 15:28:00+05:30,10.442500114440918,10.542499542236328,10.34000015258789,10.34000015258789,0,0.009380691338482003,0.010106004900079266,0.008499908447266336,0.2024993896484375,2.368417823812004
2025-12-11 15:29:00+05:30,10.52750015258789,10.542499542236328,10.43000030517578,10.43000030517578,0,0.008106867199821885,0.002615638384686973,0.0879999160766598,0.11249923706054865,1.1873291435335396
