Datetime,close,high,low,open,volume,ret_1,ret_3,range,body_ratio,close_pos,range_exp_10,rv_10,high_30,low_30,range_pos_30,minutes_from_open,target_call,target_put
2026-01-09 09:24:00+05:30,25862.349609375,25873.5,25861.25,25872.05078125,0,-0.0003904377607363,-0.0009816557980171,12.25,0.7919323979591837,0.0897640306122449,0.5760628966632071,0.0006856962008497,25940.25,25861.25,0.0139191060126582,9,0.0,0.0
2026-01-09 09:25:00+05:30,25859.05078125,25862.400390625,25849.349609375,25862.30078125,0,-0.0001275614389617,-0.0006725918626819,13.05078125,0.2490272373540856,0.7433403172702784,0.6718481353750867,0.0006465317148651,25940.25,25849.349609375,0.1067231043595969,10,0.0,0.0
2026-01-09 09:26:00+05:30,25870.099609375,25870.099609375,25854.05078125,25860.25,0,0.0004271799636988,-9.081923599940914e-05,16.048828125,0.6137276378240234,1.0,0.8920952349933232,0.0006434321191242,25940.25,25849.349609375,0.2282718463290432,11,0.0,1.0
2026-01-09 09:27:00+05:30,25853.75,25872.25,25853.75,25870.55078125,0,-0.000632188440845,-0.000332569916108,18.5,0.9081503378378378,0.0,1.0888733058202762,0.0004912475977767,25940.25,25849.349609375,0.048408929760856,12,0.0,0.0
2026-01-09 09:28:00+05:30,25843.19921875,25855.80078125,25839.44921875,25853.349609375,0,-0.0004081781055142,-0.0006131865826604,16.3515625,0.6207596751075012,0.2293358815097945,0.9492816890229384,0.0004918445620992,25940.25,25839.44921875,0.0372020926177097,13,0.0,0.0
2026-01-09 09:29:00+05:30,25840.900390625,25849.44921875,25840.900390625,25843.55078125,0,-8.895688011940972e-05,-0.0011293234264787,8.548828125,0.3100297007082476,0.0,0.5143662964921558,0.0004299288132491,25940.25,25839.44921875,0.0143964347994574,14,0.0,0.0
2026-01-09 09:30:00+05:30,25858.44921875,25858.44921875,25838.30078125,25841.099609375,0,0.0006788800606423,0.0001817450750085,20.1484375,0.8610895696006204,1.0,1.2502878473863457,0.0005003417679218,25940.25,25838.30078125,0.1976320931836468,15,0.0,0.0
2026-01-09 09:31:00+05:30,25856.05078125,25873.099609375,25856.05078125,25859.05078125,0,-9.275686709601644e-05,0.0004971663134267,17.048828125,0.1759651735593997,0.0,1.1392586791960324,0.0004026693007062,25940.25,25838.30078125,0.1741062875972259,16,0.0,1.0
2026-01-09 09:32:00+05:30,25847.849609375,25856.69921875,25847.5,25856.150390625,0,-0.000317236103343,0.0002688870902031,9.19921875,0.902335456475584,0.038004246284501,0.63840169156117,0.0003939981362175,25940.25,25838.30078125,0.0936625924364918,17,0.0,1.0
2026-01-09 09:33:00+05:30,25821.55078125,25847.69921875,25821.55078125,25846.94921875,0,-0.0010179653797876,-0.0014279583502267,26.1484375,0.97131759784882,0.0,1.6623828149251878,0.0004880769886016,25940.25,25821.55078125,0.0,18,1.0,0.0
2026-01-09 09:34:00+05:30,25837.150390625,25840.75,25821.80078125,25822.400390625,0,0.0006039489764664,-0.0007312525066642,18.94921875,0.7783962069676356,0.8100391671820243,1.1554814506044184,0.0005425288505944,25940.25,25821.55078125,0.13142133149044,19,0.0,0.0
2026-01-09 09:35:00+05:30,25832.349609375,25838.0,25828.599609375,25836.05078125,0,-0.0001858265035974,-0.0005998429069187,9.400390625,0.3937253272387284,0.3989195927695824,0.5862648606509452,0.0005432002203804,25940.25,25821.55078125,0.0909764043834534,20,0.0,0.0
2026-01-09 09:36:00+05:30,25835.599609375,25848.599609375,25831.19921875,25831.55078125,0,0.0001258033288887,0.0005439258017576,17.400390625,0.2326860478168144,0.2528903356156695,1.0761221433057933,0.000518286588086,25940.25,25821.55078125,0.1183565340441636,21,0.0,0.0
2026-01-09 09:37:00+05:30,25832.75,25843.150390625,25827.349609375,25835.0,0,-0.000110303866852,-0.0001703270415608,15.80078125,0.1423980222496909,0.3417799752781211,0.993784241947768,0.0004878690321483,25940.25,25821.55078125,0.0943495573765096,22,0.0,1.0
2026-01-09 09:38:00+05:30,25823.900390625,25833.55078125,25821.900390625,25832.44921875,0,-0.0003426319513423,-0.0003271324893057,11.650390625,0.733780385582565,0.1716680637049455,0.7550728490234054,0.0004834087112079,25940.25,25821.55078125,0.0197946490275446,23,0.0,0.0
2026-01-09 09:39:00+05:30,25830.099609375,25830.099609375,25818.349609375,25824.400390625,0,0.0002400286049391,-0.0002129072132553,11.75,0.4850398936170212,1.0,0.7460502492621345,0.0004934218955373,25940.25,25818.349609375,0.0963901751237722,24,0.0,0.0
2026-01-09 09:40:00+05:30,25821.099609375,25832.05078125,25819.599609375,25830.900390625,0,-0.0003484914281648,-0.0004510947745681,12.451171875,0.7871372549019607,0.1204705882352941,0.831192875862159,0.0004295093972098,25940.25,25818.349609375,0.0225594026885424,25,1.0,0.0
2026-01-09 09:41:00+05:30,25825.849609375,25831.55078125,25819.75,25819.75,0,0.0001839411653639,7.547834213826595e-05,11.80078125,0.5168818272095332,0.5168818272095332,0.8163761653830564,0.0004419488192701,25940.25,25818.349609375,0.0615256436960248,26,1.0,0.0
2026-01-09 09:42:00+05:30,25827.150390625,25835.94921875,25823.0,25826.400390625,0,5.0366145249136915e-05,-0.0001141841175519,12.94921875,0.0579185520361991,0.3205128205128205,0.8731726590280522,0.0004387076322095,25940.25,25818.349609375,0.0721964975245541,27,1.0,0.0
2026-01-09 09:43:00+05:30,25838.5,25840.400390625,25826.69921875,25826.69921875,0,0.0004393483667294,0.0006736556773423,13.701171875,0.8612972202423379,0.8612972202423379,1.008525382060756,0.0003179930875548,25940.25,25818.349609375,0.1653021005239293,28,1.0,0.0
2026-01-09 09:44:00+05:30,25876.69921875,25876.69921875,25838.150390625,25838.150390625,0,0.0014772920253313,0.0019670065373095,38.548828125,1.0,1.0,2.479771836365464,0.0005309139335368,25940.25,25818.349609375,0.4786663034944643,29,0.0,0.0
2026-01-09 09:45:00+05:30,25853.599609375,25876.849609375,25852.69921875,25876.849609375,0,-0.0008930785800051,0.0010235618120553,24.150390625,0.962717347351395,0.0372826526486049,1.4189158174974754,0.0006205925328009,25940.25,25818.349609375,0.2891705253713169,30,1.0,0.0
2026-01-09 09:46:00+05:30,25863.5,25870.849609375,25849.650390625,25853.150390625,0,0.0003828672071991,0.0009670806525251,21.19921875,0.488207112585222,0.6533075363921135,1.2183322295681849,0.0006278794190692,25940.25,25818.349609375,0.3703875795106788,31,0.0,0.0
2026-01-09 09:47:00+05:30,25881.349609375,25881.349609375,25862.5,25863.94921875,0,0.0006899086659927,0.0001796972931863,18.849609375,0.9231167754636824,1.0,1.0646442360728074,0.0006476561321428,25940.25,25818.349609375,0.5168154070466089,32,0.0,0.0
2026-01-09 09:48:00+05:30,25890.349609375,25891.650390625,25883.650390625,25884.650390625,0,0.0003476803051271,0.0014204561783188,8.0,0.71240234375,0.83740234375,0.46135997567047,0.0006210620579108,25940.25,25818.349609375,0.5906461794818387,33,0.0,0.0
2026-01-09 09:49:00+05:30,25887.69921875,25897.650390625,25887.69921875,25890.69921875,0,-0.0001023750677091,0.0009352139034104,9.951171875,0.3014720314033366,0.0,0.5798998406555884,0.0006314526184301,25938.849609375,25818.349609375,0.5755154304979253,34,0.0,1.0
2026-01-09 09:50:00+05:30,25857.19921875,25889.75,25857.19921875,25889.55078125,0,-0.0011788603109936,-0.0009335550735757,32.55078125,0.9938797551902075,0.0,1.697995945023484,0.00075702842226,25915.75,25818.349609375,0.398865026369087,35,0.0,0.0
2026-01-09 09:51:00+05:30,25867.05078125,25870.0,25857.900390625,25858.349609375,0,0.0003809262625993,-0.0009003091161035,12.099609375,0.7191283292978208,0.7562550443906376,0.63018798828125,0.0007608604239439,25897.650390625,25818.349609375,0.6141323087532634,36,0.0,0.0
2026-01-09 09:52:00+05:30,25866.05078125,25875.150390625,25863.80078125,25868.150390625,0,-3.865996702001197e-05,-0.0008365940154144,11.349609375,0.1849939769402856,0.1982447083118224,0.5960917064163718,0.0007627964197931,25897.650390625,25818.349609375,0.6015220925077582,37,0.0,0.0
2026-01-09 09:53:00+05:30,25854.849609375,25868.80078125,25852.44921875,25865.849609375,0,-0.0004331390971743,-9.087280159503848e-05,16.3515625,0.672718585762064,0.1467988533205924,0.847008356771413,0.0007758731078925,25897.650390625,25818.349609375,0.4602728929609379,38,1.0,0.0
2026-01-09 09:54:00+05:30,25877.30078125,25877.30078125,25854.900390625,25856.0,0,0.0008679775773867,0.0003961785131923,22.400390625,0.9509111518005056,1.0,1.2662574248680638,0.0006690594076245,25897.650390625,25818.349609375,0.7433870252696911,39,1.0,0.0
2026-01-09 09:55:00+05:30,25884.05078125,25886.0,25877.80078125,25877.80078125,0,0.0002608123564977,0.0006956508367102,8.19921875,0.7622677465459743,0.7622677465459743,0.509422743213562,0.0005926106858471,25897.650390625,25818.349609375,0.8285059849268509,40,0.0,0.0
2026-01-09 09:56:00+05:30,25885.400390625,25886.25,25876.69921875,25883.650390625,0,5.213921897006419e-05,0.0011809291528545,9.55078125,0.1832310838445807,0.911042944785276,0.63969231976767,0.0005853529245417,25897.650390625,25818.349609375,0.8455248509925619,41,1.0,0.0
2026-01-09 09:57:00+05:30,25886.849609375,25892.44921875,25885.19921875,25886.599609375,0,5.598438354060195e-05,0.0003689359590084,7.25,0.0344827586206896,0.2276400862068965,0.5264949506410984,0.0005454894503376,25897.650390625,25818.349609375,0.8637998128171026,42,0.0,0.0
2026-01-09 09:58:00+05:30,25893.900390625,25897.0,25887.19921875,25887.900390625,0,0.0002723321424883,0.000380455744999,9.80078125,0.612196094061379,0.6837385412514946,0.7025452916304986,0.000540981229023,25897.650390625,25818.349609375,0.9527116890793556,43,0.0,0.0
2026-01-09 09:59:00+05:30,25894.05078125,25894.900390625,25890.05078125,25893.5,0,5.807938780976711e-06,0.0003341244648098,4.849609375,0.1135722915827627,0.8248086991542489,0.3608277385415758,0.0005394814118301,25897.650390625,25818.349609375,0.9546081473819024,44,0.0,0.0
2026-01-09 10:00:00+05:30,25893.75,25901.94921875,25892.75,25894.19921875,0,-1.1615911294351584e-05,0.0002665241699749,9.19921875,0.048832271762208,0.1087048832271762,0.8283794716662563,0.0003393243767567,25901.94921875,25818.349609375,0.9019227624231948,45,0.0,1.0
2026-01-09 10:01:00+05:30,25887.69921875,25894.30078125,25887.25,25894.30078125,0,-0.0002337045937813,-0.0002395125662947,7.05078125,0.9362880886426592,0.0637119113573407,0.665155786486835,0.0003466741024892,25901.94921875,25818.349609375,0.8295446580847137,46,0.0,1.0
2026-01-09 10:02:00+05:30,25882.55078125,25889.69921875,25879.55078125,25889.599609375,0,-0.0001988956018938,-0.0004442161069696,10.1484375,0.6945727482678984,0.2956120092378753,0.9683551380968356,0.0003563261950222,25901.94921875,25818.349609375,0.767960189706329,47,0.0,1.0
2026-01-09 10:03:00+05:30,25864.30078125,25881.80078125,25861.55078125,25881.80078125,0,-0.0007053569523786,-0.0011379571480538,20.25,0.8641975308641975,0.1358024691358024,1.8629388723182525,0.0004055096232464,25901.94921875,25818.349609375,0.5496577342709623,48,1.0,0.0
2026-01-09 10:04:00+05:30,25872.55078125,25874.44921875,25862.69921875,25863.80078125,0,0.000318921612768,-0.0005853309415044,11.75,0.7446808510638298,0.8384308510638298,1.1983825023405907,0.0003051877422222,25901.94921875,25818.349609375,0.6483424059061281,49,0.0,0.0
2026-01-09 10:05:00+05:30,25862.599609375,25880.400390625,25862.30078125,25875.05078125,0,-0.0003846967457362,-0.0007711320853468,18.099609375,0.6879248947879573,0.0165101974749109,1.6766781255654062,0.0003078340829539,25901.94921875,25818.349609375,0.529308693315889,50,1.0,0.0
2026-01-09 10:06:00+05:30,25871.099609375,25874.44921875,25860.80078125,25862.599609375,0,0.0003286059263053,0.000262830793337,13.6484375,0.6227819118488838,0.7545792787635948,1.2181006833077674,0.0003327193059739,25901.94921875,25818.349609375,0.6309838095460598,51,0.0,0.0
2026-01-09 10:07:00+05:30,25874.19921875,25876.05078125,25863.599609375,25872.19921875,0,0.0001198025501408,6.371173070999987e-05,12.451171875,0.1606274509803921,0.8512941176470589,1.0619513251486732,0.0003356889704724,25901.94921875,25818.349609375,0.6680606499544425,52,0.0,0.0
2026-01-09 10:08:00+05:30,25876.849609375,25878.75,25870.849609375,25874.599609375,0,0.0001024284797055,0.0005508369561518,7.900390625,0.2847960444993819,0.7594561186650185,0.6849199092417623,0.0003216302339599,25901.94921875,25818.349609375,0.6997640352311754,53,0.0,0.0
2026-01-09 10:09:00+05:30,25873.44921875,25886.05078125,25872.5,25877.650390625,0,-0.0001314153041391,9.08157257075158e-05,13.55078125,0.3100317094263476,0.0700490054770827,1.092374789413191,0.0003211592568295,25901.94921875,25819.599609375,0.6539145696463724,54,0.0,0.0
2026-01-09 10:10:00+05:30,25871.69921875,25878.44921875,25866.650390625,25875.05078125,0,-6.763919144147683e-05,-9.66260158750338e-05,11.798828125,0.2840589306406224,0.4279092865419632,0.9316205045956448,0.0003203292752342,25901.94921875,25819.75,0.6319916361735494,55,0.0,0.0
2026-01-09 10:11:00+05:30,25871.55078125,25877.44921875,25867.55078125,25871.75,0,-5.737463340693237e-06,-0.0002047919589212,9.8984375,0.0201262825572217,0.4041041831097079,0.764381164972399,0.0003166770335835,25901.94921875,25823.0,0.6149621493246252,56,0.0,1.0
2026-01-09 10:12:00+05:30,25860.30078125,25872.30078125,25859.5,25872.30078125,0,-0.0004349351448885,-0.0005083117996707,12.80078125,0.937442783033262,0.0625572169667378,0.9686668637304168,0.0003361778345222,25901.94921875,25826.69921875,0.4465323920265781,57,0.0,0.0
2026-01-09 10:13:00+05:30,25854.44921875,25861.80078125,25850.349609375,25861.150390625,0,-0.0002263014913529,-0.0006669740995822,11.451171875,0.5851952925123657,0.3580078458127239,0.9283508827487926,0.0002646326633336,25901.94921875,25838.150390625,0.2554722179703046,58,1.0,0.0
2026-01-09 10:14:00+05:30,25856.599609375,25857.099609375,25853.650390625,25855.19921875,0,8.316948408407402e-05,-0.0005780671521575,3.44921875,0.4060022650056625,0.855039637599094,0.2998047703930057,0.0002385044920172,25901.94921875,25849.650390625,0.1328752287410837,59,1.0,0.0
2026-01-09 10:15:00+05:30,25865.849609375,25866.94921875,25858.0,25858.0,0,0.000357678348119,0.0002145463408501,8.94921875,0.8771278917503273,0.8771278917503273,0.8450756178531907,0.000242293903555,25901.94921875,25849.650390625,0.3097434365313515,60,0.0,1.0
2026-01-09 10:16:00+05:30,25863.349609375,25867.349609375,25858.25,25866.150390625,0,-9.665720868304812e-05,0.0003441906235198,9.099609375,0.3077913715389568,0.5604206911354368,0.8978435566861305,0.0002166205844375,25901.94921875,25850.349609375,0.2519398917445777,61,0.0,0.0
2026-01-09 10:17:00+05:30,25862.900390625,25864.94921875,25855.0,25864.0,0,-1.736908242951889e-05,0.0002436520570063,9.94921875,0.1105221829603455,0.7940714566156263,1.006520450503853,0.0002103352382579,25901.94921875,25850.349609375,0.2432340361103751,62,0.0,0.0
2026-01-09 10:18:00+05:30,25861.900390625,25863.650390625,25854.30078125,25862.900390625,0,-3.86661711604939e-05,-0.000152692462273,9.349609375,0.1069563400877376,0.8128264048464592,0.932193488082256,0.0002040848127816,25901.94921875,25850.349609375,0.2238540444377152,63,0.0,0.0
2026-01-09 10:19:00+05:30,25862.69921875,25866.900390625,25861.400390625,25862.400390625,0,3.088774513847793e-05,-2.5147508451488095e-05,5.5,0.0543323863636363,0.2361505681818181,0.5962312089773449,0.0002040325293347,25901.94921875,25850.349609375,0.2393353268481017,64,0.0,0.0
2026-01-09 10:20:00+05:30,25855.400390625,25866.599609375,25854.80078125,25861.5,0,-0.0002822543066579,-0.0002900327326799,11.798828125,0.5169673895050488,0.0508194007614633,1.2790599195426635,0.0002178971208932,25901.94921875,25850.349609375,0.0978840985654264,65,1.0,0.0
2026-01-09 10:21:00+05:30,25870.400390625,25870.400390625,25854.099609375,25855.349609375,0,0.0005799813707634,0.000328614809244,16.30078125,0.9233165588305776,1.0,1.6524114991684484,0.0002987331572434,25901.94921875,25850.349609375,0.3885839736553238,66,0.0,0.0
2026-01-09 10:22:00+05:30,25875.19921875,25877.94921875,25869.849609375,25871.099609375,0,0.0001854777285405,0.000483204792646,8.099609375,0.5061490233904027,0.6604774535809018,0.8621442381655267,0.0002614985021804,25901.94921875,25850.349609375,0.4815852227563496,67,0.0,0.0
2026-01-09 10:23:00+05:30,25877.5,25878.400390625,25873.0,25875.55078125,0,8.89144445119646e-05,0.0008543735438158,5.400390625,0.3609403254972875,0.8332730560578662,0.6144034842121636,0.0002417255116603,25901.94921875,25850.349609375,0.5261743442219615,68,0.0,0.0
2026-01-09 10:24:00+05:30,25870.44921875,25881.349609375,25870.44921875,25877.55078125,0,-0.0002725047620274,1.887411025106054e-06,10.900390625,0.6514961476437915,0.0,1.1432258593141873,0.0002674914270185,25901.94921875,25850.349609375,0.3895302623112154,69,0.0,0.0
2026-01-09 10:25:00+05:30,25858.30078125,25871.900390625,25858.30078125,25871.900390625,0,-0.0004696977105901,-0.0006532880281055,13.599609375,1.0,0.0,1.3599874997558548,0.0002899812261869,25901.94921875,25850.349609375,0.154093644725387,70,1.0,0.0
2026-01-09 10:26:00+05:30,25879.150390625,25879.400390625,25858.05078125,25859.349609375,0,0.0008059774894745,6.377501685689474e-05,21.349609375,0.927454029823438,0.9882901838807062,1.9020027492126463,0.0003899113575021,25901.94921875,25850.349609375,0.5581589007910973,71,0.0,0.0
2026-01-09 10:27:00+05:30,25889.55078125,25891.80078125,25878.94921875,25879.099609375,0,0.0004018022677598,0.0007380820466443,12.8515625,0.8132218844984802,0.8249240121580547,1.116067642519124,0.0004028577372363,25901.94921875,25850.349609375,0.7597183844960067,72,0.0,0.0
2026-01-09 10:28:00+05:30,25893.0,25896.849609375,25888.55078125,25890.400390625,0,0.0001332193452452,0.0013409991024796,8.298828125,0.3132501765121205,0.5361261473287833,0.7273318612095381,0.0003997973744275,25901.94921875,25850.349609375,0.8265642151481888,73,0.0,1.0
2026-01-09 10:29:00+05:30,25887.849609375,25893.599609375,25885.599609375,25893.599609375,0,-0.0001989303258188,0.0003360912871862,8.0,0.71875,0.28125,0.6861086450359303,0.0004119220921636,25901.94921875,25850.349609375,0.7267496877247436,74,0.0,1.0
2026-01-09 10:30:00+05:30,25877.30078125,25890.75,25873.69921875,25888.44921875,0,-0.0004075648652198,-0.0004732758457935,17.05078125,0.6538373424971363,0.211225658648339,1.3993075591459896,0.0004263996107532,25896.849609375,25850.349609375,0.5795950940860215,75,0.0,0.0
2026-01-09 10:31:00+05:30,25881.400390625,25883.30078125,25877.19921875,25878.400390625,0,0.0001584123747603,-0.0004480828162784,6.1015625,0.4916773367477592,0.68854033290653,0.5464786761361649,0.0003913906949917,25896.849609375,25850.349609375,0.6677587365591398,76,0.0,1.0
2026-01-09 10:32:00+05:30,25873.599609375,25884.5,25871.0,25881.75,0,-0.0003014503452447,-0.0005506028357043,13.5,0.6037326388888888,0.1925636574074074,1.153326325274065,0.0004017793370246,25896.849609375,25850.349609375,0.5,77,0.0,1.0
2026-01-09 10:33:00+05:30,25861.349609375,25875.30078125,25861.349609375,25874.69921875,0,-0.0004735676912387,-0.0006166056617232,13.951171875,0.9568808623827524,0.0,1.1107310018815408,0.0004256507333816,25896.849609375,25850.349609375,0.2365591397849462,78,0.0,1.0
2026-01-09 10:34:00+05:30,25853.099609375,25862.80078125,25852.25,25862.349609375,0,-0.0003190597674197,-0.0010940778039032,10.55078125,0.8767123287671232,0.0805257312106627,0.8423514735693123,0.0004284490864564,25896.849609375,25850.349609375,0.0591397849462365,79,0.0,0.0
2026-01-09 10:35:00+05:30,25856.25,25858.19921875,25851.900390625,25853.150390625,0,0.0001218499421361,-0.0006707775165224,6.298828125,0.4920930232558139,0.6905426356589147,0.5340111273016294,0.0004069841962601,25896.849609375,25850.349609375,0.1268901209677419,80,0.0,1.0
2026-01-09 10:36:00+05:30,25841.94921875,25858.05078125,25840.69921875,25857.099609375,0,-0.000553240996045,-0.0007504508213287,17.3515625,0.8731427285006754,0.0720396217919855,1.52266689519239,0.0003233321768281,25896.849609375,25840.69921875,0.0222616438832655,81,1.0,0.0
2026-01-09 10:37:00+05:30,25853.849609375,25854.349609375,25842.55078125,25843.0,0,0.0004604006942526,2.9009640343636056e-05,11.798828125,0.9195497434199636,0.9576229101142196,1.0450472269314603,0.0003346528463436,25896.849609375,25840.69921875,0.2341994504156666,82,0.0,0.0
2026-01-09 10:38:00+05:30,25844.69921875,25858.099609375,25838.55078125,25855.099609375,0,-0.0003539902348506,-0.0004468305366429,19.548828125,0.5320211809371566,0.3145169347587171,1.574583897051883,0.0003261379974746,25896.849609375,25838.55078125,0.1054641696539247,83,1.0,0.0
2026-01-09 10:39:00+05:30,25851.0,25852.25,25844.400390625,25845.0,0,0.0002437642347977,0.0003501746941999,7.849609375,0.7643692460811147,0.8407564070664344,0.6330230433618422,0.0003532167217534,25896.849609375,25838.55078125,0.2135414921772923,84,0.0,0.0
2026-01-09 10:40:00+05:30,25847.75,25854.80078125,25847.30078125,25852.55078125,0,-0.0001257283785113,-0.000235954378564,7.5,0.6401041666666667,0.0598958333333333,0.6553012850048636,0.0003407354800218,25896.849609375,25838.55078125,0.1577942309625113,85,1.0,0.0
2026-01-09 10:41:00+05:30,25846.80078125,25851.25,25843.900390625,25849.0,0,-3.672413187702043e-05,8.131172440953684e-05,7.349609375,0.2992293382939144,0.3946319425989901,0.6352341402478139,0.0003287618811663,25896.849609375,25838.55078125,0.1415122784682904,86,1.0,0.0
2026-01-09 10:42:00+05:30,25852.099609375,25852.849609375,25846.0,25846.69921875,0,0.0002049880405006,4.253553011222185e-05,6.849609375,0.7884231536926147,0.8905047048759623,0.6281231529740476,0.0003389127101712,25896.849609375,25838.55078125,0.2324030955810914,87,1.0,0.0
2026-01-09 10:43:00+05:30,25855.30078125,25858.099609375,25852.150390625,25852.69921875,0,0.0001238187127917,0.0002920826214154,5.94921875,0.4372948128693368,0.5295469468154957,0.588758311427246,0.0003141932426801,25896.849609375,25838.55078125,0.2873128077992563,88,1.0,0.0
2026-01-09 10:44:00+05:30,25856.44921875,25864.150390625,25855.05078125,25856.55078125,0,4.441688785186375e-05,0.0003732236411444,9.099609375,0.0111611933891393,0.1536810474350719,0.913654815366815,0.0002967272914413,25896.849609375,25838.55078125,0.3070119601996717,89,1.0,0.0
2026-01-09 10:45:00+05:30,25856.25,25859.0,25853.30078125,25856.849609375,0,-7.70482891096508e-06,0.0001605307717328,5.69921875,0.1052090472926662,0.5174777244688142,0.5757013771061043,0.0002942625753444,25896.849609375,25838.55078125,0.3035947602934771,90,1.0,0.0
2026-01-09 10:46:00+05:30,25862.30078125,25862.650390625,25856.150390625,25857.55078125,0,0.0002339888177919,0.0002707008767329,6.5,0.7307692307692307,0.9462139423076924,0.7374252160425437,0.0002275512783241,25896.849609375,25838.55078125,0.4073838319541693,91,0.0,0.0
2026-01-09 10:47:00+05:30,25865.55078125,25868.400390625,25862.349609375,25863.44921875,0,0.0001256576450058,0.0003519416338867,6.05078125,0.3473208521626856,0.5290510006455778,0.7343494441415602,0.0001859916227651,25896.849609375,25838.55078125,0.4631310931689504,92,0.0,1.0
2026-01-09 10:48:00+05:30,25855.94921875,25866.25,25854.099609375,25865.75,0,-0.0003712793561785,-1.1632893380985209e-05,12.150390625,0.8066227294647162,0.152226330171998,1.6200942732883667,0.0001901490514619,25896.849609375,25838.55078125,0.2984354584743207,93,0.0,0.0
2026-01-09 10:49:00+05:30,25855.400390625,25862.0,25855.099609375,25857.80078125,0,-2.122660225139138e-05,-0.0002668483134242,6.900390625,0.3478630059439569,0.0435890178318709,0.9318703347136864,0.0001771635106666,25896.849609375,25838.55078125,0.2890214077523535,94,0.0,0.0
2026-01-09 10:50:00+05:30,25857.400390625,25861.599609375,25856.0,25856.0,0,7.735028738665908e-05,-0.0003151556710434,5.599609375,0.250087199162888,0.250087199162888,0.776123443421765,0.0001704961578975,25896.849609375,25838.55078125,0.3233274146537572,95,0.0,1.0
2026-01-09 10:51:00+05:30,25851.849609375,25858.25,25850.349609375,25858.05078125,0,-0.0002146920046731,-0.0001585683195379,7.900390625,0.7849196538936959,0.1898640296662546,1.086722905808393,0.0001875229650047,25896.849609375,25838.55078125,0.228114844718416,96,0.0,1.0
2026-01-09 10:52:00+05:30,25838.5,25851.400390625,25837.69921875,25851.349609375,0,-0.0005165223208077,-0.0006538640380943,13.701171875,0.9378474697077692,0.0584461867426942,1.7223177019396023,0.0002397651598647,25896.849609375,25837.69921875,0.0135380551428099,97,0.0,0.0
2026-01-09 10:53:00+05:30,25833.05078125,25843.849609375,25832.05078125,25840.30078125,0,-0.0002109175624811,-0.000942131887962,11.798828125,0.6144678033438172,0.084754179771561,1.3815894797026873,0.0002357279818978,25896.849609375,25832.05078125,0.0154323778521264,98,0.0,1.0
2026-01-09 10:54:00+05:30,25831.94921875,25834.30078125,25827.25,25832.599609375,0,-4.2642504603340106e-05,-0.0007700823878923,7.05078125,0.0922437673130193,0.6664819944598338,0.8459087074702408,0.0002319497864125,25896.849609375,25827.25,0.0675178897151676,99,0.0,1.0
2026-01-09 10:55:00+05:30,25829.55078125,25834.19921875,25827.5,25831.19921875,0,-9.285202720485582e-05,-0.0003464120942894,6.69921875,0.2460641399416909,0.3061224489795918,0.7942020931740298,0.0002299516251108,25896.849609375,25827.25,0.033057387400028,100,0.0,1.0
2026-01-09 10:56:00+05:30,25830.900390625,25831.0,25826.900390625,25830.44921875,0,5.2249229137290536e-05,-8.32453026710668e-05,4.099609375,0.110052405907575,0.975702715578847,0.5002502442860889,0.0002062963638105,25896.849609375,25826.900390625,0.0571843413190372,101,0.0,1.0
2026-01-09 10:57:00+05:30,25812.599609375,25831.69921875,25812.599609375,25830.55078125,0,-0.0007087351560622,-0.0007493379541298,19.099609375,0.9398711524695776,0.0,2.0104851973684212,0.0002575917578777,25896.849609375,25812.599609375,0.0,102,0.0,0.0
2026-01-09 10:58:00+05:30,25808.80078125,25813.75,25807.19921875,25813.75,0,-0.0001471803594288,-0.0008036662863537,6.55078125,0.75551580202743,0.24448419797257,0.7327463788696392,0.000251179676007,25893.599609375,25807.19921875,0.0185365192033817,103,1.0,0.0
2026-01-09 10:59:00+05:30,25821.650390625,25824.599609375,25810.400390625,25810.94921875,0,0.0004977531417467,-0.0003581623737443,14.19921875,0.7536451169188446,0.7922971114167813,1.4683902241971318,0.0003295855715915,25890.75,25807.19921875,0.1729627378559072,104,0.0,1.0
2026-01-09 11:00:00+05:30,25812.94921875,25822.05078125,25812.400390625,25821.94921875,0,-0.000337028737443,1.3544044874832331e-05,9.650390625,0.9326047358834244,0.0568710787290022,0.9578551488833748,0.0003265684645803,25884.5,25807.19921875,0.0743847592096619,105,0.0,0.0
2026-01-09 11:01:00+05:30,25812.650390625,25818.599609375,25812.150390625,25813.30078125,0,-1.1576742052921238e-05,0.0001491476622506,6.44921875,0.100847970926711,0.0775287704421562,0.6494758167620621,0.0003299214010969,25884.5,25807.19921875,0.0705189751882358,106,0.0,0.0
2026-01-09 11:02:00+05:30,25811.55078125,25812.900390625,25806.650390625,25811.599609375,0,-4.260053812764454e-05,-0.0003912060176236,6.25,0.0078125,0.7840625,0.6804746310551609,0.0003047810325748,25875.30078125,25806.650390625,0.0713818316310563,107,0.0,0.0
2026-01-09 11:03:00+05:30,25814.099609375,25814.349609375,25807.849609375,25812.69921875,0,9.874270281470912e-05,4.456542263419788e-05,6.5,0.2154447115384615,0.9615384615384616,0.7510211450364452,0.0003084596657785,25868.400390625,25806.650390625,0.1206351214574898,108,0.0,0.0
2026-01-09 11:04:00+05:30,25810.650390625,25813.849609375,25809.900390625,25813.25,0,-0.000133626555291,-7.748439060403755e-05,3.94921875,0.6582591493570722,0.1899109792284866,0.4732592159157402,0.0003087937177235,25868.400390625,25806.650390625,0.0647773279352226,109,0.0,0.0
2026-01-09 11:05:00+05:30,25810.0,25813.80078125,25810.0,25811.0,0,-2.5198854338809216e-05,-6.0082706815153686e-05,3.80078125,0.263103802672148,0.0,0.4718605271453165,0.0003092820793065,25868.400390625,25806.650390625,0.0542446862348178,110,1.0,0.0
2026-01-09 11:06:00+05:30,25813.05078125,25815.150390625,25806.80078125,25811.25,0,0.000118194535479,-4.0630874150906475e-05,8.349609375,0.215672514619883,0.7485380116959064,0.9846373540318308,0.000312994588344,25868.400390625,25806.650390625,0.1036500506072874,111,1.0,0.0
2026-01-09 11:07:00+05:30,25809.55078125,25819.0,25809.55078125,25814.650390625,0,-0.0001355995203429,-4.260383920257824e-05,9.44921875,0.5396858205870194,0.0,1.2574072148872024,0.0002221512316922,25868.400390625,25806.650390625,0.0469698886639676,112,1.0,0.0
2026-01-09 11:08:00+05:30,25811.400390625,25816.05078125,25809.150390625,25811.900390625,0,7.166118925761875e-05,5.425620439382784e-05,6.900390625,0.072459666006227,0.3260684970280215,0.9139826671840642,0.0002180760791052,25868.400390625,25806.650390625,0.0769230769230769,113,1.0,0.0
2026-01-09 11:09:00+05:30,25817.099609375,25818.80078125,25811.19921875,25812.650390625,0,0.0002207780111043,0.0001568396800189,7.6015625,0.5853031860226104,0.776207605344296,1.1032684185163135,0.0001587825997117,25868.400390625,25806.650390625,0.1692181174089068,114,0.0,0.0
2026-01-09 11:10:00+05:30,25819.650390625,25824.30078125,25815.69921875,25817.25,0,9.8797126158142e-05,0.0003912363265201,8.6015625,0.2790644868301544,0.4593551316984559,1.2677029360967185,0.0001152044387608,25868.400390625,25806.650390625,0.2105263157894736,115,0.0,1.0
2026-01-09 11:11:00+05:30,25816.80078125,25821.150390625,25815.5,25821.150390625,0,-0.0001103720071081,0.0002092031301543,5.650390625,0.7697891462150017,0.2302108537849982,0.8426786286446651,0.0001227686881476,25868.400390625,25806.650390625,0.1643787955465587,116,0.0,1.0
2026-01-09 11:12:00+05:30,25813.400390625,25819.150390625,25811.55078125,25816.25,0,-0.0001317209909214,-0.0001432958718714,7.599609375,0.3749678745823696,0.2433821639681316,1.1110159328422136,0.0001304932577127,25868.400390625,25806.650390625,0.1093117408906882,117,0.0,1.0
2026-01-09 11:13:00+05:30,25812.599609375,25816.150390625,25811.150390625,25813.400390625,0,-3.10224015056207e-05,-0.0002731153995352,5.0,0.16015625,0.28984375,0.7473579727914987,0.00012677384186,25868.400390625,25806.650390625,0.0963436234817813,118,0.0,1.0
2026-01-09 11:14:00+05:30,25799.0,25811.75,25799.0,25811.75,0,-0.0005269981861705,-0.0006897415785975,12.75,1.0,0.0,1.6842105263157894,0.0002066853882834,25868.400390625,25799.0,0.0,119,0.0,0.0
2026-01-09 11:15:00+05:30,25805.30078125,25806.25,25799.400390625,25800.150390625,0,0.0002441959753711,-0.0003138246123049,6.849609375,0.7519247219846023,0.8614200171086399,0.8697700949877235,0.0002262089292353,25868.400390625,25799.0,0.0907888441730222,120,0.0,1.0
2026-01-09 11:16:00+05:30,25799.650390625,25807.55078125,25798.05078125,25805.900390625,0,-0.0002189863770536,-0.000501788587853,9.5,0.6578947368421053,0.1683799342105263,1.1889513566365193,0.0002287334942402,25868.400390625,25798.05078125,0.0227379993892112,121,0.0,0.0
2026-01-09 11:17:00+05:30,25801.849609375,25802.30078125,25793.75,25800.30078125,0,8.523855900833131e-05,0.0001104481573255,8.55078125,0.1811329374143444,0.9472361809045228,1.0823238566131026,0.0002304120300137,25866.25,25793.75,0.11171875,122,0.0,1.0
2026-01-09 11:18:00+05:30,25795.75,25803.94921875,25795.75,25803.05078125,0,-0.000236429967657,-0.0003701777857025,8.19921875,0.8904240114340162,0.0,1.021038550407394,0.0002358649439802,25862.0,25793.75,0.0293040293040293,123,0.0,0.0
2026-01-09 11:19:00+05:30,25796.05078125,25799.69921875,25795.94921875,25796.900390625,0,1.1660040760225189e-05,-0.0001395313678885,3.75,0.2265625,0.0270833333333333,0.490509158725698,0.0002166265560059,25861.599609375,25793.75,0.0339100146809061,124,0.0,0.0
2026-01-09 11:20:00+05:30,25798.05078125,25798.30078125,25793.900390625,25797.05078125,0,7.752824219951952e-05,-0.0001472416846972,4.400390625,0.2272525521526853,0.9431868619618288,0.6090506055363322,0.0002147553025066,25858.25,25793.75,0.0666787790697674,125,0.0,0.0
2026-01-09 11:21:00+05:30,25792.400390625,25798.75,25791.30078125,25798.19921875,0,-0.0002190479253134,-0.0001298596423537,7.44921875,0.7784478238070267,0.1476140534871526,1.0059873921873763,0.0002189640249271,25851.400390625,25791.30078125,0.0182964479542426,126,1.0,0.0
2026-01-09 11:22:00+05:30,25799.55078125,25800.349609375,25791.25,25792.94921875,0,0.0002771901627431,0.000135670479629,9.099609375,0.7254775702940545,0.9122129212277312,1.2044673095318117,0.0002475664268355,25843.849609375,25791.25,0.1578107014221529,127,0.0,0.0
2026-01-09 11:23:00+05:30,25796.75,25800.94921875,25796.75,25799.80078125,0,-0.0001085651959672,-5.0422958537618825e-05,4.19921875,0.7265116279069768,0.0,0.5617830733453529,0.0002479923694453,25834.30078125,25791.25,0.1277561019871155,128,0.0,0.0
2026-01-09 11:24:00+05:30,25792.75,25799.30078125,25791.80078125,25798.349609375,0,-0.0001550703150065,1.3554651769251564e-05,7.5,0.7466145833333333,0.1265625,1.0791670179580135,0.000191971447254,25834.19921875,25791.25,0.034924965893588,129,1.0,0.0
2026-01-09 11:25:00+05:30,25800.05078125,25800.599609375,25792.44921875,25793.150390625,0,0.0002830155055814,1.9379994607576826e-05,8.150390625,0.846633117661155,0.9326623532231008,1.1512041711495489,0.0001982909835526,25831.69921875,25791.25,0.2175760502172863,130,1.0,0.0
2026-01-09 11:26:00+05:30,25801.900390625,25802.80078125,25797.30078125,25799.150390625,0,7.168757513188795e-05,0.0001996327657065,5.5,0.5,0.8362926136363636,0.8233677377854449,0.0001869156954984,25831.69921875,25791.25,0.2633027522935779,131,1.0,0.0
2026-01-09 11:27:00+05:30,25801.69921875,25806.69921875,25799.599609375,25802.55078125,0,-7.796815591333401e-06,0.0003469062651219,7.099609375,0.1199449793672627,0.295735900962861,1.0864367266423576,0.0001849893620267,25824.599609375,25791.25,0.3133235724743777,132,1.0,0.0
2026-01-09 11:28:00+05:30,25805.349609375,25806.19921875,25799.30078125,25801.599609375,0,0.0001414686835995,0.0002053594431402,6.8984375,0.5436013590033975,0.8768403171007928,1.0770919736521103,0.0001693988152235,25824.599609375,25791.25,0.4227818448023426,133,1.0,0.0
2026-01-09 11:29:00+05:30,25804.5,25806.19921875,25803.099609375,25805.900390625,0,-3.2924311212230694e-05,0.000100747556796,3.099609375,0.4517958412098298,0.4517958412098298,0.4889244893558027,0.000170727399435,25824.30078125,25791.25,0.4008982389788441,134,0.0,0.0
2026-01-09 11:30:00+05:30,25809.400390625,25816.94921875,25804.75,25805.19921875,0,0.0001898864686698,0.0002984308410571,12.19921875,0.3443804034582132,0.3812039705411463,1.7134862284648305,0.000177562279972,25824.30078125,25791.25,0.5491667651577827,135,0.0,0.0
2026-01-09 11:31:00+05:30,25816.55078125,25818.599609375,25810.25,25810.55078125,0,0.000277007609871,0.0004339697673288,8.349609375,0.7185964912280701,0.7546198830409356,1.1581285725896024,0.0001647428935592,25824.30078125,25791.25,0.7655123507859591,136,0.0,0.0
2026-01-09 11:32:00+05:30,25815.5,25821.650390625,25814.400390625,25816.900390625,0,-4.0702673407122834e-05,0.0004261914051337,7.25,0.1931573275862069,0.1516702586206896,1.0320858588667077,0.0001558068125223,25824.30078125,25791.25,0.7337194185084506,137,0.0,1.0
2026-01-09 11:33:00+05:30,25804.69921875,25815.599609375,25804.400390625,25815.05078125,0,-0.0004184711245241,-0.0001821661880601,11.19921875,0.9243111266131844,0.0266829438437391,1.449810366624526,0.0002135712618243,25824.30078125,25791.25,0.4069258952842454,138,0.0,1.0
2026-01-09 11:34:00+05:30,25791.75,25806.599609375,25791.650390625,25806.19921875,0,-0.0005019422544747,-0.0009611160524061,14.94921875,0.966553436111837,0.0066631826495949,1.7650585739322942,0.0002682775626592,25824.30078125,25791.25,0.0151282354331639,139,0.0,1.0
2026-01-09 11:35:00+05:30,25775.900390625,25791.55078125,25775.5,25791.55078125,0,-0.0006147113453504,-0.0015351247243494,16.05078125,0.9750547578486248,0.024945242151375,1.7334261427155182,0.0003087565300278,25824.30078125,25775.5,0.0082045945729608,140,0.0,1.0
2026-01-09 11:36:00+05:30,25770.30078125,25774.05078125,25766.5,25774.05078125,0,-0.0002172656478934,-0.0013339192477185,7.55078125,0.4966373512674599,0.5033626487325401,0.7977878206318745,0.0003050629036072,25824.30078125,25766.5,0.0657565722781644,141,0.0,1.0
2026-01-09 11:37:00+05:30,25761.19921875,25772.0,25760.099609375,25771.349609375,0,-0.0003532426804824,-0.0011852196737264,11.900390625,0.8529460036107008,0.092401116034794,1.1966533770646346,0.0003101417719502,25824.30078125,25760.099609375,0.0171275592467524,142,0.0,0.0
2026-01-09 11:38:00+05:30,25757.400390625,25763.25,25757.25,25760.650390625,0,-0.0001474740447406,-0.0007179823731165,6.0,0.5416666666666666,0.0250651041666666,0.6088352458529045,0.0002921753307052,25824.30078125,25757.25,0.0022429362073987,143,0.0,0.0
2026-01-09 11:39:00+05:30,25759.94921875,25763.75,25754.05078125,25757.650390625,0,9.8950281658732e-05,-0.0004017664435644,9.69921875,0.2370116794200563,0.608135320177205,0.922431087004978,0.0003026400503451,25824.30078125,25754.05078125,0.0839635231316726,144,0.0,0.0
2026-01-09 11:40:00+05:30,25764.55078125,25765.80078125,25761.30078125,25761.44921875,0,0.0001786164838954,0.0001300927208134,4.5,0.6892361111111112,0.7222222222222222,0.4617789714194091,0.0003011567417589,25821.650390625,25754.05078125,0.1553263413365693,145,0.0,1.0
2026-01-09 11:41:00+05:30,25756.900390625,25765.69921875,25756.05078125,25764.599609375,0,-0.0002969788508366,-1.9412085282467567e-05,9.6484375,0.7979757085020243,0.0880566801619433,0.9770762871101092,0.000257145896845,25821.650390625,25754.05078125,0.0421542284244893,146,0.0,0.0
2026-01-09 11:42:00+05:30,25764.30078125,25765.599609375,25758.599609375,25758.75,0,0.000287275549,0.0001689131820587,7.0,0.79296875,0.814453125,0.7106739902044377,0.0003012874136941,25821.650390625,25754.05078125,0.15162809511427,147,0.0,1.0
2026-01-09 11:43:00+05:30,25759.25,25766.75,25759.25,25764.94921875,0,-0.0001960571889783,-0.000205760490815,7.5,0.7598958333333333,0.0,0.7911490203350022,0.0002912901692264,25821.650390625,25754.05078125,0.0769119644043801,148,0.0,1.0
2026-01-09 11:44:00+05:30,25755.349609375,25762.69921875,25754.0,25761.599609375,0,-0.0001514285527609,-6.021019273936624e-05,8.69921875,0.7184553210597217,0.1551414458913336,0.9824205395151864,0.000267898706199,25821.650390625,25754.0,0.0199497647024857,149,0.0,0.0
2026-01-09 11:45:00+05:30,25758.75,25761.69921875,25754.75,25754.94921875,0,0.0001320178613515,-0.0002154678803878,6.94921875,0.5469364811691961,0.5756042720629567,0.8746957740246332,0.0002212713765144,25821.650390625,25754.0,0.070213933077345,150,0.0,1.0
2026-01-09 11:46:00+05:30,25747.30078125,25760.69921875,25746.19921875,25759.19921875,0,-0.0004445776278676,-0.0004639883192769,14.5,0.8205818965517241,0.0759698275862068,1.6783090313100486,0.0002484771083123,25821.650390625,25746.19921875,0.0145996738370738,151,0.0,0.0
2026-01-09 11:47:00+05:30,25746.05078125,25747.94921875,25744.25,25747.69921875,0,-4.854995692907982e-05,-0.0003611097234451,3.69921875,0.4456177402323125,0.4868004223864836,0.4730742331901288,0.00023054832061,25821.650390625,25744.25,0.0232657902041434,152,0.0,0.0
2026-01-09 11:48:00+05:30,25753.150390625,25754.69921875,25745.150390625,25747.650390625,0,0.0002757172638962,-0.0002174103209003,9.548828125,0.575986909388423,0.8377991409286153,1.168136095381454,0.00025044844621,25821.650390625,25744.25,0.1149915465946655,153,0.0,1.0
2026-01-09 11:49:00+05:30,25746.75,25754.349609375,25745.5,25754.099609375,0,-0.0002485593412571,-2.139203428993012e-05,8.849609375,0.8305009931582432,0.1412491723681306,1.0939688058332129,0.0002566807940093,25821.650390625,25744.25,0.0322995785914355,154,0.0,0.0
2026-01-09 11:50:00+05:30,25748.849609375,25751.599609375,25745.900390625,25747.849609375,0,8.154519578723749e-05,0.0001087031184262,5.69921875,0.1754626456477039,0.5174777244688142,0.694232965359726,0.0002487342350754,25821.650390625,25744.25,0.0594261777990865,155,0.0,1.0
2026-01-09 11:51:00+05:30,25744.80078125,25749.5,25744.5,25747.80078125,0,-0.000157255432568,-0.000324269578038,5.0,0.6,0.06015625,0.6456168667406437,0.0002376818612979,25821.650390625,25744.25,0.0071160009084256,156,0.0,0.0
2026-01-09 11:52:00+05:30,25738.30078125,25746.30078125,25738.30078125,25745.400390625,0,-0.0002525100406643,-0.0003282202774452,8.0,0.887451171875,0.0,1.0198187431530723,0.0002133867600364,25821.650390625,25738.30078125,0.0,157,1.0,0.0
2026-01-09 11:53:00+05:30,25740.19921875,25742.349609375,25735.19921875,25739.650390625,0,7.375651974557908e-05,-0.0003360089534869,7.150390625,0.0767549849767823,0.6992624965856323,0.9155933475053144,0.0002170536921628,25821.650390625,25735.19921875,0.0578361159433386,158,1.0,0.0
2026-01-09 11:54:00+05:30,25741.75,25746.5,25737.900390625,25740.75,0,6.024563071134979e-05,-0.0001185078902073,8.599609375,0.1162843515784692,0.4476493300022712,1.102569239244754,0.00021897495052,25821.650390625,25735.19921875,0.0757743487788898,159,0.0,0.0
2026-01-09 11:55:00+05:30,25747.19921875,25751.30078125,25741.94921875,25742.599609375,0,0.0002116655652532,0.0003456677157103,9.3515625,0.4918546365914787,0.5614035087719298,1.163152268972889,0.0002277188776455,25821.650390625,25735.19921875,0.1388066782640128,160,0.0,0.0
2026-01-09 11:56:00+05:30,25739.099609375,25748.80078125,25737.80078125,25748.80078125,0,-0.0003146316447743,-4.272044880946008e-05,11.0,0.8819247159090909,0.118075284090909,1.4304581936401504,0.0002049430615319,25821.650390625,25735.19921875,0.0451166888823622,161,0.0,0.0
2026-01-09 11:57:00+05:30,25738.80078125,25742.05078125,25738.44921875,25739.69921875,0,-1.1609957777479389e-05,-0.0001145760372983,3.6015625,0.2494577006507592,0.0976138828633405,0.4689486801281725,0.0002049416729738,25821.650390625,25735.19921875,0.0416600772654361,162,0.0,0.0
2026-01-09 11:58:00+05:30,25740.900390625,25742.849609375,25739.0,25739.900390625,0,8.157037932884883e-05,-0.0002446712232228,3.849609375,0.2597666159309995,0.493658041603247,0.5414240193385342,0.0001807203056927,25821.650390625,25735.19921875,0.0659467275150803,163,1.0,0.0
2026-01-09 11:59:00+05:30,25743.25,25743.349609375,25737.849609375,25741.349609375,0,9.12750568399716e-05,0.0001612354783913,5.5,0.3455255681818182,0.9818892045454546,0.8117847156159013,0.0001703840767643,25821.650390625,25735.19921875,0.0931251835618914,164,0.0,0.0
2026-01-09 12:00:00+05:30,25743.150390625,25746.19921875,25742.599609375,25743.900390625,0,-3.8693470214695465e-06,0.0001689760891473,3.599609375,0.2083559413998914,0.1530113944655453,0.5482834533230202,0.0001671958237517,25821.650390625,25735.19921875,0.0919729796895827,165,0.0,0.0
2026-01-09 12:01:00+05:30,25740.75,25744.69921875,25737.30078125,25743.80078125,0,-9.324820413864076e-05,-5.842494320218708e-06,7.3984375,0.4123548046462513,0.4662090813093981,1.0871936168991447,0.0001626106546951,25821.650390625,25735.19921875,0.064207125590222,166,1.0,0.0
2026-01-09 12:02:00+05:30,25744.900390625,25746.0,25738.69921875,25742.150390625,0,0.0001612251414714,6.410759031124395e-05,7.30078125,0.3766720171214553,0.8493846976993045,1.0839809766848394,0.0001476163634698,25815.599609375,25735.19921875,0.1206607554961739,167,1.0,0.0
2026-01-09 12:03:00+05:30,25752.05078125,25752.650390625,25744.5,25745.900390625,0,0.0002777015146814,0.0003456784520141,8.150390625,0.7546129882578481,0.9264318236280852,1.1924219910846954,0.0001677221973532,25806.599609375,25735.19921875,0.2360149902891375,168,0.0,0.0
2026-01-09 12:04:00+05:30,25756.05078125,25757.19921875,25751.599609375,25752.599609375,0,0.000155315373182,0.000594242029335,5.599609375,0.6163236832926404,0.7949075688873387,0.8568439928272564,0.0001712741608302,25791.55078125,25735.19921875,0.3700263413281575,169,0.0,0.0
2026-01-09 12:05:00+05:30,25753.69921875,25757.69921875,25751.94921875,25756.75,0,-9.130552959914544e-05,0.0003417113582644,5.75,0.5305706521739131,0.3043478260869565,0.931174089068826,0.0001673394558984,25774.05078125,25735.19921875,0.4761713251558415,170,0.0,0.0
2026-01-09 12:06:00+05:30,25755.80078125,25756.5,25750.75,25753.30078125,0,8.159902546770268e-05,0.0001456088690507,5.75,0.4347826086956521,0.8783967391304348,1.0176991150442478,0.0001173713794986,25772.0,25735.19921875,0.5598131833138733,171,0.0,0.0
2026-01-09 12:07:00+05:30,25755.900390625,25761.75,25754.69921875,25755.94921875,0,3.867446530906427e-06,-5.839057600332036e-06,7.05078125,0.0069252077562326,0.1703601108033241,1.1761256271584022,0.0001163484628172,25766.75,25735.19921875,0.6561223226445463,172,0.0,1.0
2026-01-09 12:08:00+05:30,25755.94921875,25759.599609375,25755.0,25756.150390625,0,1.8958016600750556e-06,8.736227365871003e-05,4.599609375,0.0437367303609341,0.2063694267515923,0.7577707703198403,0.0001179126869775,25766.75,25735.19921875,0.6576699269530767,173,0.0,1.0
2026-01-09 12:09:00+05:30,25749.849609375,25757.599609375,25749.849609375,25757.099609375,0,-0.0002368513659547,-0.0002310881177637,7.75,0.935483870967742,0.0,1.2311511014582688,0.0001492523828206,25766.75,25735.19921875,0.4643431967314597,174,0.0,1.0
2026-01-09 12:10:00+05:30,25745.75,25751.650390625,25745.75,25750.25,0,-0.0001592217360224,-0.0003941773003171,5.900390625,0.76266137040715,0.0,0.9042744252873562,0.0001603378058997,25766.75,25735.19921875,0.3344063389872477,175,0.0,0.0
2026-01-09 12:11:00+05:30,25748.5,25750.150390625,25741.30078125,25746.55078125,0,0.0001068080417761,-0.000289265060201,8.849609375,0.2202604281615537,0.8135069521077025,1.3267547070363972,0.0001584803364814,25766.75,25735.19921875,0.4215674136436796,176,0.0,0.0
2026-01-09 12:12:00+05:30,25750.400390625,25753.150390625,25747.5,25748.75,0,7.380315352157491e-05,2.1389459275332884e-05,5.650390625,0.2920843415139993,0.5133079847908745,0.8686122620548851,0.0001527513031115,25766.75,25735.19921875,0.4818001733316825,177,0.0,0.0
2026-01-09 12:13:00+05:30,25749.30078125,25753.349609375,25746.44921875,25751.599609375,0,-4.270352449218956e-05,0.0001379076708056,6.900390625,0.3331446362864421,0.4132465326917633,1.0815526847486685,0.0001238837362181,25762.69921875,25735.19921875,0.5127840909090909,178,0.0,0.0
2026-01-09 12:14:00+05:30,25739.349609375,25750.55078125,25734.94921875,25750.30078125,0,-0.0003865384671536,-0.0003554388381242,15.6015625,0.7019278918377566,0.2820480721081622,2.1139545346283115,0.0001572259204151,25761.75,25734.94921875,0.1641888937472671,179,1.0,0.0
2026-01-09 12:15:00+05:30,25744.849609375,25746.5,25740.44921875,25740.44921875,0,0.0002136577864424,-0.0002155842052033,6.05078125,0.7272433828276307,0.7272433828276307,0.816530929601223,0.0001795226124517,25761.75,25734.94921875,0.3694067920128261,180,0.0,0.0
2026-01-09 12:16:00+05:30,25755.30078125,25756.44921875,25743.80078125,25745.69921875,0,0.0004058695727758,0.0002329888920646,12.6484375,0.7591105620753552,0.9092032118591724,1.561497841969474,0.000226053384811,25761.75,25734.94921875,0.7593645241218481,181,0.0,1.0
2026-01-09 12:17:00+05:30,25749.900390625,25756.650390625,25747.25,25756.30078125,0,-0.0002097027298959,0.0004098246293224,9.400390625,0.6808643257843341,0.2819447330147517,1.127800168713094,0.0002353416029767,25761.75,25734.94921875,0.5578632852353884,182,0.0,1.0
2026-01-09 12:18:00+05:30,25742.5,25750.69921875,25740.19921875,25749.44921875,0,-0.0002874362282516,-9.126938537164232e-05,10.5,0.6618303571428571,0.2191220238095238,1.1764448432063377,0.0002492731219211,25761.75,25734.94921875,0.2817373560705437,183,0.0,0.0
2026-01-09 12:19:00+05:30,25745.150390625,25746.349609375,25741.150390625,25743.0,0,0.0001029524791764,-0.0003941864789711,5.19921875,0.4135987978963185,0.7693463561232157,0.599671104503165,0.0002444232996658,25761.75,25734.94921875,0.3806296458242239,184,0.0,1.0
2026-01-09 12:20:00+05:30,25738.55078125,25746.650390625,25738.55078125,25746.30078125,0,-0.0002563766497329,-0.0004408603988081,8.099609375,0.9568362671810948,0.0,0.9110881648614804,0.0002524484285274,25761.75,25734.94921875,0.1343827430403731,185,0.0,0.0
2026-01-09 12:21:00+05:30,25741.150390625,25745.19921875,25738.0,25739.150390625,0,0.0001009955115523,-5.242865900417431e-05,7.19921875,0.277807921866522,0.4376017362995116,0.8251253581661891,0.0002521101004048,25761.75,25734.94921875,0.2313802652674537,186,0.0,1.0
2026-01-09 12:22:00+05:30,25737.0,25744.94921875,25736.400390625,25741.849609375,0,-0.0001612486308268,-0.0003166297690073,8.548828125,0.5672835275302719,0.0701393648617774,0.9483057457318658,0.0002524643718961,25761.75,25734.94921875,0.0765194578049847,187,0.0,0.0
2026-01-09 12:23:00+05:30,25737.94921875,25739.94921875,25734.80078125,25738.099609375,0,3.688080375062933e-05,-2.3372315523660116e-05,5.1484375,0.0292109256449165,0.6115326251896813,0.5824255949092999,0.0002540412888428,25761.75,25734.80078125,0.1168285258733149,188,0.0,1.0
2026-01-09 12:24:00+05:30,25731.099609375,25739.25,25731.099609375,25739.25,0,-0.0002661642121389,-0.0003905320392149,8.150390625,1.0,0.0,1.006900878293601,0.0002383813274713,25761.75,25731.099609375,0.0,189,0.0,0.0
2026-01-09 12:25:00+05:30,25736.69921875,25738.55078125,25731.75,25731.75,0,0.0002175966147608,-1.168679362733003e-05,6.80078125,0.7277426766226307,0.7277426766226307,0.8324567275509228,0.000238835260993,25761.75,25731.099609375,0.182692920410374,190,0.0,1.0
2026-01-09 12:26:00+05:30,25732.150390625,25738.150390625,25731.349609375,25738.150390625,0,-0.0001767604355398,-0.0002253280329178,6.80078125,0.8822515795519816,0.1177484204480183,0.8966369676057063,0.0001853084137128,25761.75,25731.099609375,0.0342828012489645,191,0.0,1.0
2026-01-09 12:27:00+05:30,25728.30078125,25733.150390625,25727.349609375,25732.80078125,0,-0.0001496142880412,-0.0001087781088203,5.80078125,0.7757575757575758,0.1639730639730639,0.8028980022167554,0.0001819365213298,25761.75,25727.349609375,0.0276500312269346,192,0.0,1.0
2026-01-09 12:28:00+05:30,25726.5,25730.44921875,25725.400390625,25727.25,0,-6.999468362106834e-05,-0.0003963694072022,5.048828125,0.1485493230174081,0.2177949709864603,0.7558479532163743,0.0001673167226851,25761.75,25725.400390625,0.0302509268712052,193,0.0,1.0
2026-01-09 12:29:00+05:30,25716.75,25728.0,25715.650390625,25726.94921875,0,-0.0003790584815984,-0.0005986674532607,12.349609375,0.8258737940850862,0.089040012652222,1.6700562584189536,0.0001831423740783,25761.75,25715.650390625,0.0238529000550777,194,1.0,0.0
2026-01-09 12:30:00+05:30,25723.25,25724.69921875,25716.900390625,25717.0,0,0.0002527216187634,-0.0001963315464561,7.798828125,0.8014024542950163,0.8141748059103431,1.0589545707693533,0.000207223488005,25761.75,25715.650390625,0.1648519256026776,195,0.0,0.0
2026-01-09 12:31:00+05:30,25722.599609375,25725.44921875,25718.25,25722.75,0,-2.5284474062450405e-05,-0.0001516213368974,7.19921875,0.0208898534997287,0.6041779706999457,0.9775373272867108,0.0002000834079803,25761.75,25715.650390625,0.1507435495487861,196,0.0,0.0
2026-01-09 12:32:00+05:30,25726.0,25726.599609375,25721.25,25723.05078125,0,0.0001321859353128,0.0003596230800137,5.349609375,0.5512960934647682,0.8879152975538518,0.7593778591033852,0.0002069543371346,25761.75,25715.650390625,0.2245053594882006,197,0.0,1.0
2026-01-09 12:33:00+05:30,25720.19921875,25729.0,25720.0,25727.099609375,0,-0.0002255086425302,-0.0001186071812798,9.0,0.7667100694444444,0.0221354166666666,1.2113246234326125,0.0002123011890841,25761.75,25715.650390625,0.0986738973859255,198,0.0,1.0
2026-01-09 12:34:00+05:30,25718.650390625,25722.150390625,25714.150390625,25720.69921875,0,-6.022016966665329e-05,-0.0001535428768841,8.0,0.256103515625,0.5625,1.0789168686123696,0.0002007218413973,25761.75,25714.150390625,0.0945385909482581,199,0.0,1.0
2026-01-09 12:35:00+05:30,25710.94921875,25718.0,25710.94921875,25718.0,0,-0.0002994840321936,-0.0005852128443907,7.05078125,1.0,0.0,0.9477055549721728,0.0001909512985353,25761.75,25710.94921875,0.0,200,0.0,1.0
2026-01-09 12:36:00+05:30,25699.25,25711.44921875,25699.0,25711.44921875,0,-0.0004551322161648,-0.0008148364180252,12.44921875,0.9799184185754628,0.0200815814245371,1.555241069685731,0.0002212546472066,25761.75,25699.0,0.0039840637450199,201,0.0,1.0
2026-01-09 12:37:00+05:30,25684.0,25700.599609375,25684.0,25700.599609375,0,-0.0005935786641662,-0.0013481949125247,16.599609375,1.0,0.0,1.8272310966826475,0.0002660874255819,25759.599609375,25684.0,0.0,202,0.0,0.0
2026-01-09 12:38:00+05:30,25691.94921875,25692.30078125,25681.400390625,25684.44921875,0,0.000309452922401,-0.0007392579579299,10.900390625,0.6880487367855223,0.9677477154631786,1.127269789331233,0.0003063170044346,25757.599609375,25681.400390625,0.1384374839801097,203,0.0,0.0
2026-01-09 12:39:00+05:30,25695.19921875,25700.44921875,25691.05078125,25692.900390625,0,0.0001264907706753,-0.0001576349710898,9.3984375,0.2445968412302576,0.4413965087281795,1.0025417725738572,0.0003031519051017,25756.650390625,25681.400390625,0.1833731312292358,204,0.0,1.0
2026-01-09 12:40:00+05:30,25689.650390625,25695.19921875,25687.099609375,25695.19921875,0,-0.0002159713685551,0.0002199723245213,8.099609375,0.6850735471425127,0.3149264528574873,0.8612311015118791,0.0002807393803453,25756.650390625,25681.400390625,0.1096345514950166,205,0.0,1.0
2026-01-09 12:41:00+05:30,25679.55078125,25690.80078125,25674.69921875,25690.44921875,0,-0.0003932165295443,-0.000482697127424,16.1015625,0.6768558951965066,0.3013100436681222,1.5640295959021058,0.0002893657465892,25756.650390625,25674.69921875,0.0592006482518649,206,0.0,0.0
2026-01-09 12:42:00+05:30,25677.30078125,25682.30078125,25675.0,25680.400390625,0,-8.762219384502004e-05,-0.0006968100919444,7.30078125,0.4245585874799358,0.3151417870518994,0.6959727419985478,0.0002718927182168,25756.650390625,25674.69921875,0.0317452751495507,207,1.0,0.0
2026-01-09 12:43:00+05:30,25682.900390625,25684.650390625,25677.25,25678.55078125,0,0.0002180524713463,-0.0002627862520428,7.400390625,0.5877540248086567,0.7635259963050937,0.716392512762337,0.0003000814670423,25756.650390625,25674.69921875,0.100073881646369,208,0.0,0.0
2026-01-09 12:44:00+05:30,25689.150390625,25689.150390625,25682.94921875,25683.30078125,0,0.0002433229717632,0.0003737532492647,6.201171875,0.9433070866141732,1.0,0.6109411379861072,0.0003240212373271,25756.650390625,25674.69921875,0.176338806930575,209,0.0,1.0
2026-01-09 12:45:00+05:30,25684.150390625,25689.30078125,25681.150390625,25688.94921875,0,-0.0001946536406946,0.000266721802415,8.150390625,0.5887850467289719,0.3680805176132279,0.7943729536282647,0.0003190386157622,25756.650390625,25674.69921875,0.1153268667032102,210,0.0,0.0
2026-01-09 12:46:00+05:30,25685.099609375,25690.099609375,25684.150390625,25685.599609375,0,3.6956691020696986e-05,8.562602208930971e-05,5.94921875,0.0840446487196323,0.1595535128036769,0.6190553613527356,0.0002960314512335,25756.650390625,25674.69921875,0.126909602230749,211,0.0,0.0
2026-01-09 12:47:00+05:30,25685.19921875,25686.55078125,25681.69921875,25685.55078125,0,3.878092098739463e-06,-0.0001538188575751,4.8515625,0.072463768115942,0.7214170692431562,0.575146449327375,0.0002276711503182,25750.69921875,25674.69921875,0.1381578947368421,212,0.0,0.0
2026-01-09 12:48:00+05:30,25680.44921875,25689.69921875,25680.44921875,25685.80078125,0,-0.0001849485077295,-0.0001441137246101,9.25,0.5785472972972973,0.0,1.1184583412053657,0.0002068616486433,25746.650390625,25674.69921875,0.0799153071473167,213,0.0,0.0
2026-01-09 12:49:00+05:30,25673.44921875,25681.55078125,25665.25,25680.94921875,0,-0.0002726180584663,-0.000453688474097,16.30078125,0.4601006470165348,0.5029954469206805,1.8191725881686212,0.0002086412332919,25746.650390625,25665.25,0.1007270196991146,214,1.0,0.0
2026-01-09 12:50:00+05:30,25678.150390625,25678.69921875,25672.849609375,25673.80078125,0,0.0001830973883537,-0.000274469177842,5.849609375,0.7435726210350584,0.9061769616026712,0.6696328757322362,0.0002186635668272,25745.19921875,25665.25,0.1613573068842527,215,1.0,0.0
2026-01-09 12:51:00+05:30,25685.349609375,25690.05078125,25677.75,25679.44921875,0,0.0002803243080063,0.0001908036378939,12.30078125,0.479676087646872,0.6178151794220388,1.472183263207106,0.0002025493934064,25744.94921875,25665.25,0.2521933049061413,216,1.0,0.0
2026-01-09 12:52:00+05:30,25693.5,25693.75,25682.19921875,25684.80078125,0,0.0003172663753793,0.0007806880717397,11.55078125,0.7531281704430166,0.9783564423402096,1.3155084971972597,0.0002179549444718,25739.94921875,25665.25,0.3781833394341892,217,0.0,0.0
2026-01-09 12:53:00+05:30,25696.75,25698.80078125,25691.19921875,25694.30078125,0,0.0001264831365612,0.0007240738199471,7.6015625,0.3221993833504625,0.7302158273381295,0.8637564082647197,0.0002125773020958,25739.25,25665.25,0.4256756756756756,218,0.0,1.0
2026-01-09 12:54:00+05:30,25692.900390625,25698.349609375,25691.650390625,25696.80078125,0,-0.0001498204153146,0.0002939290966259,6.69921875,0.5822157434402332,0.1865889212827988,0.7569404599020171,0.0002099934678255,25738.55078125,25665.25,0.3772182254196642,219,0.0,0.0
2026-01-09 12:55:00+05:30,25695.150390625,25695.150390625,25688.099609375,25691.900390625,0,8.756899579689075e-05,6.423171704345115e-05,7.05078125,0.4609418282548476,1.0,0.8066858841143214,0.0001973293045849,25738.150390625,25665.25,0.4101540522438044,220,0.0,0.0
2026-01-09 12:56:00+05:30,25694.94921875,25699.44921875,25692.0,25694.19921875,0,-7.829207436041423e-06,-7.008062695383673e-05,7.44921875,0.1006816990036706,0.3959098059779758,0.8378918693292912,0.0001979842779246,25733.150390625,25665.25,0.4373939306774054,221,0.0,1.0
2026-01-09 12:57:00+05:30,25683.75,25696.05078125,25683.75,25694.150390625,0,-0.000435947935532,-0.0003562081471712,12.30078125,0.8455065100031756,0.0,1.2766302475016722,0.0002488187388776,25730.44921875,25665.25,0.2837457312324007,222,1.0,0.0
2026-01-09 12:58:00+05:30,25687.0,25690.099609375,25683.30078125,25683.650390625,0,0.000126531148731,-0.0003172459942371,6.798828125,0.492674518816432,0.54409652398736,0.7240317816880901,0.0002433137178089,25729.0,25665.25,0.3411764705882353,223,0.0,0.0
2026-01-09 12:59:00+05:30,25689.69921875,25692.30078125,25684.94921875,25686.5,0,0.000105075600166,-0.0002043411866349,7.3515625,0.4351753453772582,0.6461211477151966,0.8653669302924406,0.0002201016246631,25729.0,25665.25,0.3835171568627451,224,0.0,0.0
2026-01-09 13:00:00+05:30,25694.0,25697.849609375,25691.30078125,25691.30078125,0,0.0001673986624332,0.0003990054113303,6.548828125,0.4121682075753057,0.4121682075753057,0.7645824782231952,0.000219206197206,25729.0,25665.25,0.4509803921568627,225,0.0,1.0
2026-01-09 13:01:00+05:30,25688.19921875,25696.94921875,25688.05078125,25695.55078125,0,-0.0002257895287801,4.668473381922688e-05,8.8984375,0.8261633011413521,0.0166812993854258,1.0818768996960486,0.0002215365182852,25729.0,25665.25,0.3599877450980392,226,0.0,0.0
2026-01-09 13:02:00+05:30,25687.75,25691.30078125,25687.25,25689.25,0,-1.7487511446205798e-05,-7.587837779322714e-05,4.05078125,0.3702989392478303,0.1234329797492767,0.5419105351170569,0.000193670685897,25729.0,25665.25,0.3529411764705882,227,0.0,0.0
2026-01-09 13:03:00+05:30,25683.69921875,25689.55078125,25681.349609375,25688.650390625,0,-0.0001577055473419,-0.0004009825875683,8.201171875,0.6037151702786377,0.2864967849487973,1.0884159776043962,0.0001902193153399,25722.150390625,25665.25,0.3242371194178423,228,1.0,0.0
2026-01-09 13:04:00+05:30,25689.25,25690.75,25680.650390625,25683.80078125,0,0.0002160974347789,4.090437599086753e-05,10.099609375,0.5395474763101914,0.8514794043705279,1.2824900793650793,0.0002037674388111,25718.0,25665.25,0.4549763033175355,229,0.0,0.0
2026-01-09 13:05:00+05:30,25686.69921875,25689.30078125,25684.80078125,25688.55078125,0,-9.92986520301392e-05,-4.090676459311586e-05,4.5,0.4114583333333333,0.421875,0.5905572358640487,0.0002019571290205,25711.44921875,25665.25,0.4642766551111862,230,0.0,0.0
2026-01-09 13:06:00+05:30,25685.30078125,25687.80078125,25683.25,25686.5,0,-5.444356849438728e-05,6.235521425453997e-05,4.55078125,0.263519313304721,0.4506437768240343,0.6208366640021317,0.0002018522129969,25700.599609375,25665.25,0.5672136582131609,231,1.0,0.0
2026-01-09 13:07:00+05:30,25688.400390625,25689.19921875,25683.349609375,25685.400390625,0,0.0001206691092156,-3.3073111308866455e-05,5.849609375,0.5128547579298831,0.8634390651085142,0.8750401729628656,0.0001498283248291,25700.44921875,25665.25,0.6576961491510376,232,0.0,0.0
2026-01-09 13:08:00+05:30,25691.650390625,25694.30078125,25687.650390625,25687.650390625,0,0.0001265082441498,0.0001927337848712,6.650390625,0.6014684287812041,0.6014684287812041,0.997042546338321,0.0001498264832835,25700.44921875,25665.25,0.750027743868605,233,0.0,0.0
2026-01-09 13:09:00+05:30,25688.349609375,25695.650390625,25688.349609375,25692.599609375,0,-0.0001284850624577,0.0001186922909076,7.30078125,0.5821294810058855,0.0,1.0953846153846154,0.0001529343633585,25699.44921875,25665.25,0.6754426042261564,234,0.0,0.0
2026-01-09 13:10:00+05:30,25690.55078125,25692.0,25686.349609375,25689.19921875,0,8.568388422537003e-05,8.370706591735766e-05,5.650390625,0.2391980642931213,0.7435188385758728,0.8593494727461756,0.0001446426095263,25699.44921875,25665.25,0.7398058252427184,235,0.0,0.0
2026-01-09 13:11:00+05:30,25694.849609375,25695.150390625,25691.150390625,25692.44921875,0,0.0001673171018363,0.0001245159236038,4.0,0.60009765625,0.9248046875,0.6573161729306416,0.0001335037188856,25699.44921875,25665.25,0.8655054254711594,236,0.0,0.0
2026-01-09 13:12:00+05:30,25692.69921875,25695.30078125,25690.30078125,25694.75,0,-8.369306087925728e-05,0.0001693079251822,5.0,0.41015625,0.4796875,0.8090256928862624,0.0001374761061007,25699.44921875,25665.25,0.802627070245574,237,0.0,0.0
2026-01-09 13:13:00+05:30,25692.30078125,25692.94921875,25689.94921875,25692.599609375,0,-1.5507930330189807e-05,6.811611062680424e-05,3.0,0.099609375,0.7838541666666666,0.5300207039337475,0.0001238124418867,25699.44921875,25665.25,0.7909765848086807,238,0.0,0.0
2026-01-09 13:14:00+05:30,25691.05078125,25698.30078125,25690.69921875,25692.849609375,0,-4.865389127942215e-05,-0.0001478548824888,7.6015625,0.236639260020555,0.0462487153134635,1.4050034294790803,0.0001076804553495,25699.44921875,25665.25,0.7544260422615648,239,0.0,0.0
2026-01-09 13:15:00+05:30,25696.599609375,25698.55078125,25686.150390625,25691.05078125,0,0.0002159595974669,0.0001517977758574,12.400390625,0.4474720428413923,0.8426523862025516,1.999936999937,0.0001186852016491,25699.44921875,25665.25,0.9166761850371216,240,0.0,0.0
2026-01-09 13:16:00+05:30,25692.19921875,25698.80078125,25691.30078125,25697.44921875,0,-0.0001712587465013,-3.953040313701327e-06,7.5,0.7,0.1197916666666666,1.1546788549434688,0.0001336577388748,25699.44921875,25665.25,0.7880068532267276,241,0.0,0.0
2026-01-09 13:17:00+05:30,25686.69921875,25694.94921875,25685.25,25692.25,0,-0.0002140956769518,-0.0001693948259862,9.69921875,0.5722915827627869,0.1494160289971808,1.409714139722372,0.0001486338513226,25699.44921875,25665.25,0.6271844660194175,242,1.0,0.0
2026-01-09 13:18:00+05:30,25693.05078125,25693.849609375,25686.150390625,25686.650390625,0,0.0002472399158171,-0.0001381145076358,7.69921875,0.8313039066463724,0.8962455606291223,1.1022257018230623,0.000164685871471,25699.44921875,25665.25,0.8129069103369503,243,1.0,0.0
2026-01-09 13:19:00+05:30,25702.5,25703.150390625,25693.94921875,25694.19921875,0,0.0003677057143208,0.0004008499531863,9.201171875,0.9021439184886436,0.9293143706219488,1.2823583852791465,0.0001922852021932,25703.150390625,25672.849609375,0.978535516307851,244,1.0,0.0
2026-01-09 13:20:00+05:30,25704.44921875,25708.349609375,25702.5,25703.099609375,0,7.583483480559285e-05,0.0006907804649437,5.849609375,0.2307178631051752,0.3332220367278798,0.8129970954694753,0.0001921361360051,25708.349609375,25677.75,0.8725346269228315,245,0.0,0.0
2026-01-09 13:21:00+05:30,25705.94921875,25707.349609375,25700.900390625,25705.150390625,0,5.8353953519806754e-05,0.0005018945026463,6.44921875,0.1238643246517262,0.7828588734100546,0.8668259260231538,0.000188047282608,25708.349609375,25680.650390625,0.9133408546044282,246,0.0,0.0
2026-01-09 13:22:00+05:30,25712.849609375,25715.05078125,25704.94921875,25705.94921875,0,0.0002683995279426,0.0004025883162679,10.1015625,0.6831013147718484,0.7820959010054138,1.2706055767104778,0.0001945022714503,25715.05078125,25680.650390625,0.936013172088798,247,0.0,1.0
2026-01-09 13:23:00+05:30,25707.5,25716.349609375,25707.5,25713.25,0,-0.000208073629796,0.0001186798516663,8.849609375,0.649746192893401,0.0,1.0368421052631578,0.0002134425799518,25716.349609375,25680.650390625,0.7521063573695153,248,0.0,0.0
2026-01-09 13:24:00+05:30,25702.349609375,25708.69921875,25702.099609375,25707.099609375,0,-0.0002003659096987,-0.0001400400115521,6.599609375,0.7197395679195028,0.0378810298905001,0.7824113737930396,0.0002269219412776,25716.349609375,25680.650390625,0.6078345552029762,249,0.0,0.0
2026-01-09 13:25:00+05:30,25701.099609375,25703.650390625,25700.400390625,25702.44921875,0,-4.8634868641894886e-05,-0.0004570744081366,3.25,0.4152644230769231,0.2151442307692307,0.4321853410212457,0.0002199586581437,25716.349609375,25680.650390625,0.5728197833460992,250,0.0,0.0
2026-01-09 13:26:00+05:30,25704.30078125,25706.849609375,25699.0,25701.25,0,0.0001245461315275,-0.0001244546468131,7.849609375,0.3886538940034834,0.6752923612839015,1.039011400946201,0.000211478667231,25716.349609375,25680.650390625,0.6624904256483204,251,0.0,0.0
2026-01-09 13:27:00+05:30,25705.599609375,25706.150390625,25703.150390625,25705.0,0,5.052832685558319e-05,0.0001264395897413,3.0,0.1998697916666666,0.81640625,0.4357323196505064,0.0001907004018181,25716.349609375,25680.650390625,0.6988729620308568,252,0.0,0.0
2026-01-09 13:28:00+05:30,25707.650390625,25708.5,25702.44921875,25705.150390625,0,7.977637091957013e-05,0.0002548508293026,6.05078125,0.4131697869593286,0.8595868302130407,0.9003981747900137,0.0001808520281807,25716.349609375,25680.650390625,0.7563190721085458,253,0.0,1.0
2026-01-09 13:29:00+05:30,25709.150390625,25710.0,25703.80078125,25708.19921875,0,5.8346687372012445e-05,0.0001886513851471,6.19921875,0.1534341524889729,0.8629489603024575,0.9656221478551872,0.0001445841516365,25716.349609375,25680.650390625,0.7983367983367984,254,0.0,1.0
2026-01-09 13:30:00+05:30,25705.19921875,25710.80078125,25705.19921875,25708.599609375,0,-0.0001536991875924,-1.5576129301006098e-05,5.6015625,0.6070432357043236,0.0,0.875912408759124,0.0001537030825571,25716.349609375,25680.650390625,0.6876572929204509,255,0.0,0.0
2026-01-09 13:31:00+05:30,25698.0,25706.05078125,25697.400390625,25705.30078125,0,-0.0002801078106611,-0.0003754603108815,8.650390625,0.8439828403702867,0.0693158726574847,1.3076468851490994,0.0001758144193389,25716.349609375,25680.650390625,0.4859940912572491,256,0.0,0.0
2026-01-09 13:32:00+05:30,25691.75,25700.349609375,25689.55078125,25698.44921875,0,-0.0002432391685429,-0.0006770461667966,10.798828125,0.6203653463555797,0.2036534635557967,1.6153913577000614,0.0001518396785453,25716.349609375,25680.650390625,0.3109202319728635,257,1.0,0.0
2026-01-09 13:33:00+05:30,25691.05078125,25693.25,25688.099609375,25692.69921875,0,-2.7216062161295976e-05,-0.0005505630413654,5.150390625,0.3200606750094805,0.5729996207811907,0.8155754183032814,0.0001458182864539,25716.349609375,25680.650390625,0.2913338439654229,258,1.0,0.0
2026-01-09 13:34:00+05:30,25694.69921875,25696.44921875,25690.19921875,25692.849609375,0,0.0001420019171123,-0.0001284533135917,6.25,0.2959375,0.72,0.9952105492318218,0.0001503665129675,25716.349609375,25683.25,0.3459019295450522,259,1.0,0.0
2026-01-09 13:35:00+05:30,25702.30078125,25709.69921875,25695.849609375,25695.849609375,0,0.0002957979086494,0.0004105837636005,13.849609375,0.4658017204907629,0.4658017204907629,1.886857720656715,0.00018174029674,25716.349609375,25683.25,0.5755590960051926,260,0.0,0.0
2026-01-09 13:36:00+05:30,25716.349609375,25716.349609375,25697.900390625,25702.849609375,0,0.000546448744487,0.0009842485702489,18.44921875,0.7317383019267415,1.0,2.1963355654761902,0.000249135526666,25716.349609375,25683.349609375,1.0,261,0.0,0.0
2026-01-09 13:37:00+05:30,25721.94921875,25723.94921875,25714.30078125,25717.30078125,0,0.000217721406994,0.0010599680601305,9.6484375,0.4817813765182186,0.7927125506072874,1.0643799017495477,0.0002549510073803,25723.94921875,25685.25,0.9483193701423236,262,0.0,0.0
2026-01-09 13:38:00+05:30,25722.150390625,25730.400390625,25722.150390625,25722.94921875,0,7.820989249526511e-06,0.0007719911407308,8.25,0.0968276515151515,0.0,0.8885523160419033,0.0002554581017987,25730.400390625,25685.25,0.8172773283730588,263,0.0,1.0
2026-01-09 13:39:00+05:30,25716.099609375,25723.55078125,25715.69921875,25722.44921875,0,-0.0002352638854513,-9.7214892076256e-06,7.8515625,0.8087064676616915,0.0509950248756218,0.8308531746031746,0.0002715726987375,25730.400390625,25685.25,0.6832633992300039,264,0.0,1.0
2026-01-09 13:40:00+05:30,25708.0,25716.349609375,25707.0,25716.349609375,0,-0.000315012202586,-0.0005424550987878,9.349609375,0.8930436599122624,0.1069563400877376,0.9516331033934358,0.0002878062779321,25730.400390625,25685.25,0.5038716096379288,265,0.0,1.0
2026-01-09 13:41:00+05:30,25704.349609375,25710.099609375,25702.349609375,25708.900390625,0,-0.0001420044272969,-0.0006922805153344,7.75,0.5871975806451613,0.2580645161290322,0.7961157256931906,0.0002753342163864,25730.400390625,25685.25,0.4230220184279967,266,0.0,1.0
2026-01-09 13:42:00+05:30,25696.0,25705.849609375,25695.94921875,25704.44921875,0,-0.0003248853173916,-0.0007819019472747,9.900390625,0.853422765831525,0.0051292168080489,1.026487384067069,0.0002851964556542,25730.400390625,25685.25,0.2380931781805597,267,0.0,1.0
2026-01-09 13:43:00+05:30,25688.099609375,25698.80078125,25688.099609375,25696.849609375,0,-0.0003075033229078,-0.0007743930675963,10.701171875,0.8176674575652492,0.0,1.0491344975490198,0.0003031807419643,25730.400390625,25685.25,0.0631137258294761,268,0.0,1.0
2026-01-09 13:44:00+05:30,25683.80078125,25691.099609375,25681.30078125,25688.75,0,-0.000167361071027,-0.0007997497113264,9.798828125,0.5050827187562288,0.2551325493322703,0.9283692011620804,0.0003015577863358,25730.400390625,25681.30078125,0.0509169020247424,269,0.0,0.0
2026-01-09 13:45:00+05:30,25683.80078125,25691.94921875,25682.900390625,25684.900390625,0,0.0,-0.0004748643939347,9.048828125,0.1215195337794085,0.0995035614072955,0.8981641238392494,0.0002783063685261,25730.400390625,25681.30078125,0.0509169020247424,270,0.0,1.0
2026-01-09 13:46:00+05:30,25679.400390625,25685.650390625,25678.94921875,25684.69921875,0,-0.0001713440959819,-0.0003387051670089,6.701171875,0.7907315651413582,0.0673273098222092,0.7529406601123595,0.0001741493756667,25730.400390625,25678.94921875,0.0087689329233572,271,0.0,0.0
2026-01-09 13:47:00+05:30,25675.099609375,25680.25,25674.400390625,25679.80078125,0,-0.0001674938422165,-0.0003388379381984,5.849609375,0.8036727879799667,0.1195325542570951,0.6865644270224422,0.000119252107333,25730.400390625,25674.400390625,0.0124860491071428,272,0.0,0.0
2026-01-09 13:48:00+05:30,25672.150390625,25676.94921875,25670.650390625,25676.599609375,0,-0.0001148734841006,-0.000453711422299,6.298828125,0.7063565891472868,0.2381395348837209,0.7566159909909911,0.0001026771528232,25730.400390625,25670.650390625,0.0251046025104602,273,0.0,0.0
2026-01-09 13:49:00+05:30,25681.5,25682.5,25671.900390625,25672.19921875,0,0.0003641263827278,8.17590564107025e-05,10.599609375,0.8774645292058227,0.9056569006817764,1.2325407099543502,0.0002026072167752,25730.400390625,25670.650390625,0.181583420502092,274,0.0,0.0
2026-01-09 13:50:00+05:30,25682.349609375,25687.599609375,25679.599609375,25681.599609375,0,3.30819976127163e-05,0.0002823348962399,8.0,0.09375,0.34375,0.9450853714813106,0.0001980245084683,25730.400390625,25670.650390625,0.1958028242677824,275,0.0,1.0
2026-01-09 13:51:00+05:30,25674.5,25683.25,25673.5,25682.30078125,0,-0.0003056889001498,9.151948019056834e-05,9.75,0.8000801282051282,0.1025641025641025,1.1252366783878822,0.0002083919115378,25730.400390625,25670.650390625,0.0644286087866108,276,0.0,0.0
2026-01-09 13:52:00+05:30,25672.0,25677.80078125,25670.69921875,25674.900390625,0,-9.737762075219044e-05,-0.0003699845232893,7.1015625,0.4084158415841584,0.1831683168316831,0.8469404393095897,0.0001950700128882,25730.400390625,25670.650390625,0.0225876046025104,277,0.0,0.0
2026-01-09 13:53:00+05:30,25674.30078125,25676.400390625,25666.400390625,25671.349609375,0,8.961818929642696e-05,-0.0003134483316057,10.0,0.2951171875,0.7900390625,1.2026684205581133,0.000186901676842,25730.400390625,25666.400390625,0.123443603515625,278,0.0,0.0
2026-01-09 13:54:00+05:30,25671.650390625,25675.900390625,25669.25,25674.94921875,0,-0.0001032365967272,-0.0001109960281831,6.650390625,0.4960352422907489,0.3609397944199706,0.831298828125,0.0001836415526853,25730.400390625,25666.400390625,0.08203125,279,0.0,0.0
2026-01-09 13:55:00+05:30,25665.25,25672.349609375,25665.25,25671.69921875,0,-0.0002493485430347,-0.0002629669504656,7.099609375,0.9083906464924346,0.0,0.9096141334267556,0.0001931831195126,25730.400390625,25665.25,0.0,280,1.0,0.0
2026-01-09 13:56:00+05:30,25674.400390625,25675.75,25667.099609375,25667.5,0,0.0003564648630159,3.879723254062545e-06,8.650390625,0.7976969970648001,0.8439828403702867,1.081298828125,0.0002314207033824,25730.400390625,25665.25,0.1404502803009863,281,0.0,0.0
2026-01-09 13:57:00+05:30,25676.400390625,25676.55078125,25670.099609375,25674.44921875,0,7.789557204887643e-05,0.0001850118920302,6.451171875,0.3024523160762943,0.9766878595216468,0.8003780168653678,0.0002269480190574,25730.400390625,25665.25,0.171148484575951,282,1.0,0.0
2026-01-09 13:58:00+05:30,25681.25,25687.650390625,25677.900390625,25677.900390625,0,0.0001888563574279,0.0006232167924927,9.75,0.3435496794871794,0.3435496794871794,1.1599860578598815,0.0002294236138134,25730.400390625,25665.25,0.2455856341997182,283,0.0,0.0
2026-01-09 13:59:00+05:30,25683.849609375,25687.599609375,25681.55078125,25681.55078125,0,0.0001012208443861,0.0003679727738629,6.048828125,0.3800452050371327,0.3800452050371327,0.7608401916226508,0.0002008583702012,25730.400390625,25665.25,0.2854873040141499,284,0.0,0.0
2026-01-09 14:00:00+05:30,25689.0,25692.94921875,25683.900390625,25683.900390625,0,0.0002005102181957,0.0004905874200096,9.048828125,0.5635657241528168,0.5635657241528168,1.1233693807283838,0.0002098517992799,25730.400390625,25665.25,0.3645411757652067,285,0.0,1.0
2026-01-09 14:01:00+05:30,25685.599609375,25691.94921875,25685.0,25689.75,0,-0.0001323763360034,0.0001693547265783,6.94921875,0.5972456436200112,0.0862844294547498,0.893790192926045,0.0001851244152131,25730.400390625,25665.25,0.3123482327547441,286,0.0,1.0
2026-01-09 14:02:00+05:30,25684.55078125,25688.150390625,25683.349609375,25686.05078125,0,-4.083414656838835e-05,2.72997356239534e-05,4.80078125,0.3124491456468674,0.2502034174125305,0.6362930365001295,0.000181174203883,25730.400390625,25665.25,0.2962496627394549,287,0.0,1.0
2026-01-09 14:03:00+05:30,25673.099609375,25687.400390625,25671.5,25686.05078125,0,-0.000445938316012,-0.0006191487985838,15.900390625,0.8145191008475617,0.1006018916595012,1.954574920169984,0.0002380282779642,25730.400390625,25665.25,0.1204844560362142,288,1.0,0.0
2026-01-09 14:04:00+05:30,25682.599609375,25684.400390625,25673.75,25674.5,0,0.0003699686793434,-0.0001168037832369,10.650390625,0.7604988079955988,0.8309187603154227,1.2478546419826542,0.0002620796612879,25730.400390625,25665.25,0.2663009263422969,289,0.0,0.0
2026-01-09 14:05:00+05:30,25679.5,25684.150390625,25677.19921875,25683.099609375,0,-0.000120696365699,-0.0001966660023677,6.951171875,0.5178420904748525,0.3309918516437201,0.8158540219608922,0.0002489840616788,25730.400390625,25665.25,0.218724705459124,290,0.0,0.0
2026-01-09 14:06:00+05:30,25677.25,25682.55078125,25677.150390625,25681.25,0,-8.762236712560464e-05,0.0001616499465187,5.400390625,0.7406871609403255,0.0184448462929475,0.6589766200338426,0.0002280659558714,25730.400390625,25665.25,0.1841892256497886,291,0.0,0.0
2026-01-09 14:07:00+05:30,25676.5,25680.650390625,25675.900390625,25678.55078125,0,-2.920916194258254e-05,-0.0002375278947672,4.75,0.4317434210526316,0.1262335526315789,0.5919003115264797,0.0002270933288316,25730.400390625,25665.25,0.1726773990466768,292,0.0,0.0
2026-01-09 14:08:00+05:30,25679.80078125,25682.349609375,25671.75,25677.55078125,0,0.000128544354026,1.1712824957881914e-05,10.599609375,0.2122719734660033,0.7595356550580431,1.3069864894155043,0.0002222817002473,25723.55078125,25665.25,0.2495812395309882,293,0.0,0.0
2026-01-09 14:09:00+05:30,25680.400390625,25689.25,25679.94921875,25681.099609375,0,2.334918327204916e-05,0.0001226843753554,9.30078125,0.0751784964300713,0.0485090298194036,1.102621098453274,0.0002194681991198,25716.349609375,25665.25,0.2964874058785307,294,0.0,1.0
2026-01-09 14:10:00+05:30,25674.75,25682.650390625,25674.05078125,25681.900390625,0,-0.0002200515665837,-6.815802928562728e-05,8.599609375,0.8314785373608903,0.0813081989552577,1.024954606825271,0.0002141471687531,25710.099609375,25665.25,0.21181901319514,295,0.0,0.0
2026-01-09 14:11:00+05:30,25674.30078125,25677.900390625,25672.150390625,25676.05078125,0,-1.749667201931467e-05,-0.000214199055331,5.75,0.3043478260869565,0.3739809782608695,0.6952578877763084,0.000212640165372,25705.849609375,25665.25,0.2229277914080916,296,0.0,0.0
2026-01-09 14:12:00+05:30,25673.75,25679.44921875,25672.30078125,25674.80078125,0,-2.1452859130583987e-05,-0.0002590010977336,7.1484375,0.1469945355191257,0.2027322404371584,0.8404905157764203,0.0002127605054387,25698.80078125,25665.25,0.2533473046920479,297,0.0,0.0
2026-01-09 14:13:00+05:30,25664.150390625,25678.0,25663.94921875,25675.400390625,0,-0.0003739774869576,-0.0004129270181075,14.05078125,0.8006672226855713,0.014317486794551,1.688772036902275,0.0001983086974239,25692.94921875,25663.94921875,0.0069369612068965,298,0.0,0.0
2026-01-09 14:14:00+05:30,25660.150390625,25668.19921875,25659.599609375,25666.19921875,0,-0.0001558715831375,-0.0005513019292257,8.599609375,0.7033840563252328,0.0640472405178287,1.059712628462779,0.0001402533999197,25692.94921875,25659.599609375,0.016515373352855,299,0.0,0.0
2026-01-09 14:15:00+05:30,25669.400390625,25674.69921875,25661.900390625,25662.849609375,0,0.0003604161719456,-0.0001694328981495,12.798828125,0.5118266442850603,0.5859911490920189,1.4711626967200233,0.0001981496394254,25692.94921875,25659.599609375,0.2938799414348462,300,0.0,0.0
2026-01-09 14:16:00+05:30,25669.150390625,25671.900390625,25664.75,25670.849609375,0,-9.739269854619244e-06,0.0001948053189535,7.150390625,0.2376399890740234,0.6154056268779022,0.8056955478773741,0.0001975706677138,25692.94921875,25659.599609375,0.2863836017569546,301,0.0,0.0
2026-01-09 14:17:00+05:30,25671.400390625,25675.849609375,25669.349609375,25669.349609375,0,8.765001415849834e-05,0.0004383269162493,6.5,0.3155048076923077,0.3155048076923077,0.7182475450523362,0.0002011480428177,25692.94921875,25659.599609375,0.3538506588579795,302,0.0,1.0
2026-01-09 14:18:00+05:30,25660.25,25673.05078125,25660.25,25672.099609375,0,-0.0004344450535109,-0.000356534309207,12.80078125,0.9256942325297528,0.0,1.380894189035439,0.0002314933830108,25692.94921875,25659.599609375,0.019502196193265,303,0.0,0.0
2026-01-09 14:19:00+05:30,25661.349609375,25662.900390625,25654.650390625,25661.44921875,0,4.285171871253341e-05,-0.0003039433206399,8.25,0.0120738636363636,0.8120265151515151,0.900179012871878,0.0002325048216302,25692.94921875,25654.650390625,0.1749196797388954,304,0.0,0.0
2026-01-09 14:20:00+05:30,25667.80078125,25669.900390625,25663.150390625,25663.349609375,0,0.0002513648427792,-0.000140228492019,6.75,0.6594328703703703,0.6889467592592593,0.751680187920047,0.0002469893981429,25692.94921875,25654.650390625,0.3433627415982457,305,0.0,0.0
2026-01-09 14:21:00+05:30,25660.94921875,25668.94921875,25660.75,25667.69921875,0,-0.0002669678315054,2.724872998628913e-05,8.19921875,0.8232491662696522,0.0242972844211529,0.8888230187800384,0.000258256890052,25692.94921875,25654.650390625,0.1644652965475037,306,0.0,0.0
2026-01-09 14:22:00+05:30,25659.150390625,25664.0,25658.94921875,25661.05078125,0,-7.010228504736371e-05,-8.570527377354244e-05,5.05078125,0.3762567672080433,0.039829853054911,0.5602617154494444,0.0002580753146949,25692.94921875,25654.650390625,0.1174970676730073,307,1.0,0.0
2026-01-09 14:23:00+05:30,25658.44921875,25663.0,25655.900390625,25659.80078125,0,-2.7326760424567883e-05,-0.0003643968769773,7.099609375,0.1903713892709766,0.359009628610729,0.8533264472510446,0.0002327929831582,25692.94921875,25654.650390625,0.0991891478402774,308,1.0,0.0
2026-01-09 14:24:00+05:30,25660.099609375,25664.150390625,25656.349609375,25660.150390625,0,6.431945810068139e-05,-3.310958737113587e-05,7.80078125,0.0065097646469704,0.4807210816224336,0.9466922657564768,0.0002291311512292,25692.94921875,25654.650390625,0.1422816053852822,309,0.0,0.0
2026-01-09 14:25:00+05:30,25669.80078125,25673.75,25661.69921875,25662.099609375,0,0.0003779930183647,0.0004149857160409,12.05078125,0.6390599675850891,0.6722852512155592,1.47586470841506,0.000232250996278,25692.94921875,25654.650390625,0.3955836605640267,310,0.0,1.0
2026-01-09 14:26:00+05:30,25663.80078125,25672.0,25663.650390625,25670.19921875,0,-0.0002337650133516,0.0002085474631137,8.349609375,0.7663157894736842,0.0180116959064327,1.007779349363508,0.0002439708694433,25692.94921875,25654.650390625,0.2389209036666836,311,0.0,0.0
2026-01-09 14:27:00+05:30,25661.650390625,25669.5,25661.44921875,25664.599609375,0,-8.379431947151985e-05,6.04336855415853e-05,8.05078125,0.366327025715672,0.0249878699660359,0.9538575461655946,0.0002415112044953,25692.94921875,25654.650390625,0.1827732163802335,312,0.0,1.0
2026-01-09 14:28:00+05:30,25656.30078125,25663.150390625,25656.30078125,25662.150390625,0,-0.0002084888142342,-0.0005260481470573,6.849609375,0.8540062731679499,0.0,0.8731047875121368,0.0002086292074722,25692.94921875,25654.650390625,0.0430924575450048,313,0.0,0.0
2026-01-09 14:29:00+05:30,25652.05078125,25657.849609375,25651.900390625,25656.849609375,0,-0.0001656650381583,-0.000457948171864,5.94921875,0.8066316480630334,0.0252790544977019,0.7812459924594116,0.0002125446919609,25692.94921875,25651.900390625,0.003663700813627,314,1.0,0.0
2026-01-09 14:30:00+05:30,25652.25,25654.69921875,25651.650390625,25653.80078125,0,7.766161782383407e-06,-0.0003663876906101,3.048828125,0.5086483023702755,0.1966688020499679,0.4208227745727071,0.0001885210228316,25691.94921875,25651.650390625,0.0148790772064169,315,1.0,0.0
2026-01-09 14:31:00+05:30,25650.69921875,25654.849609375,25648.44921875,25653.099609375,0,-6.045583242632485e-05,-0.0002183547088021,6.400390625,0.3750381446444919,0.3515410436374733,0.9059243081856632,0.0001741680225329,25689.25,25648.44921875,0.0551460028721876,316,1.0,0.0
2026-01-09 14:32:00+05:30,25655.30078125,25657.900390625,25649.30078125,25651.400390625,0,0.0001793771688433,0.0001266874981993,8.599609375,0.4535543947308653,0.6977061094708153,1.1589892076862331,0.0001867805357413,25689.25,25648.44921875,0.1679272379128769,317,0.0,0.0
2026-01-09 14:33:00+05:30,25651.30078125,25657.150390625,25650.849609375,25656.55078125,0,-0.0001559253540981,-3.700401768112552e-05,6.30078125,0.8332300061996281,0.0716057036577805,0.8584124956760065,0.0001920751980402,25689.25,25648.44921875,0.0698898994734322,318,1.0,0.0
2026-01-09 14:34:00+05:30,25661.25,25662.30078125,25652.25,25653.05078125,0,0.0003877889024498,0.000411240717195,10.05078125,0.8157792460163233,0.895452778857365,1.3285828621588824,0.0002323412575612,25689.25,25648.44921875,0.313738630923887,319,0.0,0.0
2026-01-09 14:35:00+05:30,25659.05078125,25670.650390625,25659.05078125,25662.150390625,0,-8.570560647028145e-05,0.0001461579418814,11.599609375,0.2672167031486782,0.0,1.5425172718300348,0.0001923436827718,25689.25,25648.44921875,0.2598372426998563,320,0.0,1.0
2026-01-09 14:36:00+05:30,25654.650390625,25659.94921875,25652.69921875,25659.94921875,0,-0.0001715093838602,0.0001305739121194,7.25,0.7308728448275862,0.2691271551724138,0.9784127151480008,0.0001863574870135,25689.25,25648.44921875,0.1519865964576352,321,0.0,0.0
2026-01-09 14:37:00+05:30,25655.55078125,25660.349609375,25655.55078125,25656.19921875,0,3.509596939905045e-05,-0.0002221190209314,4.798828125,0.1351241351241351,0.0,0.6773446545735238,0.0001867375785535,25689.25,25648.44921875,0.1740545715653422,322,0.0,0.0
2026-01-09 14:38:00+05:30,25655.599609375,25660.150390625,25652.150390625,25657.0,0,1.903216927711662e-06,-0.0001345101975335,8.0,0.175048828125,0.43115234375,1.1111412527466564,0.0001751034045896,25689.25,25648.44921875,0.1752513164193394,323,0.0,1.0
2026-01-09 14:39:00+05:30,25652.900390625,25656.69921875,25652.099609375,25655.349609375,0,-0.0001052152665733,-6.821608024668743e-05,4.599609375,0.532484076433121,0.1740976645435244,0.6510560654650006,0.0001698172765173,25682.650390625,25648.44921875,0.1301467648906401,324,0.0,0.0
2026-01-09 14:40:00+05:30,25650.5,25653.19921875,25647.099609375,25653.0,0,-9.35762779260782e-05,-0.0001968883275717,6.099609375,0.4098623118796029,0.5574767851424912,0.827635554142153,0.0001725242771903,25679.44921875,25647.099609375,0.1051138078850449,325,0.0,0.0
2026-01-09 14:41:00+05:30,25632.5,25651.349609375,25632.5,25650.05078125,0,-0.0007019870420676,-0.000900778586567,18.849609375,0.931095223292923,0.0,2.1880384510746347,0.00028029804342,25679.44921875,25632.5,0.0,326,0.0,0.0
2026-01-09 14:42:00+05:30,25631.19921875,25635.0,25623.5,25633.30078125,0,-5.074862993124553e-05,-0.0008463119499249,11.5,0.1827445652173913,0.6694972826086957,1.29142631544316,0.0002665707907883,25678.0,25623.5,0.1412700688073394,327,1.0,0.0
2026-01-09 14:43:00+05:30,25648.5,25652.19921875,25633.25,25633.25,0,0.0006747614424422,-7.797422955670139e-05,18.94921875,0.8047825190682334,0.8047825190682334,1.8632967792736563,0.0003586510536945,25675.849609375,25623.5,0.4775584822594486,328,1.0,0.0
2026-01-09 14:44:00+05:30,25657.30078125,25662.25,25649.75,25649.75,0,0.0003430715904364,0.0009670844029474,12.5,0.6040625,0.6040625,1.2002325450556044,0.0003533673825982,25675.849609375,25623.5,0.6456739917173451,329,1.0,0.0
2026-01-09 14:45:00+05:30,25668.05078125,25670.75,25657.25,25658.75,0,0.0004188963087414,0.0014367293416201,13.5,0.6889467592592593,0.8000578703703703,1.2730219537350818,0.0003774204222051,25675.849609375,25623.5,0.851024139088908,330,0.0,1.0
2026-01-09 14:46:00+05:30,25661.25,25670.650390625,25657.30078125,25669.5,0,-0.0002649863211181,0.0004969815780598,13.349609375,0.6179956108266277,0.2958302852962692,1.1903725247740296,0.0003842019702054,25675.849609375,25623.5,0.7211133082117673,331,1.0,0.0
2026-01-09 14:47:00+05:30,25667.650390625,25669.69921875,25660.650390625,25662.0,0,0.0002493874059044,0.0004032973935277,9.048828125,0.6244334124757177,0.7735808331534643,0.7774142126017284,0.0003907040454833,25673.75,25623.5,0.8786147388059702,332,0.0,0.0
2026-01-09 14:48:00+05:30,25667.44921875,25669.30078125,25661.25,25669.30078125,0,-7.837595583977701e-06,-2.3436510797726945e-05,8.05078125,0.229985443959243,0.7700145560407569,0.6913671357407625,0.0003908415065074,25673.75,25623.5,0.8746113184079602,333,0.0,0.0
2026-01-09 14:49:00+05:30,25669.94921875,25671.19921875,25663.849609375,25669.0,0,9.73948847455564e-05,0.0003389446950658,7.349609375,0.1291522721233058,0.8299229338293914,0.6165921119467794,0.0003873574996183,25673.75,25623.5,0.9243625621890548,334,0.0,1.0
2026-01-09 14:50:00+05:30,25663.0,25671.599609375,25658.349609375,25671.30078125,0,-0.0002707508100825,-0.000181193520921,13.25,0.6264740566037735,0.3509728773584906,1.0486937702890708,0.0003993557291398,25673.75,25623.5,0.7860696517412935,335,1.0,0.0
2026-01-09 14:51:00+05:30,25659.650390625,25667.05078125,25659.44921875,25663.19921875,0,-0.0001305314263492,-0.0003038873516863,7.6015625,0.4668550873586845,0.026464542651593,0.660433388199759,0.000311141036859,25673.75,25623.5,0.7194107587064676,336,1.0,0.0
2026-01-09 14:52:00+05:30,25667.94921875,25669.25,25659.80078125,25660.05078125,0,0.0003233670875113,-7.791514892045893e-05,9.44921875,0.8358825961140968,0.8623398098387763,0.8358528705447383,0.0003127052682049,25673.75,25623.5,0.8845615671641791,337,1.0,0.0
2026-01-09 14:53:00+05:30,25667.75,25673.150390625,25667.150390625,25667.5,0,-7.761411767386842e-06,0.0001850742493946,6.0,0.0416666666666666,0.0999348958333333,0.5994029384792492,0.0002525018719064,25673.75,25623.5,0.8805970149253731,338,1.0,0.0
2026-01-09 14:54:00+05:30,25669.75,25671.0,25664.55078125,25668.400390625,0,7.791575363081467e-05,0.0003935214293747,6.44921875,0.209267110841914,0.8061780738946094,0.6857308994247503,0.0002345073707985,25673.75,25623.5,0.9203980099502488,339,1.0,0.0
2026-01-09 14:55:00+05:30,25673.5,25676.05078125,25668.849609375,25672.05078125,0,0.0001460756771986,0.0002162300190623,7.201171875,0.2012476267968538,0.6457824789802007,0.8206463675213674,0.0001999535952896,25676.05078125,25623.5,0.9514606407492752,340,0.0,0.0
2026-01-09 14:56:00+05:30,25679.650390625,25681.5,25669.099609375,25673.349609375,0,0.000239533138965,0.0004635245697946,12.400390625,0.5081115136241928,0.8508426523862026,1.428603573196526,0.0001826101346968,25681.5,25623.5,0.9681101831896552,341,0.0,0.0
2026-01-09 14:57:00+05:30,25681.94921875,25683.05078125,25673.0,25679.94921875,0,8.95154412642658e-05,0.000475124257428,10.05078125,0.1989895064127477,0.8904003109211037,1.144700255811367,0.0001720142741849,25683.05078125,25623.5,0.981502131846507,342,0.0,1.0
2026-01-09 14:58:00+05:30,25677.900390625,25684.349609375,25672.349609375,25683.400390625,0,-0.0001576651086084,0.0001713834716209,12.0,0.4583333333333333,0.4625651041666667,1.3078740660323138,0.0001842524339605,25684.349609375,25623.5,0.8940138019579522,343,0.0,0.0
2026-01-09 14:59:00+05:30,25674.69921875,25682.150390625,25673.30078125,25678.94921875,0,-0.0001246741899532,-0.0001928238572974,8.849609375,0.4802471860516442,0.1580225115868461,0.9489998952769924,0.0001899554394182,25684.349609375,25623.5,0.8414058738565239,344,0.0,0.0
2026-01-09 15:00:00+05:30,25668.55078125,25680.150390625,25661.05078125,25679.900390625,0,-0.0002395032464595,-0.0005218425450211,19.099609375,0.5942325391144289,0.3926781879537785,1.9272763106030744,0.0001848571438739,25684.349609375,25623.5,0.7403627026159525,345,0.0,0.0
2026-01-09 15:01:00+05:30,25670.400390625,25673.30078125,25662.94921875,25669.75,0,7.205481738829022e-05,-0.0002921226190243,10.3515625,0.0628301886792452,0.719811320754717,1.0163381145969164,0.0001772744459584,25684.349609375,25623.5,0.7707591076873695,346,1.0,0.0
2026-01-09 15:02:00+05:30,25677.150390625,25680.75,25671.80078125,25671.80078125,0,0.0002629141969259,9.546576785470096e-05,8.94921875,0.597773897861196,0.597773897861196,0.8829877437755338,0.0001673626946503,25684.349609375,25623.5,0.881688332530894,347,1.0,0.0
2026-01-09 15:03:00+05:30,25676.849609375,25684.599609375,25674.599609375,25677.19921875,0,-1.1714033960517636e-05,0.0003232549803536,10.0,0.0349609375,0.225,0.9492028179458658,0.0001674817365725,25684.599609375,25623.5,0.8731579452098583,348,1.0,0.0
2026-01-09 15:04:00+05:30,25679.44921875,25682.0,25676.150390625,25678.69921875,0,0.0001012381903112,0.0003524383532766,5.849609375,0.1282136894824707,0.5639398998330551,0.5584248503719724,0.0001682992581779,25684.599609375,25623.5,0.9157050155036282,349,1.0,0.0
2026-01-09 15:05:00+05:30,25678.099609375,25683.849609375,25677.349609375,25681.349609375,0,-5.255739053390122e-05,3.696676581678551e-05,6.5,0.5,0.1153846153846153,0.6246949731576379,0.000165800464343,25684.599609375,25623.5,0.8936163411437522,350,1.0,0.0
2026-01-09 15:06:00+05:30,25684.80078125,25686.44921875,25676.900390625,25679.349609375,0,0.0002609343266075,0.000309615126385,9.548828125,0.5708733892411536,0.8273675598281858,0.9435673756127688,0.0001690845197339,25686.44921875,25623.5,0.9738132174992244,351,1.0,0.0
2026-01-09 15:07:00+05:30,25696.0,25696.44921875,25681.55078125,25685.900390625,0,0.0004359301045163,0.0006443070405901,14.8984375,0.6778972207656004,0.9698479286837964,1.40489170472963,0.0002143293664384,25696.44921875,25623.5,0.9938420348058902,352,0.0,0.0
2026-01-09 15:08:00+05:30,25687.05078125,25696.80078125,25686.44921875,25696.80078125,0,-0.0003483334953616,0.0003485309357624,10.3515625,0.94188679245283,0.0581132075471698,0.9915438150115992,0.0002420132450869,25696.80078125,25623.5,0.8669864108713029,353,1.0,0.0
2026-01-09 15:09:00+05:30,25688.75,25689.650390625,25683.099609375,25687.650390625,0,6.61486040035202e-05,0.0001537452131581,6.55078125,0.1678592725104353,0.8625521765056648,0.6416068866571019,0.0002354019551334,25696.80078125,25623.5,0.890167865707434,354,1.0,0.0
2026-01-09 15:10:00+05:30,25687.69921875,25692.25,25686.650390625,25688.75,0,-4.090517216062811e-05,-0.0003230900635188,5.599609375,0.187652598535054,0.1873038018835019,0.6320128739280911,0.0002153454465161,25696.80078125,25623.5,0.8758326671995736,355,1.0,0.0
2026-01-09 15:11:00+05:30,25693.0,25694.44921875,25685.900390625,25689.55078125,0,0.0002063335590758,0.0002315769909187,8.548828125,0.4034726981951108,0.8304774960018277,0.9849234923492348,0.00021932089904,25696.80078125,25623.5,0.9481481481481482,356,0.0,0.0
2026-01-09 15:12:00+05:30,25699.94921875,25703.0,25690.349609375,25693.599609375,0,0.0002704347151891,0.0004358631021045,12.650390625,0.5019299058205959,0.7588389686583294,1.3978633862091292,0.0002199991718958,25703.0,25633.25,0.9562612007168458,357,0.0,1.0
2026-01-09 15:13:00+05:30,25694.0,25700.900390625,25691.099609375,25700.5,0,-0.0002315143656795,0.0002452539085856,9.80078125,0.6632124352331606,0.2959346353128737,1.0853719204896934,0.0002411182645504,25703.0,25649.75,0.8309859154929577,358,0.0,1.0
2026-01-09 15:14:00+05:30,25695.05078125,25696.650390625,25690.849609375,25693.900390625,0,4.089514144240894e-05,7.981549095209795e-05,5.80078125,0.1983164983164983,0.7242424242424242,0.6427458448753463,0.0002409148283891,25703.0,25657.25,0.8262465846994536,359,0.0,1.0
2026-01-09 15:15:00+05:30,25690.30078125,25694.150390625,25686.150390625,25694.150390625,0,-0.0001848775913405,-0.0003754968155775,8.0,0.481201171875,0.518798828125,0.871934604904632,0.0002512412587091,25703.0,25657.30078125,0.7221130011112061,360,0.0,0.0
2026-01-09 15:16:00+05:30,25682.80078125,25691.599609375,25682.05078125,25691.599609375,0,-0.0002919815944598,-0.0004359640443578,9.548828125,0.9214563305379424,0.0785436694620576,1.0407442098092643,0.0002597491392227,25703.0,25658.349609375,0.5476138401644722,361,0.0,0.0
2026-01-09 15:17:00+05:30,25682.0,25684.849609375,25680.30078125,25684.75,0,-3.11801559778757e-05,-0.0005080393417782,4.548828125,0.6045513095749249,0.373550880206097,0.5588214122897521,0.0002079181731272,25703.0,25658.349609375,0.5296793666068851,362,0.0,0.0
2026-01-09 15:18:00+05:30,25680.25,25683.0,25678.150390625,25683.0,0,-6.814343221640004e-05,-0.000391305182654,4.849609375,0.5670559806685461,0.4329440193314539,0.6389603705609882,0.0001810665846511,25703.0,25658.349609375,0.4904859804907922,363,1.0,0.0
2026-01-09 15:19:00+05:30,25678.0,25682.05078125,25677.05078125,25681.69921875,0,-8.76198079739755e-05,-0.0001869433961681,5.0,0.73984375,0.18984375,0.6725161561498451,0.0001788418968546,25703.0,25658.349609375,0.4400944840558156,364,1.0,0.0
2026-01-09 15:20:00+05:30,25695.75,25695.75,25678.849609375,25679.94921875,0,0.0006910144074086,0.0005352511672181,16.900390625,0.9349358603952388,1.0,1.973228130986044,0.0002927621578882,25703.0,25659.44921875,0.833527670643107,365,0.0,1.0
2026-01-09 15:21:00+05:30,25694.5,25697.349609375,25692.94921875,25697.25,0,-4.864736016056474e-05,0.0005547472392739,4.400390625,0.6249445184198846,0.3524189968930315,0.5399252300613496,0.0002868717947815,25703.0,25659.80078125,0.8032371823853874,366,0.0,1.0
2026-01-09 15:22:00+05:30,25694.349609375,25697.349609375,25691.05078125,25695.19921875,0,-5.853045014395346e-06,0.0006365140022335,6.298828125,0.1348837209302325,0.5237209302325582,0.8381848424992203,0.0002714468647724,25703.0,25661.05078125,0.7937889933885837,367,0.0,1.0
2026-01-09 15:23:00+05:30,25687.94921875,25695.94921875,25687.099609375,25695.75,0,-0.0002491282330326,-0.0003036286382076,8.849609375,0.8814831163098654,0.0960052968439638,1.192713680275869,0.0002730115817379,25703.0,25661.05078125,0.6412142657603129,368,0.0,0.0
2026-01-09 15:24:00+05:30,25685.849609375,25691.25,25683.30078125,25688.55078125,0,-8.173852913597001e-05,-0.0003367198071829,7.94921875,0.3398034398034398,0.3206388206388206,1.041213640666172,0.0002725489169738,25703.0,25661.05078125,0.5911630505633672,369,0.0,0.0
