Datetime,close,high,low,open,volume,ret_1,ret_3,range,body_ratio,close_pos,range_exp_10,rv_10,high_30,low_30,range_pos_30,minutes_from_open
2025-12-02 09:24:00+05:30,26143.94921875,26152.25,26143.44921875,26150.94921875,0,-0.00028877393407168104,-5.93152643075691e-05,8.80078125,0.7953839325343985,0.056813138038171326,0.5395954830134,0.00029538228437038364,26154.599609375,26096.05078125,0.8180938719685092,9
2025-12-02 09:25:00+05:30,26145.150390625,26148.599609375,26138.349609375,26144.44921875,0,4.594349048590854e-05,-2.0991363847405485e-05,10.25,0.06840701219512195,0.6634908536585366,0.7424804051950992,0.00028019363176446873,26154.599609375,26096.05078125,0.8386096006938653,10
2025-12-02 09:26:00+05:30,26147.30078125,26148.349609375,26139.099609375,26143.30078125,0,8.224478210598835e-05,-0.00016058566147957316,9.25,0.43243243243243246,0.8866131756756757,0.7252013597525495,0.00027214332876462016,26154.599609375,26096.05078125,0.8753377589485272,11
2025-12-02 09:27:00+05:30,26148.400390625,26151.150390625,26142.19921875,26148.349609375,0,4.2053528321407915e-05,0.00017024180091361707,8.951171875,0.005673139864717434,0.6927776565568405,0.7143747856719769,0.0002622938998331094,26154.599609375,26096.05078125,0.8941188244320646,12
2025-12-02 09:28:00+05:30,26143.05078125,26150.19921875,26143.05078125,26148.900390625,0,-0.0002046074176094514,-8.030910718177267e-05,7.1484375,0.8183060109289617,0.0,0.6652852001308758,0.00016404301191658434,26154.599609375,26096.05078125,0.8027487740601128,13
2025-12-02 09:29:00+05:30,26130.19921875,26143.349609375,26129.099609375,26143.349609375,0,-0.000491707049358258,-0.0006542609386462014,14.25,0.9228344298245614,0.0771655701754386,1.3049543909855124,0.00022246189539985427,26154.599609375,26096.05078125,0.5832471561530507,14
2025-12-02 09:30:00+05:30,26122.099609375,26133.0,26122.099609375,26131.25,0,-0.0003100192573924742,-0.0010063337243601798,10.900390625,0.8394552947500448,0.0,1.0158724380210418,0.00022049586190519646,26154.599609375,26096.05078125,0.44490776261800713,15
2025-12-02 09:31:00+05:30,26118.150390625,26119.349609375,26112.55078125,26119.349609375,0,-0.00015119448155486573,-0.0009529207883055722,6.798828125,0.17638609594943983,0.8236139040505602,0.6626563362585901,0.00022019656665821956,26154.599609375,26096.05078125,0.37745604963805585,16
2025-12-02 09:32:00+05:30,26132.0,26132.650390625,26116.150390625,26118.30078125,0,0.0005301270750728733,6.891333612561502e-05,16.5,0.8302556818181818,0.9605823863636364,1.539190321757825,0.0002980353154518123,26154.599609375,26096.05078125,0.6140040697868365,17
2025-12-02 09:33:00+05:30,26121.0,26133.25,26120.44921875,26133.25,0,-0.00042102846391568435,-4.209587039762389e-05,12.80078125,0.9569728410131217,0.04302715898687824,1.2116170299299354,0.0003016188428743653,26154.599609375,26096.05078125,0.42612669713446977,18
2025-12-02 09:34:00+05:30,26114.900390625,26120.900390625,26113.599609375,26120.5,0,-0.00023354089264696992,-0.00012444228148977092,7.30078125,0.7669876939539861,0.1781701444622793,0.7009845288326301,0.0002986082906373527,26154.599609375,26096.05078125,0.32194682589985657,19
2025-12-02 09:35:00+05:30,26116.05078125,26119.94921875,26113.349609375,26115.099609375,0,4.405015031806073e-05,-0.0006105192062446939,6.599609375,0.14412548091151228,0.4092926901450133,0.6566775497512437,0.0002984981812660012,26154.599609375,26096.05078125,0.3415952230043033,20
2025-12-02 09:36:00+05:30,26114.30078125,26116.30078125,26107.400390625,26116.30078125,0,-6.701084516196373e-05,-0.0002565015874909745,8.900390625,0.22470923853412333,0.7752907614658767,0.8887025371999142,0.00029138865456920213,26154.599609375,26096.05078125,0.3117056409914268,21
2025-12-02 09:37:00+05:30,26120.44921875,26121.44921875,26114.599609375,26114.599609375,0,0.0002354156008555686,0.00021245490601171018,6.849609375,0.8540062731679499,0.8540062731679499,0.6985916615206867,0.0003096445591285774,26154.599609375,26096.05078125,0.4167194849384528,22
2025-12-02 09:38:00+05:30,26108.25,26121.19921875,26106.900390625,26120.05078125,0,-0.0004671461918189561,-0.0002987414361252929,14.298828125,0.8252970905613987,0.09438601283977599,1.3592142883665665,0.0003293476082310799,26154.599609375,26096.05078125,0.2083597424692264,23
2025-12-02 09:39:00+05:30,26108.849609375,26114.400390625,26106.75,26109.150390625,0,2.2966016094717274e-05,-0.00020876457486852053,7.650390625,0.03931580291039061,0.2744447281082461,0.775904760018224,0.0003065227746140354,26154.599609375,26096.05078125,0.2186009273776562,24
2025-12-02 09:40:00+05:30,26104.94921875,26114.849609375,26104.94921875,26109.150390625,0,-0.00014940076071054604,-0.0005935809364346681,9.900390625,0.42434405208127834,0.0,1.0143883452402394,0.00029730119972490467,26154.599609375,26096.05078125,0.15198318711011777,25
2025-12-02 09:41:00+05:30,26095.599609375,26106.400390625,26094.400390625,26106.0,0,-0.0003582188189538815,-0.0004846535635697015,12.0,0.86669921875,0.09993489583333333,1.1673063039100202,0.0003108186139793021,26154.599609375,26094.400390625,0.019920835766660178,26
2025-12-02 09:42:00+05:30,26088.75,26098.0,26088.599609375,26093.849609375,0,-0.00026251584874047217,-0.0007701354284049042,9.400390625,0.5424890920423852,0.015998337835030126,0.9822649441825344,0.0002254847914110312,26154.599609375,26088.599609375,0.0022786458333333335,27
2025-12-02 09:43:00+05:30,26091.349609375,26092.44921875,26086.0,26087.94921875,0,9.963987790803441e-05,-0.0005210947897864258,6.44921875,0.5272562083585706,0.8294972743791641,0.7217959647627167,0.00022000864731165103,26154.599609375,26086.0,0.07798308800501096,28
2025-12-02 09:44:00+05:30,26079.30078125,26091.44921875,26078.900390625,26091.19921875,0,-0.00046190063758094383,-0.0006247766084134811,12.548828125,0.948171206225681,0.031906614785992216,1.3265474666556551,0.0002443489822558205,26154.599609375,26078.900390625,0.0052892306104546155,29
2025-12-02 09:45:00+05:30,26086.400390625,26086.400390625,26077.44921875,26078.75,0,0.00027219453623145764,-9.006622344152735e-05,8.951171875,0.8546803403883919,1.0,0.9232845803618195,0.00027214081737906426,26154.599609375,26077.44921875,0.11602237918027392,30
2025-12-02 09:46:00+05:30,26088.400390625,26088.400390625,26082.0,26086.099609375,0,7.666536224509744e-05,-0.00011304073910440508,6.400390625,0.3594751296917913,1.0,0.6776541627031721,0.00027858990868156075,26154.599609375,26077.44921875,0.1419457735247209,31
2025-12-02 09:47:00+05:30,26094.19921875,26094.25,26085.94921875,26088.55078125,0,0.00022225140917769606,0.0005711113076542596,8.30078125,0.6804705882352942,0.9938823529411764,0.8655628194945113,0.0002768586324738139,26154.599609375,26077.44921875,0.21710842763474342,32
2025-12-02 09:48:00+05:30,26082.5,26094.349609375,26080.30078125,26094.19921875,0,-0.0004484461118176176,-0.00014952934039488383,14.048828125,0.8327540664534965,0.15654108160711802,1.468768505094644,0.00027415732672020365,26154.599609375,26077.44921875,0.06546669704564441,33
2025-12-02 09:49:00+05:30,26072.650390625,26083.400390625,26070.900390625,26082.55078125,0,-0.0003777041929062049,-0.0006038988955460793,12.5,0.79203125,0.14,1.243781094527363,0.00028352269164711374,26154.599609375,26070.900390625,0.020908199934661875,34
2025-12-02 09:50:00+05:30,26072.0,26073.75,26070.05078125,26071.849609375,0,-2.4945631820777503e-05,-0.0008510959365446267,3.69921875,0.04065469904963041,0.5269271383315733,0.39228682090263245,0.00028572588347799234,26154.599609375,26070.05078125,0.0230543556099702,35
2025-12-02 09:51:00+05:30,26071.400390625,26073.599609375,26070.55078125,26071.599609375,0,-2.299847614598137e-05,-0.00042564830087294525,3.048828125,0.06534272901985906,0.2786675208199872,0.35722458693761727,0.00027495449840054463,26154.599609375,26070.05078125,0.01596248469588117,36
2025-12-02 09:52:00+05:30,26070.94921875,26071.94921875,26068.69921875,26071.75,0,-1.7305391045467974e-05,-6.524949901225689e-05,3.25,0.24639423076923078,0.6923076923076923,0.41036770327258376,0.0002690045748005166,26154.599609375,26068.69921875,0.02619312885109479,37
2025-12-02 09:53:00+05:30,26071.349609375,26074.55078125,26070.5,26070.5,0,1.5357613070622455e-05,-2.4946254120858387e-05,4.05078125,0.20973963355834138,0.20973963355834138,0.527453523562473,0.0002644413803847078,26152.25,26068.69921875,0.03172191313291879,38
2025-12-02 09:54:00+05:30,26076.69921875,26079.0,26070.44921875,26071.30078125,0,0.0002051700692156984,0.00020322229124084936,8.55078125,0.6313385107354956,0.7309273640931933,1.1745452594301657,0.0002394237497136889,26151.150390625,26068.69921875,0.09702712306052351,39
2025-12-02 09:55:00+05:30,26085.94921875,26086.05078125,26075.599609375,26076.69921875,0,0.0003546599098793836,0.0005751875921657974,10.451171875,0.8850682115492431,0.990282190244814,1.4066032280111456,0.0002513458622509333,26151.150390625,26068.69921875,0.2092147340992538,40
2025-12-02 09:56:00+05:30,26083.349609375,26087.05078125,26082.94921875,26086.400390625,0,-9.966050667909068e-05,0.00046016947241614783,4.1015625,0.7438095238095238,0.09761904761904762,0.5696460056964601,0.00025142003658147497,26151.150390625,26068.69921875,0.17768565675707687,41
2025-12-02 09:57:00+05:30,26085.55078125,26087.55078125,26083.80078125,26083.80078125,0,8.438636274962686e-05,0.00033938576595001635,3.75,0.4666666666666667,0.4666666666666667,0.5559577240480672,0.0002402300479014791,26150.19921875,26068.69921875,0.2067676380368098,42
2025-12-02 09:58:00+05:30,26081.599609375,26087.80078125,26081.599609375,26084.75,0,-0.00015148122345075543,-0.00016675536738017485,6.201171875,0.5080314960629921,0.0,1.040403709407871,0.00019779508934064807,26143.349609375,26068.69921875,0.17281075848355615,43
2025-12-02 09:59:00+05:30,26075.099609375,26082.80078125,26072.650390625,26082.25,0,-0.00024924890305615664,-0.00031634376375723895,10.150390625,0.7044448720415625,0.24129305368481815,1.772873029951559,0.00017346387760553127,26133.25,26068.69921875,0.09915279878971256,44
2025-12-02 10:00:00+05:30,26072.5,26077.69921875,26070.650390625,26075.30078125,0,-9.97019765674844e-05,-0.0005004321030744434,7.048828125,0.39733998337489607,0.2623995566638958,1.163105481968481,0.00017668906456413459,26133.25,26068.69921875,0.05888048411497731,45
2025-12-02 10:01:00+05:30,26076.849609375,26078.400390625,26071.400390625,26071.55078125,0,0.00016681356211212955,-0.0001821373175114672,7.0,0.7569754464285714,0.7784598214285714,1.0843519302916618,0.00018376862874737906,26133.25,26068.69921875,0.12626323751891075,46
2025-12-02 10:02:00+05:30,26071.900390625,26077.80078125,26071.900390625,26076.650390625,0,-0.00018981159720446724,-0.00012270001165984445,5.900390625,0.8050314465408805,0.0,0.8779679734953064,0.00019547710996354033,26133.25,26068.69921875,0.04959152798789713,47
2025-12-02 10:03:00+05:30,26070.30078125,26072.900390625,26066.30078125,26071.55078125,0,-6.135565202661584e-05,-8.435368711897224e-05,6.599609375,0.18940514945250073,0.6060964782480024,0.9461275690205522,0.00019646928589388445,26121.44921875,26066.30078125,0.0725315200453322,48
2025-12-02 10:04:00+05:30,26080.44921875,26081.44921875,26070.69921875,26072.30078125,0,0.0003891962293198925,0.00013802898008885217,10.75,0.7579941860465116,0.9069767441860465,1.494028230184582,0.00022481465956067457,26121.44921875,26066.30078125,0.25655191953534495,49
2025-12-02 10:05:00+05:30,26080.099609375,26082.400390625,26078.849609375,26080.349609375,0,-1.3405126397646391e-05,0.00031443545089564765,3.55078125,0.0704070407040704,0.35203520352035206,0.5458312066532561,0.00019041148719816566,26121.44921875,26066.30078125,0.2502124946876328,50
2025-12-02 10:06:00+05:30,26076.69921875,26080.0,26074.849609375,26079.5,0,-0.00013039107867881294,0.000245400024243355,5.150390625,0.5437997724687145,0.35912021236253316,0.7791632194776031,0.0001920374987172507,26121.44921875,26066.30078125,0.18855361949284602,51
2025-12-02 10:07:00+05:30,26072.400390625,26076.94921875,26072.349609375,26076.30078125,0,-0.00016486682097823803,-0.00030866302605476217,4.599609375,0.8479830148619958,0.011040339702760084,0.6870095393681263,0.00019236568794426647,26121.19921875,26066.30078125,0.11110715810445425,52
2025-12-02 10:08:00+05:30,26072.849609375,26074.849609375,26069.599609375,26072.150390625,0,1.722951755006722e-05,-0.00027802838210713395,5.25,0.1331845238095238,0.6190476190476191,0.7954545454545455,0.00018990042724393167,26114.849609375,26066.30078125,0.13489157983666572,53
2025-12-02 10:09:00+05:30,26073.19921875,26074.849609375,26072.099609375,26072.44921875,0,1.3408853896451034e-05,-0.00013422844953181936,2.75,0.2727272727272727,0.39985795454545453,0.46928640469286403,0.00017427371704981592,26114.849609375,26066.30078125,0.1420927706481072,54
2025-12-02 10:10:00+05:30,26063.19921875,26073.05078125,26063.0,26073.05078125,0,-0.0003836091645116873,-0.0003529707930654128,10.05078125,0.9801787796346677,0.019821220365332296,1.631578947368421,0.00021038553778167173,26106.400390625,26063.0,0.004590252463885514,55
2025-12-02 10:11:00+05:30,26058.44921875,26064.349609375,26057.44921875,26063.44921875,0,-0.00018226591658342402,-0.0005524662271987563,6.900390625,0.72459666006227,0.144919332012454,1.1219791038140303,0.00020184081174639016,26098.0,26057.44921875,0.024660437337443407,56
2025-12-02 10:12:00+05:30,26056.849609375,26059.75,26055.650390625,26058.349609375,0,-6.138732431634413e-05,-0.000627262405411439,4.099609375,0.36588851834206765,0.2925202477370176,0.6866882585795139,0.00019744993431620306,26094.349609375,26055.650390625,0.03098819016856768,57
2025-12-02 10:13:00+05:30,26058.599609375,26060.650390625,26057.19921875,26057.25,0,6.71585883607054e-05,-0.00017649465253903238,3.451171875,0.39105829088851163,0.4057724957555178,0.6102572958038336,0.00020133291314205497,26094.349609375,26055.650390625,0.07620874129403452,58
2025-12-02 10:14:00+05:30,26058.69921875,26060.900390625,26058.099609375,26058.55078125,0,3.822507199801501e-06,9.59377124402672e-06,2.80078125,0.05299860529986053,0.21408647140864714,0.5762507534659433,0.00013494968422869254,26094.349609375,26055.650390625,0.07878267891389926,59
2025-12-02 10:15:00+05:30,26057.349609375,26061.599609375,26056.94921875,26058.900390625,0,-5.179246722073128e-05,1.918862833965465e-05,4.650390625,0.33347333053338934,0.08609827803443931,0.9356334486010688,0.00013327198648405546,26094.349609375,26055.650390625,0.043908347632986774,60
2025-12-02 10:16:00+05:30,26060.25,26063.80078125,26056.25,26057.94921875,0,0.00011130177328702691,6.333181326604062e-05,7.55078125,0.30470770822555615,0.5297465080186239,1.4491884394797017,0.00014590036785817656,26094.349609375,26055.650390625,0.11885535479963662,61
2025-12-02 10:17:00+05:30,26049.5,26061.19921875,26049.05078125,26061.19921875,0,-0.0004125907398327078,-0.0003530814337663042,12.1484375,0.9630225080385852,0.03697749196141479,2.0365398467683846,0.00018173020631646812,26094.349609375,26049.05078125,0.009916785236924934,62
2025-12-02 10:18:00+05:30,26054.5,26054.80078125,26047.099609375,26049.94921875,0,0.00019192384520758321,-0.00010936512133801958,7.701171875,0.5909206188181587,0.9609434440781132,1.2400540931534423,0.0002003942056552122,26087.80078125,26047.099609375,0.1818225442679591,63
2025-12-02 10:19:00+05:30,26062.55078125,26063.0,26053.19921875,26054.099609375,0,0.0003089499959554807,8.828310133035275e-05,9.80078125,0.8622957353527302,0.9541650059784775,1.4172338803061542,0.0002332310141361132,26087.80078125,26047.099609375,0.3796247420701569,64
2025-12-02 10:20:00+05:30,26065.349609375,26069.599609375,26062.0,26062.650390625,0,0.00010738311371508806,0.0006082569548781593,7.599609375,0.3551786173220252,0.44076072988948856,1.1393183415319748,0.00020274536116076394,26087.80078125,26047.099609375,0.44839003790968857,65
2025-12-02 10:21:00+05:30,26068.650390625,26070.349609375,26064.849609375,26065.5,0,0.00012662681760111644,0.000542959927271745,5.5,0.5727982954545454,0.6910511363636364,0.8422311948556901,0.000193828735700734,26087.80078125,26047.099609375,0.5294879792696386,66
2025-12-02 10:22:00+05:30,26074.69921875,26074.69921875,26067.69921875,26068.349609375,0,0.00023200765572015488,0.00046601758703640754,7.0,0.9070870535714286,1.0,1.0263459335624283,0.0001990562638417268,26087.80078125,26047.099609375,0.6781035558328135,67
2025-12-02 10:23:00+05:30,26071.75,26075.650390625,26071.75,26074.80078125,0,-0.00011311292704787966,0.0002455215462733761,3.900390625,0.7821732598898348,0.0,0.5681365576102418,0.00020718609654819334,26087.80078125,26047.099609375,0.6056432650319113,68
2025-12-02 10:24:00+05:30,26071.099609375,26072.0,26069.099609375,26071.55078125,0,-2.4946493331481834e-05,9.394823534067001e-05,2.900390625,0.15555555555555556,0.6895622895622896,0.42186301525524844,0.0002081032229546031,26087.80078125,26047.099609375,0.5896636114976727,69
2025-12-02 10:25:00+05:30,26074.25,26075.349609375,26070.150390625,26070.150390625,0,0.00012083112501614725,-1.7228295363266192e-05,5.19921875,0.7885048835462058,0.7885048835462058,0.75023955808579,0.00020609469740028637,26087.80078125,26047.099609375,0.6670665578962522,70
2025-12-02 10:26:00+05:30,26071.400390625,26075.25,26067.80078125,26074.25,0,-0.00010929423092783182,-1.3409599243090379e-05,7.44921875,0.3825380178290509,0.4832197168327216,1.0764888512559978,0.0002122817449633911,26087.80078125,26047.099609375,0.5970536014204136,71
2025-12-02 10:27:00+05:30,26069.599609375,26073.099609375,26069.19921875,26070.400390625,0,-6.907352182417196e-05,-5.7536627735709414e-05,3.900390625,0.20530796194291437,0.10265398097145718,0.6399205306501746,0.00014866877624989536,26087.80078125,26047.099609375,0.552809635779068,72
2025-12-02 10:28:00+05:30,26069.94921875,26073.05078125,26069.0,26069.599609375,0,1.3410525517081178e-05,-0.00016495722723482685,4.05078125,0.0863066538090646,0.2343297974927676,0.7069329879337378,0.00014399742449148042,26082.80078125,26047.099609375,0.6400240713386947,73
2025-12-02 10:29:00+05:30,26078.80078125,26080.69921875,26069.05078125,26069.44921875,0,0.00033947362439207523,0.0002838106280849258,11.6484375,0.8028169014084507,0.8370221327967807,1.969356756042795,0.00015007317657220718,26082.400390625,26047.099609375,0.8980303197963926,74
2025-12-02 10:30:00+05:30,26077.900390625,26079.25,26076.25,26078.599609375,0,-3.4526364009176874e-05,0.00031835778589991536,3.0,0.23307291666666666,0.5501302083333334,0.549965985176698,0.00015203629998015433,26082.400390625,26047.099609375,0.872524067721589,75
2025-12-02 10:31:00+05:30,26084.099609375,26085.25,26074.0,26077.900390625,0,0.00023769099264551576,0.0005426382530283151,11.25,0.5510416666666667,0.8977430555555556,1.8657079001068895,0.00016212864780266865,26085.25,26047.099609375,0.9698459018071981,76
2025-12-02 10:32:00+05:30,26081.599609375,26086.400390625,26080.900390625,26085.05078125,0,-9.584842298121317e-05,0.0001073162056551288,5.5,0.6274857954545454,0.12713068181818182,0.935392791895034,0.00015635786615745433,26086.400390625,26047.099609375,0.8778451446178313,77
2025-12-02 10:33:00+05:30,26082.849609375,26082.849609375,26077.599609375,26081.900390625,0,4.792535985558891e-05,0.00018976792951989403,5.25,0.18080357142857142,1.0,0.8728406286530719,0.00014847997574499354,26086.400390625,26047.099609375,0.9096511281184773,78
2025-12-02 10:34:00+05:30,26086.94921875,26088.25,26081.349609375,26082.849609375,0,0.00015716408633072257,0.00010924102320500094,6.900390625,0.594112652136994,0.811491650155675,1.075691146023627,0.00015043482200236704,26088.25,26047.099609375,0.9683895771038018,79
2025-12-02 10:35:00+05:30,26090.05078125,26091.099609375,26085.349609375,26086.30078125,0,0.00011888619520674607,0.00032397564139303666,5.75,0.6521739130434783,0.8175951086956522,0.8887278874600012,0.00015034978359878266,26091.099609375,26047.099609375,0.9761629971590909,80
2025-12-02 10:36:00+05:30,26089.150390625,26091.599609375,26088.5,26089.849609375,0,-3.451147602367972e-05,0.000241538805513807,3.099609375,0.22558286074354128,0.20982986767485823,0.5136088546554904,0.000142622766604332,26091.599609375,26047.099609375,0.9449613764044944,81
2025-12-02 10:37:00+05:30,26083.55078125,26088.69921875,26082.05078125,26088.650390625,0,-0.00021465667947891552,-0.00013028196029581327,6.6484375,0.7670387779083431,0.2256169212690952,1.0536742400792423,0.00016400362203915634,26091.599609375,26047.099609375,0.8191274578651685,82
2025-12-02 10:38:00+05:30,26084.400390625,26086.75,26083.75,26083.75,0,3.257208136375228e-05,-0.0002165960741389311,3.0,0.216796875,0.216796875,0.48350541425333665,0.00016359460654606276,26091.599609375,26047.099609375,0.8382198033707865,83
2025-12-02 10:39:00+05:30,26083.099609375,26085.900390625,26082.349609375,26084.44921875,0,-4.9869411042086205e-05,-0.00023195400915728383,3.55078125,0.38008800880088006,0.21122112211221122,0.658171023097531,0.00013170124999505693,26091.599609375,26047.099609375,0.8089887640449438,84
2025-12-02 10:40:00+05:30,26082.94921875,26087.650390625,26082.650390625,26083.150390625,0,-5.7658430484152005e-06,-2.3063172726819866e-05,5.0,0.040234375,0.059765625,0.8936675277525659,0.00013077433201386012,26091.599609375,26047.099609375,0.8056091994382022,85
2025-12-02 10:41:00+05:30,26088.55078125,26089.0,26082.5,26083.0,0,0.00021473649488804332,0.0001591012407975516,6.5,0.8539663461538461,0.9308894230769231,1.2695506218051422,0.00012665268980424575,26091.599609375,26047.099609375,0.9314870084269663,86
2025-12-02 10:42:00+05:30,26087.349609375,26094.349609375,26086.400390625,26088.55078125,0,-4.6043168061065796e-05,0.00016292748377836374,7.94921875,0.1511056511056511,0.1194103194103194,1.4817241881462064,0.0001226347120607412,26094.349609375,26047.099609375,0.8518518518518519,87
2025-12-02 10:43:00+05:30,26081.55078125,26088.30078125,26079.099609375,26086.19921875,0,-0.00022230977097326672,-5.3616444146301005e-05,9.201171875,0.5052005943536404,0.26639779240076417,1.597436506052694,0.0001441794961058285,26094.349609375,26047.099609375,0.7291253306878307,88
2025-12-02 10:44:00+05:30,26074.650390625,26080.94921875,26073.900390625,26080.599609375,0,-0.00026460480288903617,-0.0005329577419232938,7.048828125,0.8440011083402604,0.10640066500415628,1.220617580410593,0.00015290345155795926,26094.349609375,26047.099609375,0.5830853174603174,89
2025-12-02 10:45:00+05:30,26076.349609375,26076.94921875,26073.849609375,26074.849609375,0,6.516533721694281e-05,-0.00042174923664525256,3.099609375,0.4839319470699433,0.8065532451165721,0.5625664657922722,0.00014726114373354588,26094.349609375,26047.099609375,0.6190476190476191,90
2025-12-02 10:46:00+05:30,26069.80078125,26076.849609375,26069.80078125,26076.150390625,0,-0.00025117206583312647,-0.00045061153150512747,7.048828125,0.9008035466888334,0.0,1.1937681926435566,0.0001597264936906346,26094.349609375,26047.099609375,0.48044808201058203,91
2025-12-02 10:47:00+05:30,26071.69921875,26073.0,26069.650390625,26070.44921875,0,7.281867613461461e-05,-0.00011318805248144058,3.349609375,0.37317784256559766,0.611661807580175,0.6008478436043864,0.00015749150938415554,26094.349609375,26047.099609375,0.5206266534391535,92
2025-12-02 10:48:00+05:30,26074.349609375,26074.80078125,26071.19921875,26071.75,0,0.00010165259638446762,-7.67007933141108e-05,3.6015625,0.7218004338394793,0.8747288503253796,0.6391459568125888,0.00016272209313692045,26094.349609375,26053.19921875,0.5139778821965921,93
2025-12-02 10:49:00+05:30,26077.099609375,26077.099609375,26073.75,26074.25,0,0.00010546207416076064,0.00027993334667973007,3.349609375,0.8507288629737609,1.0,0.596563239181856,0.00016881993078522468,26094.349609375,26062.0,0.46676326752399927,94
2025-12-02 10:50:00+05:30,26090.150390625,26090.25,26074.900390625,26076.599609375,0,0.0005003438564334979,0.0007074585269785322,15.349609375,0.8828095177503499,0.99351062476142,2.3082797309601433,0.0002367569582405883,26094.349609375,26064.849609375,0.8576536016949152,95
2025-12-02 10:51:00+05:30,26094.25,26094.650390625,26088.25,26089.75,0,0.00015712011071295626,0.0007629260413073239,6.400390625,0.7030820872749466,0.9374427830332621,0.9639369337569126,0.00023235717460822736,26094.650390625,26067.69921875,0.985143851003696,96
2025-12-02 10:52:00+05:30,26098.150390625,26098.599609375,26092.650390625,26094.30078125,0,0.0001494620137442064,0.0008069259808905874,5.94921875,0.6470781352593565,0.9244911359159553,0.9238141453354362,0.00023422791640137445,26098.599609375,26067.80078125,0.9854144206988394,97
2025-12-02 10:53:00+05:30,26096.19921875,26099.599609375,26095.599609375,26097.44921875,0,-7.4765636146916e-05,0.00023181648831022524,4.0,0.3125,0.14990234375,0.6757068857435085,0.00021998509160215543,26099.599609375,26067.80078125,0.8930655365149561,98
2025-12-02 10:54:00+05:30,26092.150390625,26097.19921875,26091.400390625,26096.30078125,0,-0.000155162144939597,-8.046576734235938e-05,5.798828125,0.7157292017514315,0.12933647692825867,1.0007078094981294,0.00020442677709003068,26099.599609375,26067.80078125,0.7657392052085252,99
2025-12-02 10:55:00+05:30,26091.400390625,26093.80078125,26089.75,26092.0,0,-2.8744690187768267e-05,-0.00025867247127422873,4.05078125,0.14802314368370298,0.40742526518804245,0.6877569969491976,0.00020666986692251341,26099.599609375,26067.80078125,0.7421534303789693,100
2025-12-02 10:56:00+05:30,26092.30078125,26093.099609375,26088.94921875,26090.849609375,0,3.4508499967242515e-05,-0.00014939833516003557,4.150390625,0.3496470588235294,0.8075294117647058,0.7411411830357143,0.00017681930953769847,26099.599609375,26069.0,0.7614731601455288,101
2025-12-02 10:57:00+05:30,26091.05078125,26094.30078125,26091.05078125,26091.650390625,0,-4.7907999881607985e-05,-4.214419010211846e-05,3.25,0.18449519230769232,0.0,0.5813912861185843,0.00018188849038543287,26099.599609375,26069.0,0.7206229654688198,102
2025-12-02 10:58:00+05:30,26089.400390625,26091.0,26088.5,26090.5,0,-6.325704697781942e-05,-7.665654689213282e-05,2.5,0.43984375,0.36015625,0.45621413550985496,0.0001865389590212547,26099.599609375,26069.05078125,0.6661338789079982,103
2025-12-02 10:59:00+05:30,26098.19921875,26098.650390625,26089.0,26089.5,0,0.000337199958389732,0.00022603491153033313,9.650390625,0.9014369560817648,0.9532483302975107,1.5794520985838953,0.00020646147856765216,26099.599609375,26069.650390625,0.9532411634276771,104
2025-12-02 11:00:00+05:30,26092.55078125,26100.5,26092.05078125,26098.400390625,0,-0.00021645358696907685,5.748932444282778e-05,8.44921875,0.6923254738788719,0.05917706888580675,1.558918918918919,0.0001648952918277149,26100.5,26069.650390625,0.7423235201012979,105
2025-12-02 11:01:00+05:30,26085.75,26093.44921875,26083.849609375,26091.900390625,0,-0.00026067469375911067,-0.00013992832233832435,9.599609375,0.6406917599186165,0.19796541200406917,1.672451340683272,0.00017581897668861445,26100.5,26069.650390625,0.5218740107628996,106
2025-12-02 11:02:00+05:30,26093.349609375,26093.849609375,26085.44921875,26085.44921875,0,0.00029128940459408834,-0.0001858388761341084,8.400390625,0.9404789583817716,0.9404789583817716,1.4035832000783213,0.00019662464977728843,26100.5,26069.650390625,0.7682177904400127,107
2025-12-02 11:03:00+05:30,26095.900390625,26095.900390625,26092.19921875,26092.80078125,0,9.775121321072664e-05,0.0001283659240458086,3.701171875,0.837467018469657,1.0,0.621515250901935,0.00019868679507710181,26100.5,26069.650390625,0.8509021842355176,108
2025-12-02 11:04:00+05:30,26098.05078125,26099.0,26095.5,26095.80078125,0,8.239999379001665e-05,0.0004714406115947585,3.5,0.6428571428571429,0.7287946428571429,0.6113328557295398,0.00019232580647985,26100.5,26069.650390625,0.9206077872744539,109
2025-12-02 11:05:00+05:30,26094.849609375,26100.30078125,26094.55078125,26097.650390625,0,-0.00012266694723063926,5.748425977020621e-05,5.75,0.48709239130434784,0.051970108695652176,0.9753834940198124,0.0001973403991718548,26100.5,26069.650390625,0.8168407723963279,110
2025-12-02 11:06:00+05:30,26095.599609375,26097.099609375,26094.69921875,26095.25,0,2.8740890767577713e-05,-1.152606267312346e-05,2.400390625,0.14564686737184704,0.37510170870626525,0.41964011336087687,0.00019727968208456422,26100.5,26069.650390625,0.8411522633744856,111
2025-12-02 11:07:00+05:30,26095.25,26096.900390625,26093.0,26095.25,0,-1.3397343696115948e-05,-0.00010732340015916714,3.900390625,0.0,0.5768652979469204,0.674206617150574,0.00019640267447840578,26100.5,26069.650390625,0.8298195631528965,112
2025-12-02 11:08:00+05:30,26092.94921875,26096.05078125,26091.25,26094.80078125,0,-8.817247139903559e-05,-7.282892432766255e-05,4.80078125,0.3856794141578519,0.35394629780309195,0.7981037729722709,0.00019767506581175778,26100.5,26069.650390625,0.7552389996834441,113
2025-12-02 11:09:00+05:30,26096.75,26097.150390625,26091.900390625,26092.599609375,0,0.0001456525449893171,4.408272989425157e-05,5.25,0.7905505952380952,0.9237351190476191,0.9416710457172885,0.00017020621941794568,26100.5,26069.650390625,0.8784425451092118,114
2025-12-02 11:10:00+05:30,26095.25,26097.099609375,26093.849609375,26096.5,0,-5.748007359027685e-05,0.0,3.25,0.38461538461538464,0.4308894230769231,0.6428930185836262,0.00015507043253063885,26100.5,26069.650390625,0.8298195631528965,115
2025-12-02 11:11:00+05:30,26094.099609375,26096.30078125,26092.900390625,26095.25,0,-4.408526390137352e-05,4.4087207497649034e-05,3.400390625,0.3383113153360138,0.3526708788052843,0.766656391738958,0.00012527381416369056,26100.5,26069.650390625,0.7925292814181704,116
2025-12-02 11:12:00+05:30,26091.849609375,26094.55078125,26091.599609375,26093.55078125,0,-8.623010734025099e-05,-0.0001877954448319932,2.951171875,0.5764394440767704,0.08471211118464593,0.7585722174807972,9.051668572846811e-05,26100.5,26069.650390625,0.7195948084836974,117
2025-12-02 11:13:00+05:30,26085.150390625,26093.0,26084.599609375,26092.30078125,0,-0.0002567881935263578,-0.00038710356476807977,8.400390625,0.8511973959544292,0.06556614740757963,1.9265397536394178,0.00011228840333879255,26100.5,26069.650390625,0.502437480215258,118
2025-12-02 11:14:00+05:30,26080.75,26085.650390625,26079.30078125,26085.099609375,0,-0.0001687075504299001,-0.0005117258512965555,6.349609375,0.6850199938480468,0.228237465395263,1.3668853010427178,0.00010962184102302764,26100.5,26069.650390625,0.3597974042418487,119
2025-12-02 11:15:00+05:30,26081.099609375,26081.19921875,26077.849609375,26080.55078125,0,1.3404792108489102e-05,-0.00041209095184770997,3.349609375,0.16384839650145772,0.970262390670554,0.7603635557526047,0.00011029267243289061,26100.5,26069.650390625,0.3711301044634378,120
2025-12-02 11:16:00+05:30,26075.94921875,26081.0,26075.849609375,26080.80078125,0,-0.0001974954778869544,-0.00035279823620834247,5.150390625,0.9419795221843004,0.019340159271899887,1.1004465217209864,0.00011483913587910185,26100.5,26069.650390625,0.20417853751187084,121
2025-12-02 11:17:00+05:30,26079.75,26079.900390625,26074.55078125,26076.55078125,0,0.00014574749504505727,-3.834319073334628e-05,5.349609375,0.5980284775465499,0.9718875502008032,1.108682452944748,0.00013383203148793288,26100.5,26071.19921875,0.29182775629916013,122
2025-12-02 11:18:00+05:30,26080.900390625,26085.30078125,26079.05078125,26079.69921875,0,4.410951997609465e-05,-7.638462865763586e-06,6.25,0.1921875,0.2959375,1.257515620701851,0.00013716968783222643,26100.5,26073.75,0.26730432242990654,123
2025-12-02 11:19:00+05:30,26081.19921875,26081.75,26079.05078125,26080.80078125,0,1.1457672418949848e-05,0.00020131468743999237,2.69921875,0.1476121562952243,0.7959479015918958,0.5724700716623172,0.0001220470392347705,26100.5,26074.55078125,0.25620954388077677,124
2025-12-02 11:20:00+05:30,26076.55078125,26081.25,26076.55078125,26081.099609375,0,-0.00017824532355429075,-0.0001226781311592855,4.69921875,0.9679966749792186,0.0,0.966925209982719,0.00012765904653201535,26100.5,26074.55078125,0.07707361132018667,125
2025-12-02 11:21:00+05:30,26075.30078125,26076.75,26073.44921875,26076.650390625,0,-4.7936936572334095e-05,-0.00021472458770764583,3.30078125,0.4088757396449704,0.5609467455621302,0.6805734536082475,0.00012757230826654923,26100.5,26073.44921875,0.06844765342960289,126
2025-12-02 11:22:00+05:30,26070.80078125,26075.44921875,26070.80078125,26074.849609375,0,-0.00017259200117869785,-0.0003987742613052919,4.6484375,0.8710084033613446,0.0,0.9260340064588927,0.00013150025154207615,26100.5,26070.80078125,0.0,127
2025-12-02 11:23:00+05:30,26072.349609375,26072.349609375,26070.0,26070.80078125,0,5.9406772082384354e-05,-0.0001611221656686435,2.349609375,0.6591853699085619,1.0,0.5322302349245674,0.00012213775677867545,26100.5,26070.0,0.07703637295081968,128
2025-12-02 11:24:00+05:30,26082.05078125,26082.44921875,26071.30078125,26072.44921875,0,0.00037201739121621365,0.0002588321621198325,11.1484375,0.8612473721093202,0.964260686755431,2.2777334397446127,0.00017257466017051804,26100.5,26070.0,0.39510758196721313,129
2025-12-02 11:25:00+05:30,26083.69921875,26084.099609375,26081.05078125,26082.30078125,0,6.319999235322611e-05,0.0004946241556518727,3.048828125,0.458680333119795,0.8686739269698911,0.6267566048341765,0.0001735601138824708,26100.5,26070.0,0.4491547131147541,130
2025-12-02 11:26:00+05:30,26077.25,26084.650390625,26076.30078125,26083.75,0,-0.00024728149619426137,0.00018793588737512872,8.349609375,0.7784795321637427,0.11368421052631579,1.6105334538878842,0.00018073807123899761,26100.5,26070.0,0.23770491803278687,131
2025-12-02 11:27:00+05:30,26072.94921875,26077.0,26071.349609375,26076.94921875,0,-0.00016493824852748055,-0.0003490197523686393,5.650390625,0.7079156584860007,0.28309713100587625,1.0836017679226908,0.00018055641674618813,26100.5,26070.0,0.09669569672131148,132
2025-12-02 11:28:00+05:30,26071.349609375,26073.900390625,26070.75,26072.30078125,0,-6.135318381687164e-05,-0.00047357292853858783,3.150390625,0.3019218846869188,0.1903285802851829,0.6423479749910398,0.0001790750653228431,26100.5,26070.0,0.04424948770491803,133
2025-12-02 11:29:00+05:30,26068.400390625,26072.099609375,26067.55078125,26071.44921875,0,-0.00011312746045560087,-0.000339418892799995,4.548828125,0.6702447402318592,0.18677544010304853,0.8937754240540332,0.00017969080417613365,26100.5,26067.55078125,0.025785417901600473,134
2025-12-02 11:30:00+05:30,26066.75,26069.0,26065.900390625,26068.19921875,0,-6.331201169213221e-05,-0.00023779265596465056,3.099609375,0.4675488342785129,0.2741020793950851,0.6287887792701771,0.00017410026784808326,26100.30078125,26065.900390625,0.024697666496337933,135
2025-12-02 11:31:00+05:30,26067.400390625,26067.75,26065.80078125,26066.55078125,0,2.4950655958115855e-05,-0.00015148881618954553,1.94921875,0.43587174348697394,0.8206412825651302,0.40656699393001183,0.0001751416551449123,26100.30078125,26065.80078125,0.046365489130434784,136
2025-12-02 11:32:00+05:30,26068.0,26069.44921875,26066.650390625,26067.75,0,2.300200518391459e-05,-1.5359350549989305e-05,2.798828125,0.08932309839497557,0.48220516399162594,0.6072033898305085,0.0001682725766467718,26100.30078125,26065.80078125,0.06374547101449275,137
2025-12-02 11:33:00+05:30,26068.099609375,26069.69921875,26067.75,26067.80078125,0,3.821128766595157e-06,5.1773789908706763e-05,1.94921875,0.1533066132264529,0.17935871743486975,0.42658687753793545,0.0001666076646677852,26100.30078125,26065.80078125,0.06663269927536232,138
2025-12-02 11:34:00+05:30,26066.69921875,26068.599609375,26065.69921875,26068.150390625,0,-5.372191537376075e-05,-2.6898781423175006e-05,2.900390625,0.5003367003367003,0.3447811447811448,0.7745670769872731,9.562997298313451e-05,26100.30078125,26065.69921875,0.02890042899074283,139
2025-12-02 11:35:00+05:30,26066.80078125,26067.5,26066.099609375,26067.0,0,3.896247134696872e-06,-4.600453947229819e-05,1.400390625,0.14225941422594143,0.500697350069735,0.3912047140986469,8.881437130027517e-05,26097.150390625,26065.69921875,0.03502452959075949,140
2025-12-02 11:36:00+05:30,26065.599609375,26067.650390625,26063.900390625,26067.099609375,0,-4.608158712093619e-05,-9.590725535992253e-05,3.75,0.4,0.453125,1.2020284229637515,6.14611545955277e-05,26097.150390625,26063.900390625,0.05110432330827068,141
2025-12-02 11:37:00+05:30,26067.349609375,26068.19921875,26065.400390625,26065.5,0,6.713604455090453e-05,2.4950704564687537e-05,2.798828125,0.6608513607815771,0.6964410327983251,0.9873906153104114,5.4421383837495716e-05,26097.150390625,26063.900390625,0.1037359022556391,142
2025-12-02 11:38:00+05:30,26073.05078125,26073.099609375,26066.0,26067.94921875,0,0.00021868539002412076,0.0002397398474539841,7.099609375,0.7185694635488308,0.9931224209078404,2.198367100090717,9.122743915367432e-05,26097.150390625,26063.900390625,0.2751997180451128,143
2025-12-02 11:39:00+05:30,26071.849609375,26074.44921875,26071.849609375,26072.599609375,0,-4.607054059797524e-05,0.00023975089397689156,2.599609375,0.28850488354620585,0.0,0.8566647357919804,8.360086894557986e-05,26097.099609375,26063.900390625,0.23943993410989528,144
2025-12-02 11:40:00+05:30,26070.650390625,26072.099609375,26069.349609375,26071.55078125,0,-4.599774656800167e-05,0.00012661710285815698,2.75,0.3274147727272727,0.47301136363636365,0.9167860398489387,8.200352083929881e-05,26096.30078125,26063.900390625,0.20833082162879016,145
2025-12-02 11:41:00+05:30,26063.94921875,26071.0,26062.400390625,26070.650390625,0,-0.0002570719622713113,-0.0003491402494372684,8.599609375,0.7792414263002498,0.18010447422212128,2.346639663166871,0.00011854216624064734,26094.55078125,26062.400390625,0.048174472996780265,146
2025-12-02 11:42:00+05:30,26063.94921875,26064.599609375,26062.30078125,26063.55078125,0,0.0,-0.0003030697088392995,2.298828125,0.17332200509770604,0.7170773152081563,0.635975576808775,0.00011798262514323446,26093.0,26062.30078125,0.053696399032955845,147
2025-12-02 11:43:00+05:30,26064.099609375,26065.05078125,26062.849609375,26063.55078125,0,5.770046198996074e-06,-0.0002513019160723102,2.201171875,0.24933451641526175,0.5678793256433008,0.6047435071903843,0.00011801976547325993,26085.650390625,26062.30078125,0.07703889585947303,148
2025-12-02 11:44:00+05:30,26063.30078125,26065.150390625,26062.30078125,26064.44921875,0,-3.0649068208861645e-05,-2.4879022009953905e-05,2.849609375,0.4030157642220699,0.35092529129540784,0.783987103707684,0.00011741010955055045,26085.30078125,26062.30078125,0.043478260869565216,149
2025-12-02 11:45:00+05:30,26062.19921875,26064.19921875,26061.19921875,26063.30078125,0,-4.226578162950821e-05,-6.714480363947043e-05,3.0,0.3671875,0.3333333333333333,0.790570796232436,0.00011757766997701059,26085.30078125,26061.19921875,0.04149108589951377,150
2025-12-02 11:46:00+05:30,26061.75,26063.80078125,26060.69921875,26062.30078125,0,-1.723655850116893e-05,-9.015140833958929e-05,3.1015625,0.17758186397984888,0.33879093198992444,0.8315442216054878,0.00011715585502822525,26085.30078125,26060.69921875,0.04271197205462052,151
2025-12-02 11:47:00+05:30,26060.94921875,26063.25,26059.5,26061.19921875,0,-3.072677593700681e-05,-9.022911606772289e-05,3.75,0.06666666666666667,0.38645833333333335,0.9803921568627451,0.00011358684941640041,26085.30078125,26059.5,0.056169568508705525,152
2025-12-02 11:48:00+05:30,26063.0,26063.849609375,26059.0,26061.150390625,0,7.868863667449285e-05,3.0725302236396204e-05,4.849609375,0.3813934756343133,0.8248086991542489,1.3471137152777777,8.540806584447034e-05,26084.650390625,26059.0,0.1559430442397015,153
2025-12-02 11:49:00+05:30,26069.05078125,26069.75,26062.0,26063.0,0,0.00023213286976021707,0.000280094730497824,7.75,0.7807459677419355,0.9097782258064516,1.8833357064882053,0.0001207049238047523,26084.650390625,26059.0,0.39183735627807814,154
2025-12-02 11:50:00+05:30,26063.900390625,26069.599609375,26063.80078125,26068.650390625,0,-0.0001975867671399134,0.000113234739294888,5.798828125,0.8191310205456382,0.017177500842034354,1.3119752540874945,0.00013437059612169528,26084.650390625,26059.0,0.1910454580065484,155
2025-12-02 11:51:00+05:30,26062.69921875,26065.400390625,26062.150390625,26064.94921875,0,-4.608671519773937e-05,-1.154061257734713e-05,3.25,0.6923076923076923,0.16887019230769232,0.8365592479010608,0.00010801870115783583,26084.650390625,26059.0,0.14421685829589584,156
2025-12-02 11:52:00+05:30,26060.19921875,26063.349609375,26058.900390625,26062.599609375,0,-9.592712903006984e-05,-0.0003396006113677294,4.44921875,0.5395083406496927,0.2919227392449517,1.0851753048780488,0.00011174078916331732,26084.650390625,26058.900390625,0.05043992718446602,157
2025-12-02 11:53:00+05:30,26057.69921875,26061.05078125,26057.5,26060.400390625,0,-9.593633192691695e-05,-0.00023795017615471685,3.55078125,0.7607260726072608,0.056105610561056105,0.8384448646405017,0.00011430138193577289,26084.650390625,26057.5,0.007337601611394864,158
2025-12-02 11:54:00+05:30,26053.25,26057.150390625,26049.349609375,26057.05078125,0,-0.00017075945948074426,-0.0003626229204377289,7.80078125,0.4872308462694041,0.5,1.6491865554546203,0.0001233592517754696,26084.650390625,26049.349609375,0.11049020692707757,159
2025-12-02 11:55:00+05:30,26047.650390625,26054.849609375,26047.5,26053.30078125,0,-0.00021495250003657874,-0.00048164829144426607,7.349609375,0.768801488174329,0.02046239702365134,1.4229532993004348,0.0001354303690115278,26084.650390625,26047.5,0.0040481572998265075,160
2025-12-02 11:56:00+05:30,26046.75,26049.05078125,26045.44921875,26048.30078125,0,-3.456765480887964e-05,-0.00042027961432617177,3.6015625,0.43058568329718006,0.3611713665943601,0.6906108385453729,0.00013499166479159913,26077.0,26045.44921875,0.041228178779249725,161
2025-12-02 11:57:00+05:30,26048.400390625,26049.599609375,26046.80078125,26047.349609375,0,6.336062428746664e-05,-0.0001861595305578577,2.798828125,0.3754361479413817,0.5715282623866015,0.5466544594491493,0.00014024723016662065,26074.44921875,26045.44921875,0.10176454741379311,162
2025-12-02 11:58:00+05:30,26051.900390625,26053.900390625,26048.099609375,26048.400390625,0,0.0001343562303012398,0.000163149199779848,5.80078125,0.6033670033670033,0.6552188552188553,1.1123178907157036,0.00014679375668542622,26074.44921875,26045.44921875,0.2224542025862069,163
2025-12-02 11:59:00+05:30,26053.75,26054.650390625,26051.55078125,26053.0,0,7.099457973983375e-05,0.0002687114343286764,3.099609375,0.24196597353497165,0.7095148078134845,0.6525493421052632,0.00011961315231977651,26074.44921875,26045.44921875,0.2862338362068966,164
2025-12-02 12:00:00+05:30,26046.80078125,26054.44921875,26046.349609375,26054.0,0,-0.00026676181679491064,-6.141100675377783e-05,8.099609375,0.888835302628406,0.05570291777188329,1.626402070750647,0.00013007944933813797,26074.44921875,26045.44921875,0.04660560344827586,165
2025-12-02 12:01:00+05:30,26044.650390625,26047.849609375,26044.05078125,26047.25,0,-8.256213170667695e-05,-0.0002783293687616292,3.798828125,0.6843187660668381,0.15784061696658097,0.754490088831995,0.0001299819749911245,26074.44921875,26044.05078125,0.019725006425083527,166
2025-12-02 12:02:00+05:30,26051.25,26052.349609375,26041.05078125,26044.55078125,0,0.000253363867821483,-9.596008068013343e-05,11.298828125,0.5929127052722558,0.9026793431287813,1.9753465819845661,0.0001643990057660615,26074.44921875,26041.05078125,0.3053801169590643,167
2025-12-02 12:03:00+05:30,26055.650390625,26058.349609375,26050.25,26051.099609375,0,0.00016889857590728224,0.00033970031202213915,8.099609375,0.561851941162286,0.6667470460573909,1.3117191206705678,0.00017440208234496571,26074.44921875,26041.05078125,0.4371345029239766,168
2025-12-02 12:04:00+05:30,26052.44921875,26057.05078125,26051.80078125,26055.849609375,0,-0.00012286657556210477,0.00029939586816668946,5.25,0.6476934523809523,0.12351190476190477,0.8868652875383549,0.00017003462620059814,26074.44921875,26041.05078125,0.34128654970760236,169
2025-12-02 12:05:00+05:30,26042.44921875,26052.94921875,26042.150390625,26052.099609375,0,-0.00038391475644485273,-0.00033788275609965545,10.798828125,0.893651654910472,0.027672273467173086,1.7237724084177708,0.0001993039091031951,26074.44921875,26041.05078125,0.04187134502923977,170
2025-12-02 12:06:00+05:30,26046.599609375,26048.75,26041.900390625,26041.900390625,0,0.00015935751284231692,-0.00034742381916473113,6.849609375,0.6860564585115483,0.6860564585115483,1.0394807042504002,0.0002070112625389073,26074.44921875,26041.05078125,0.16614035087719298,171
2025-12-02 12:07:00+05:30,26055.849609375,26056.55078125,26046.099609375,26046.650390625,0,0.0003550696842809178,0.0001305124406784189,10.451171875,0.8802093066716502,0.9329097364978509,1.421021882302953,0.0002356009618355823,26074.44921875,26041.05078125,0.4430994152046784,172
2025-12-02 12:08:00+05:30,26051.55078125,26058.80078125,26050.44921875,26055.349609375,0,-0.00016499875651162043,0.0003494284406115804,8.3515625,0.4548643592142189,0.13189897100093545,1.097479595503311,0.00023965280326368224,26074.44921875,26041.05078125,0.3143859649122807,173
2025-12-02 12:09:00+05:30,26054.849609375,26056.05078125,26051.400390625,26051.400390625,0,0.0001266189222313559,0.00031668985000058434,4.650390625,0.7417051658966821,0.7417051658966821,0.5989033101921722,0.00024215082606350493,26072.099609375,26041.05078125,0.4444234761275712,174
2025-12-02 12:10:00+05:30,26052.69921875,26056.55078125,26052.5,26054.55078125,0,-8.253662567450847e-05,-0.00012091645995480189,4.05078125,0.4570877531340405,0.04918032786885246,0.550380808322055,0.00022569268960414844,26071.0,26041.05078125,0.3889396113212469,175
2025-12-02 12:11:00+05:30,26056.05078125,26057.400390625,26052.75,26053.19921875,0,0.00012863722521147444,0.00017271952176834072,4.650390625,0.6131877362452751,0.7097858042839144,0.6246228914714447,0.00022463324737036902,26069.75,26041.05078125,0.5226623111474071,176
2025-12-02 12:12:00+05:30,26058.599609375,26059.5,26055.55078125,26056.05078125,0,9.781618442905756e-05,0.00014391678396610664,3.94921875,0.6454005934718101,0.7720079129574678,0.5885434858539993,0.00021362234287735155,26069.75,26041.05078125,0.6114740710494079,177
2025-12-02 12:13:00+05:30,26056.5,26059.19921875,26056.44921875,26058.55078125,0,-8.057585582195023e-05,0.00014587755381872304,2.75,0.7457386363636364,0.018465909090909092,0.44533004396369047,0.00020990128836264067,26069.75,26041.05078125,0.538314958486457,178
2025-12-02 12:14:00+05:30,26051.55078125,26057.099609375,26047.19921875,26056.0,0,-0.00018995985037554463,-0.0001727195217684377,9.900390625,0.44939830341290193,0.4395344249358848,1.49097005706218,0.0002153815471953657,26069.75,26041.05078125,0.365863617803185,179
2025-12-02 12:15:00+05:30,26052.69921875,26052.69921875,26049.650390625,26051.75,0,4.408229655689276e-05,-0.000226453409640582,3.048828125,0.3113388853299167,1.0,0.5198135198135199,0.00016888176899020207,26069.75,26041.05078125,0.40587995100040836,180
2025-12-02 12:16:00+05:30,26049.30078125,26055.69921875,26047.650390625,26052.400390625,0,-0.00013045324574178528,-0.00027633079956045537,8.048828125,0.3851007037126911,0.20504731861198738,1.3447983291998433,0.000170854844490046,26069.75,26041.05078125,0.2874642711310739,181
2025-12-02 12:17:00+05:30,26060.80078125,26060.80078125,26049.19921875,26049.849609375,0,0.0004413731634316111,0.00035500221424661913,11.6015625,0.943939393939394,1.0,1.9018345980213236,0.0001911728208351021,26069.75,26041.05078125,0.6881720430107527,182
2025-12-02 12:18:00+05:30,26058.44921875,26060.75,26053.69921875,26060.25,0,-9.023777209360484e-05,0.00022068214559621858,7.05078125,0.2554016620498615,0.6736842105263158,1.1810122027022607,0.00018452395300964556,26069.75,26041.05078125,0.6062338369402477,183
2025-12-02 12:19:00+05:30,26056.44921875,26058.75,26053.900390625,26058.44921875,0,-7.675348358899555e-05,0.0002743819077490103,4.849609375,0.41240434957712446,0.5255739025372533,0.8096123121066875,0.00018346470191993062,26069.599609375,26041.05078125,0.5393719641513306,184
2025-12-02 12:20:00+05:30,26058.099609375,26061.05078125,26054.05078125,26057.599609375,0,6.333703975820974e-05,-0.00010365421592444734,7.0,0.07142857142857142,0.5784040178571429,1.11376984990211,0.0001814184692246685,26065.400390625,26041.05078125,0.7001684446939921,185
2025-12-02 12:21:00+05:30,26057.94921875,26059.099609375,26054.849609375,26058.400390625,0,-5.771374783088041e-06,-1.9187818613919667e-05,4.25,0.10615808823529412,0.7293198529411765,0.6805529492712828,0.00017747137898331726,26063.349609375,26041.05078125,0.7578172900061312,186
2025-12-02 12:22:00+05:30,26059.849609375,26061.05078125,26057.599609375,26057.849609375,0,7.292674167262882e-05,0.0001304924066476252,3.451171875,0.579513299377476,0.6519524617996605,0.5570793530691384,0.00017623085964962146,26061.05078125,26041.05078125,0.93994140625,187
2025-12-02 12:23:00+05:30,26058.05078125,26060.400390625,26057.80078125,26059.80078125,0,-6.902918621943005e-05,-1.8738193298144627e-06,2.599609375,0.6731780616078137,0.09616829451540196,0.42064344858099995,0.00017564620283852745,26061.05078125,26041.05078125,0.85,188
2025-12-02 12:24:00+05:30,26065.0,26067.05078125,26057.849609375,26057.900390625,0,0.0002666466635017356,0.00027054421895480904,9.201171875,0.7715983867544046,0.7771173848439822,1.5058816008183096,0.00017838663336560375,26067.05078125,26041.05078125,0.9211237980769231,189
2025-12-02 12:25:00+05:30,26062.75,26065.80078125,26060.75,26064.75,0,-8.632638091596332e-05,0.00011129109636633261,5.05078125,0.39597834493426143,0.39597834493426143,0.8003961744405583,0.00018368626599149778,26067.05078125,26041.05078125,0.8345853365384616,190
2025-12-02 12:26:00+05:30,26062.75,26064.150390625,26058.849609375,26062.55078125,0,0.0,0.00018032028258574922,5.30078125,0.03758290346352248,0.7358142962417097,0.8782603067762604,0.00017476411524561575,26067.05078125,26041.05078125,0.8345853365384616,191
2025-12-02 12:27:00+05:30,26061.55078125,26063.400390625,26059.349609375,26062.900390625,0,-4.601380669810469e-05,-0.00013234018761408887,4.05078125,0.3331726133076181,0.5433944069431051,0.7671253143956207,0.0001099238716717489,26067.05078125,26041.05078125,0.7884615384615384,192
2025-12-02 12:28:00+05:30,26059.650390625,26063.099609375,26059.25,26061.349609375,0,-7.292198119439135e-05,-0.00011893578789247367,3.849609375,0.441400304414003,0.10400811770674784,0.776075914478088,0.00010842018566932222,26067.05078125,26041.05078125,0.7153695913461539,193
2025-12-02 12:29:00+05:30,26066.44921875,26066.69921875,26059.25,26059.25,0,0.00026086080541247697,0.00014192501751989964,7.44921875,0.9664394336654432,0.9664394336654432,1.4269679736605805,0.0001305717927031996,26067.05078125,26041.05078125,0.9768629807692307,194
2025-12-02 12:30:00+05:30,26066.19921875,26066.69921875,26064.599609375,26066.349609375,0,-9.590918838625472e-06,0.00017834790537935428,2.099609375,0.07162790697674419,0.761860465116279,0.44386638589537136,0.00013105813369630384,26067.05078125,26041.05078125,0.9672475961538461,195
2025-12-02 12:31:00+05:30,26063.5,26067.150390625,26063.5,26065.900390625,0,-0.00010355781034092774,0.00014771207623290227,3.650390625,0.6575708935259497,0.0,0.781615925058548,0.00013759797598960984,26067.150390625,26041.05078125,0.8601361969617601,196
2025-12-02 12:32:00+05:30,26065.650390625,26066.94921875,26063.05078125,26063.349609375,0,8.250242369600004e-05,-3.0646305483520015e-05,3.8984375,0.5901803607214429,0.6668336673346693,0.826809162835011,0.0001380298216806108,26067.150390625,26041.900390625,0.9405940594059405,197
2025-12-02 12:33:00+05:30,26072.349609375,26073.0,26064.25,26065.55078125,0,0.0002569802749191652,0.00023592488827419534,8.75,0.7770089285714286,0.9256696428571428,1.641626969585929,0.0001518785072462836,26073.0,26041.900390625,0.9790868554920555,198
2025-12-02 12:34:00+05:30,26073.75,26075.349609375,26070.900390625,26072.0,0,5.3710273091395755e-05,0.00039319297170656466,4.44921875,0.3933274802458297,0.6404741000877963,0.9164420485175203,0.0001325880781531434,26075.349609375,26041.900390625,0.9521779750087586,199
2025-12-02 12:35:00+05:30,26083.599609375,26085.099609375,26073.05078125,26073.75,0,0.00037768826697881714,0.0006883788149892839,12.048828125,0.8174744691197925,0.8755065650834819,2.169127988748242,0.00016354848664836862,26085.099609375,26041.900390625,0.9652771498327154,200
2025-12-02 12:36:00+05:30,26079.650390625,26084.94921875,26078.900390625,26083.599609375,0,-0.00015141766502448572,0.00027998087504567225,6.048828125,0.6528898934452696,0.12399095899257345,1.074489123269611,0.00017813353319299092,26085.099609375,26046.099609375,0.8602764423076923,201
2025-12-02 12:37:00+05:30,26077.849609375,26081.30078125,26077.55078125,26079.150390625,0,-6.905167044875069e-05,0.00015721893150546525,3.75,0.346875,0.0796875,0.669712930342879,0.0001798668030708537,26085.099609375,26047.19921875,0.8087090955939191,202
2025-12-02 12:38:00+05:30,26072.25,26078.94921875,26071.69921875,26078.25,0,-0.00021474971048814287,-0.00043521904596145684,7.25,0.8275862068965517,0.07596982758620689,1.220651101611312,0.00019655112705193952,26085.099609375,26047.19921875,0.6609636691574337,203
2025-12-02 12:39:00+05:30,26072.30078125,26074.099609375,26070.05078125,26072.05078125,0,1.947710709519702e-06,-0.00028185367022729975,4.048828125,0.06174626145682586,0.5557163531114327,0.7230806794795772,0.0001819564447880829,26085.099609375,26047.19921875,0.6623035300180365,204
2025-12-02 12:40:00+05:30,26073.400390625,26073.650390625,26070.55078125,26072.0,0,4.217449762685073e-05,-0.00017062750215166434,3.099609375,0.45179584120982985,0.9193446754883428,0.5438470237483294,0.00018167987770247436,26085.099609375,26047.19921875,0.6913166709610925,205
2025-12-02 12:41:00+05:30,26066.400390625,26072.400390625,26066.400390625,26072.150390625,0,-0.00026850889098812127,-0.00022438668265166702,6.0,0.9583333333333334,0.0,1.0110584518167456,0.0002013379952944805,26085.099609375,26047.19921875,0.5066220046379799,206
2025-12-02 12:42:00+05:30,26062.349609375,26068.19921875,26062.19921875,26067.5,0,-0.00015541447888747938,-0.0003817488722487069,6.0,0.8583984375,0.025065104166666668,0.9764780673871583,0.0002059704199796715,26085.099609375,26047.19921875,0.39974233444988405,207
2025-12-02 12:43:00+05:30,26061.599609375,26064.150390625,26060.849609375,26062.05078125,0,-2.8777558542435223e-05,-0.00045270092841803505,3.30078125,0.1366863905325444,0.2272189349112426,0.5894663411231252,0.00018293900119043115,26085.099609375,26047.19921875,0.3799536202009791,208
2025-12-02 12:44:00+05:30,26060.599609375,26063.099609375,26059.55078125,26061.94921875,0,-3.837136633189472e-05,-0.0002225634037617669,3.548828125,0.3802971931755641,0.2955421023665383,0.6441206707079301,0.00017992124497210634,26085.099609375,26047.650390625,0.34578074475852716,209
2025-12-02 12:45:00+05:30,26059.80078125,26061.80078125,26058.849609375,26060.94921875,0,-3.065318451409336e-05,-9.780210938844601e-05,2.951171875,0.38914626075446723,0.32230311052283256,0.6415863445288947,0.00010097398805425255,26085.099609375,26047.650390625,0.3244497757379785,210
2025-12-02 12:46:00+05:30,26055.150390625,26060.900390625,26052.94921875,26059.80078125,0,-0.00017846666005716307,-0.00024749121090316203,7.951171875,0.5848685826578236,0.2768361581920904,1.6599388379204894,0.00010310372650148501,26085.099609375,26049.19921875,0.16576900059844404,211
2025-12-02 12:47:00+05:30,26056.099609375,26056.599609375,26051.599609375,26053.94921875,0,3.6430473270381654e-05,-0.0001726893713009244,5.0,0.430078125,0.9,1.0172859129743692,0.00011102939143074934,26085.099609375,26051.599609375,0.13432835820895522,212
2025-12-02 12:48:00+05:30,26054.75,26057.80078125,26054.400390625,26057.099609375,0,-5.179763467371911e-05,-0.0001938338214605379,3.400390625,0.6909821941412981,0.10281447443997703,0.7506251616797447,0.00010113304776619043,26085.099609375,26051.599609375,0.09404151119402986,213
2025-12-02 12:49:00+05:30,26049.400390625,26055.150390625,26049.400390625,26054.44921875,0,-0.00020534292772038046,-0.00022071008912380588,5.75,0.8780570652173914,0.0,1.2233534178267194,0.00010649960821768186,26085.099609375,26049.400390625,0.0,214
2025-12-02 12:50:00+05:30,26050.25,26050.69921875,26047.900390625,26050.150390625,0,3.261478219927256e-05,-0.00022452578019481793,2.798828125,0.03558967201674808,0.8394975575715282,0.5993057588557568,0.00010523799403553636,26085.099609375,26047.900390625,0.06316286884385172,215
2025-12-02 12:51:00+05:30,26050.400390625,26051.44921875,26048.55078125,26050.349609375,0,5.773080522928005e-06,-0.00016695506499818881,2.8984375,0.01752021563342318,0.6381401617250674,0.6647851991219818,8.744319351697253e-05,26085.099609375,26047.900390625,0.06720571248556127,216
2025-12-02 12:52:00+05:30,26049.75,26051.69921875,26049.44921875,26050.349609375,0,-2.496693848891687e-05,1.3420924233350397e-05,2.25,0.2664930555555556,0.13368055555555555,0.564622849580944,8.13797281037313e-05,26085.099609375,26047.900390625,0.04972172634673947,217
2025-12-02 12:53:00+05:30,26049.30078125,26050.5,26047.94921875,26049.900390625,0,-1.7244795952132996e-05,-3.643865391818194e-05,2.55078125,0.23506891271056662,0.5298621745788668,0.6523802387731654,8.176879854380544e-05,26085.099609375,26047.900390625,0.03764569988449018,218
2025-12-02 12:54:00+05:30,26043.900390625,26049.94921875,26043.900390625,26049.099609375,0,-0.00020733571839928706,-0.00024954745284042523,6.048828125,0.8595414917662254,0.0,1.4540588760035682,9.596584196704263e-05,26085.099609375,26043.900390625,0.0,219
2025-12-02 12:55:00+05:30,26044.44921875,26045.400390625,26042.30078125,26043.849609375,0,2.1072970410218213e-05,-0.00020350754394113276,3.099609375,0.19344675488342786,0.6931316950220542,0.7424561403508771,9.930484096594442e-05,26085.099609375,26042.30078125,0.05019851229863551,220
2025-12-02 12:56:00+05:30,26040.75,26044.849609375,26039.599609375,26044.349609375,0,-0.00014204491147989492,-0.00032830765946893244,5.25,0.6856398809523809,0.2191220238095238,1.3445378151260503,9.500831376216247e-05,26085.099609375,26039.599609375,0.02528331043956044,221
2025-12-02 12:57:00+05:30,26038.75,26041.0,26036.349609375,26040.5,0,-7.680565293376301e-05,-0.0001977775940034055,4.650390625,0.376312473750525,0.5161696766064678,1.2017362337858981,8.944804536077608e-05,26085.099609375,26036.349609375,0.04923878205128205,222
2025-12-02 12:58:00+05:30,26040.94921875,26042.599609375,26038.80078125,26038.80078125,0,8.445589296023157e-05,-0.00013439467145359674,3.798828125,0.5655526992287918,0.5655526992287918,0.9716740770345207,0.00010151790450548677,26085.099609375,26036.349609375,0.09435096153846154,223
2025-12-02 12:59:00+05:30,26041.19921875,26042.05078125,26040.05078125,26041.099609375,0,9.600218405130764e-06,1.7250458431339354e-05,2.0,0.0498046875,0.57421875,0.5658396419296016,8.745524057651662e-05,26085.099609375,26036.349609375,0.09947916666666666,224
2025-12-02 13:00:00+05:30,26040.94921875,26041.69921875,26039.05078125,26041.150390625,0,-9.600218405047978e-06,8.445589296023157e-05,2.6484375,0.07595870206489676,0.7168141592920354,0.7524972253052165,8.500160818821502e-05,26085.099609375,26036.349609375,0.09435096153846154,225
2025-12-02 13:01:00+05:30,26037.5,26041.44921875,26037.5,26040.900390625,0,-0.00013246242185732966,-0.00013246242185732966,3.94921875,0.8610286844708209,0.0,1.0895570643388297,8.866719853549499e-05,26085.099609375,26036.349609375,0.02359775641025641,226
2025-12-02 13:02:00+05:30,26039.150390625,26039.94921875,26036.900390625,26037.650390625,0,6.338313286953414e-05,-7.867950739284022e-05,3.048828125,0.49199231262011534,0.737988468930173,0.8230083829809669,9.552362411797983e-05,26085.099609375,26036.349609375,0.057451923076923074,227
2025-12-02 13:03:00+05:30,26038.69921875,26040.44921875,26037.69921875,26039.099609375,0,-1.732682429840795e-05,-8.640611328628804e-05,2.75,0.1455965909090909,0.36363636363636365,0.7383711783522995,9.552138984292489e-05,26085.099609375,26036.349609375,0.04819711538461539,228
2025-12-02 13:04:00+05:30,26043.30078125,26043.30078125,26038.30078125,26039.0,0,0.00017670452409551289,0.00022276083266661872,5.0,0.86015625,1.0,1.3813943449169004,9.824712421452606e-05,26085.099609375,26036.349609375,0.14258814102564102,229
2025-12-02 13:05:00+05:30,26034.900390625,26044.599609375,26033.80078125,26043.05078125,0,-0.00032260679166436077,-0.00016322909186727462,10.798828125,0.7547476939772111,0.10182673177789836,2.460176203613064,0.00014028124251975332,26084.94921875,26033.80078125,0.0214983962120055,230
2025-12-02 13:06:00+05:30,26035.150390625,26035.599609375,26032.05078125,26035.25,0,9.602448864626356e-06,-0.00013629981870423146,3.548828125,0.02806824435883324,0.8734177215189873,0.8410868860806369,0.00013574776894645555,26081.30078125,26032.05078125,0.062936230964467,231
2025-12-02 13:07:00+05:30,26039.5,26040.25,26034.80078125,26035.69921875,0,0.00016705285018662496,-0.00014595149261314433,5.44921875,0.6974910394265234,0.8623655913978494,1.2674904597492278,0.0001462101198313616,26078.94921875,26032.05078125,0.15883724804264535,232
2025-12-02 13:08:00+05:30,26043.44921875,26043.44921875,26039.0,26039.150390625,0,0.00015165111871756664,0.00032830641776897436,4.44921875,0.966198419666374,1.0,1.0194674423808459,0.00015181247720146574,26074.099609375,26032.05078125,0.27107622276928794,233
2025-12-02 13:09:00+05:30,26051.5,26052.650390625,26042.80078125,26043.55078125,0,0.0003090810696555683,0.0006277850385599637,9.849609375,0.8070592901050961,0.8832044418005156,1.912835685025034,0.0001789299691509314,26073.650390625,26032.05078125,0.46753368702756,234
2025-12-02 13:10:00+05:30,26038.849609375,26051.349609375,26034.55078125,26050.94921875,0,-0.0004857095783984667,-2.4977390025311762e-05,16.798828125,0.7202650854551796,0.2559004766887571,2.5591359457288227,0.0002447119083733174,26072.400390625,26032.05078125,0.16849799119028028,235
2025-12-02 13:11:00+05:30,26038.5,26041.05078125,26038.05078125,26039.849609375,0,-1.3426542542158638e-05,-0.00019005505128499893,3.0,0.4498697916666667,0.14973958333333334,0.46372611176523865,0.00024085308373548834,26068.19921875,26032.05078125,0.1784093365031338,236
2025-12-02 13:12:00+05:30,26037.900390625,26038.900390625,26035.650390625,26038.900390625,0,-2.302806532434726e-05,-0.0005221641862649471,3.25,0.3076923076923077,0.6923076923076923,0.5008126166255342,0.00024002818901642484,26064.150390625,26032.05078125,0.18223303924551262,237
2025-12-02 13:13:00+05:30,26039.55078125,26039.80078125,26037.19921875,26037.900390625,0,6.338215824364655e-05,2.6927550377282833e-05,2.6015625,0.6343843843843844,0.9039039039039038,0.40180995475113124,0.00024091546893843398,26063.099609375,26032.05078125,0.24155501037931684,238
2025-12-02 13:14:00+05:30,26035.80078125,26040.19921875,26035.19921875,26039.19921875,0,-0.00014402207163136937,-0.00010366797871208976,5.0,0.6796875,0.1203125,0.7722473604826546,0.00023657074079489815,26061.80078125,26032.05078125,0.12605042016806722,239
2025-12-02 13:15:00+05:30,26036.44921875,26036.849609375,26034.099609375,26035.400390625,0,2.4905299849024173e-05,-5.573461353857721e-05,2.75,0.38139204545454547,0.8544034090909091,0.48503220917014017,0.00021296281059229516,26060.900390625,26032.05078125,0.1524609031209803,240
2025-12-02 13:16:00+05:30,26033.099609375,26036.900390625,26032.05078125,26036.80078125,0,-0.00012865905140357258,-0.00024777582318586696,4.849609375,0.7631896898912606,0.21627064035441,0.8361677050008419,0.00021714632740170634,26057.80078125,26032.05078125,0.04073118932038835,241
2025-12-02 13:17:00+05:30,26033.099609375,26033.349609375,26031.30078125,26033.05078125,0,0.0,-0.00010375375155448151,2.048828125,0.023832221163012392,0.8779790276453765,0.37525935465407456,0.0002084449255082937,26057.80078125,26031.30078125,0.06788030660377359,242
2025-12-02 13:18:00+05:30,26035.05078125,26036.19921875,26032.5,26032.5,0,7.49468479781192e-05,-5.371220342552564e-05,3.69921875,0.689545934530095,0.689545934530095,0.6869785999274574,0.00020256768986376313,26055.150390625,26031.30078125,0.15723527966587503,243
2025-12-02 13:19:00+05:30,26035.0,26035.650390625,26032.75,26034.94921875,0,-1.950497425647275e-06,7.299635055249169e-05,2.900390625,0.017508417508417508,0.7757575757575758,0.618440779610195,0.0001646674277665799,26052.650390625,26031.30078125,0.17326868539017473,244
2025-12-02 13:20:00+05:30,26033.94921875,26035.80078125,26033.349609375,26034.94921875,0,-4.0361146745207046e-05,3.263520380732296e-05,2.451171875,0.40796812749003986,0.2446215139442231,0.7530301212048482,7.1764340495529e-05,26052.650390625,26031.30078125,0.12405086451376818,245
2025-12-02 13:21:00+05:30,26034.25,26035.099609375,26030.0,26034.150390625,0,1.1553357116881705e-05,-3.0758287053880814e-05,5.099609375,0.019532746074301034,0.8333971658368441,1.4717321458767827,7.240488189019349e-05,26052.650390625,26030.0,0.18763473312063464,246
2025-12-02 13:22:00+05:30,26038.900390625,26040.69921875,26035.44921875,26035.55078125,0,0.00017860992094698093,0.000149802131318626,5.25,0.6380208333333334,0.6573660714285714,1.4324540367705836,9.490956404383953e-05,26052.650390625,26030.0,0.392946451668535,247
2025-12-02 13:23:00+05:30,26045.30078125,26045.900390625,26038.05078125,26039.099609375,0,0.0002457709060793562,0.0004359341841431483,7.849609375,0.7899975118188605,0.9236128390146803,1.873484989744546,0.00012143996303000446,26052.650390625,26030.0,0.6755195309131672,248
2025-12-02 13:24:00+05:30,26045.75,26046.80078125,26044.349609375,26046.150390625,0,1.724744436037814e-05,0.0004416282713866004,2.451171875,0.16334661354581673,0.5713147410358566,0.6229215267781804,0.00010675093487125202,26052.650390625,26030.0,0.6953522462705872,249
2025-12-02 13:25:00+05:30,26041.75,26046.400390625,26039.5,26046.05078125,0,-0.00015358771328490294,0.00010943063715489249,6.900390625,0.623266345881687,0.3260684970280215,1.586296695402299,0.00012291998892640808,26052.650390625,26030.0,0.5187548503923428,250
2025-12-02 13:26:00+05:30,26041.69921875,26045.150390625,26039.44921875,26042.400390625,0,-1.9499956612601117e-06,-0.00013829026458574633,5.701171875,0.12298732442617334,0.394655704008222,1.285450061652281,0.00011188794562425655,26052.650390625,26030.0,0.5165128912649823,251
2025-12-02 13:27:00+05:30,26039.5,26042.599609375,26039.5,26041.30078125,0,-8.44534605307845e-05,-0.00023999116947688844,3.099609375,0.5809703843730308,0.0,0.6826980985976082,0.00011769452109501111,26052.650390625,26030.0,0.4194188152108304,252
2025-12-02 13:28:00+05:30,26038.400390625,26041.55078125,26037.900390625,26039.650390625,0,-4.2229405061064766e-05,-0.00012863286125312237,3.650390625,0.3424291064740503,0.1369716425896201,0.8048748977218897,0.00011795585515057572,26052.650390625,26030.0,0.3708717771837544,253
2025-12-02 13:29:00+05:30,26035.349609375,26038.69921875,26034.650390625,26038.650390625,0,-0.00011717155970101943,-0.0002438544252928231,4.048828125,0.8152436082971539,0.17269657501205982,0.8706791549414087,0.00012498206931557898,26052.650390625,26030.0,0.2361817711477106,254
2025-12-02 13:30:00+05:30,26034.55078125,26036.099609375,26034.150390625,26035.25,0,-3.0682913509360064e-05,-0.00019008387827145514,1.94921875,0.3587174348697395,0.20541082164328658,0.4237432065217392,0.00012466030220508264,26052.650390625,26030.0,0.20091402949038545,255
2025-12-02 13:31:00+05:30,26034.5,26036.25,26033.849609375,26034.25,0,-1.950534885422348e-06,-0.0001498050080957584,2.400390625,0.10414971521562245,0.2709519934906428,0.5543527289129454,0.00012462219049891155,26052.650390625,26030.0,0.19867207036302492,256
2025-12-02 13:32:00+05:30,26036.55078125,26036.55078125,26034.099609375,26034.75,0,7.87685756400632e-05,4.613512724539609e-05,2.451171875,0.7346613545816733,1.0,0.6051984375753484,0.0001121874015405878,26052.650390625,26030.0,0.28921272742950765,257
2025-12-02 13:33:00+05:30,26039.75,26039.900390625,26035.400390625,26036.099609375,0,0.00012286659021590977,0.00019968463097062592,4.5,0.8111979166666666,0.9665798611111112,1.2112291031437283,8.44842438569008e-05,26052.650390625,26030.0,0.43045615245322066,258
2025-12-02 13:34:00+05:30,26040.55078125,26041.19921875,26039.150390625,26039.80078125,0,3.075179052552742e-05,0.0002323869563813135,2.048828125,0.36606291706387034,0.6835081029551954,0.5575042517006803,8.52733643343676e-05,26052.650390625,26030.0,0.465810123307752,259
2025-12-02 13:35:00+05:30,26038.599609375,26041.099609375,26038.25,26040.650390625,0,-7.493101793239269e-05,7.8687362808913e-05,2.849609375,0.7196710075394106,0.12268677176148046,0.8714609962967387,7.452910476166847e-05,26052.650390625,26030.0,0.37966715529878414,260
2025-12-02 13:36:00+05:30,26029.650390625,26038.650390625,26028.94921875,26038.30078125,0,-0.0003437495532545593,-0.00038792878066155727,9.701171875,0.8916851218039058,0.07227702838735656,2.643427354976051,0.00012832174499196553,26052.650390625,26028.94921875,0.02958384837247631,261
2025-12-02 13:37:00+05:30,26031.099609375,26032.30078125,26028.849609375,26028.849609375,0,5.567414032158702e-05,-0.00036300643086539965,3.451171875,0.6519524617996605,0.6519524617996605,0.9314707432788614,0.0001313060769234284,26052.650390625,26028.849609375,0.09453471196454949,262
2025-12-02 13:38:00+05:30,26043.900390625,26044.05078125,26030.099609375,26031.05078125,0,0.0004916286704878652,0.00020355325755489373,13.951171875,0.9210415791684167,0.9892202155956881,2.9462959907606003,0.0002110915630055192,26052.650390625,26028.849609375,0.632365009026752,263
2025-12-02 13:39:00+05:30,26035.30078125,26043.599609375,26032.44921875,26043.599609375,0,-0.00033025120430627025,0.0002170516065031514,11.150390625,0.744263443685409,0.255736556314591,2.0477044476327118,0.00023589872696590326,26051.349609375,26028.849609375,0.28671875,264
2025-12-02 13:40:00+05:30,26036.650390625,26037.80078125,26032.099609375,26035.0,0,5.183632819322709e-05,0.00021321379437483403,5.701171875,0.289482699554642,0.7982185680027407,0.9794973323042852,0.00023615660009694068,26046.80078125,26028.849609375,0.43455554346643455,265
2025-12-02 13:41:00+05:30,26035.400390625,26037.900390625,26034.19921875,26036.5,0,-4.801040026218941e-05,-0.00032642527637532197,3.701171875,0.2970976253298153,0.3245382585751979,0.6219844421833459,0.00023682187143913945,26046.80078125,26028.849609375,0.3649222065063649,266
2025-12-02 13:42:00+05:30,26033.849609375,26036.099609375,26033.349609375,26034.94921875,0,-5.956610669282576e-05,-5.5740178761845514e-05,2.75,0.39985795454545453,0.18181818181818182,0.4598301763553233,0.00023597273956472262,26046.80078125,26028.849609375,0.27853334784027856,267
2025-12-02 13:43:00+05:30,26032.44921875,26033.900390625,26031.44921875,26033.80078125,0,-5.379259355313845e-05,-0.00016136910050813322,2.451171875,0.551394422310757,0.40796812749003986,0.42440228602346897,0.00023145892286323305,26046.80078125,26028.849609375,0.20052225002720053,268
2025-12-02 13:44:00+05:30,26036.650390625,26037.44921875,26032.25,26032.30078125,0,0.00016136910050820036,4.8010400262181014e-05,5.19921875,0.8365890308039068,0.8463561232156274,0.853642893791688,0.00023871708060398459,26046.80078125,26028.849609375,0.43455554346643455,269
2025-12-02 13:45:00+05:30,26035.599609375,26037.55078125,26033.94921875,26037.349609375,0,-4.0358588313069073e-05,6.721791864199481e-05,3.6015625,0.48590021691973967,0.4582429501084599,0.5841173302923754,0.0002380016277111885,26046.80078125,26028.849609375,0.37602001958437603,270
2025-12-02 13:46:00+05:30,26033.75,26036.05078125,26028.94921875,26034.900390625,0,-7.10440744758124e-05,4.996643771933888e-05,7.1015625,0.161991199119912,0.676017601760176,1.2024604801904888,0.0002096382828732374,26046.80078125,26028.849609375,0.272984441301273,271
2025-12-02 13:47:00+05:30,26039.69921875,26040.25,26034.400390625,26034.94921875,0,0.00022849336332185524,0.00011709070053296072,5.849609375,0.8120200333889817,0.9058430717863105,0.9518210131570585,0.0002201548821340429,26046.80078125,26028.849609375,0.6043956043956044,272
2025-12-02 13:48:00+05:30,26044.599609375,26045.75,26039.80078125,26039.80078125,0,0.00018817151232581022,0.00034562080117203116,5.94921875,0.8066316480630334,0.8066316480630334,1.112937995542402,0.0001635581261064239,26046.80078125,26028.849609375,0.8773800456968773,273
2025-12-02 13:49:00+05:30,26041.5,26044.75,26039.25,26044.599609375,0,-0.00011901867876095963,0.0002976461968867895,5.5,0.5635653409090909,0.4090909090909091,1.1505147899983659,0.0001248398126282218,26046.80078125,26028.849609375,0.7047111304537047,274
2025-12-02 13:50:00+05:30,26041.349609375,26043.5,26040.0,26041.25,0,-5.775053635788468e-06,6.337777992899727e-05,3.5,0.028459821428571428,0.38560267857142855,0.7674846888517709,0.00012473192165431856,26046.80078125,26028.849609375,0.6963333696006964,275
2025-12-02 13:51:00+05:30,26047.55078125,26049.75,26040.44921875,26040.44921875,0,0.00023809955125919741,0.00011330581886235412,9.30078125,0.7635447291054179,0.7635447291054179,1.816447970704913,0.00013979994127225008,26049.75,26028.849609375,0.8947761891412017,276
2025-12-02 13:52:00+05:30,26048.849609375,26048.900390625,26044.94921875,26047.44921875,0,4.986249013490013e-05,0.0002821869877580889,3.951171875,0.35442412259021255,0.9871478002965892,0.753978606835377,0.00013475306332063608,26049.75,26028.849609375,0.9569199140267265,277
2025-12-02 13:53:00+05:30,26044.25,26048.94921875,26043.099609375,26048.400390625,0,-0.0001765918872727611,0.0001113701541213727,5.849609375,0.7095158597662772,0.196661101836394,1.04826572398586,0.0001506855551609036,26049.75,26028.849609375,0.7368470236426502,278
2025-12-02 13:54:00+05:30,26042.599609375,26045.05078125,26041.849609375,26044.099609375,0,-6.337072170539029e-05,-0.0001901001188432767,3.201171875,0.4685784014643075,0.23428920073215376,0.5949615217075649,0.00014819321358400286,26049.75,26028.849609375,0.6578824408933744,279
2025-12-02 13:55:00+05:30,26039.25,26042.599609375,26037.900390625,26042.5,0,-0.00012862866448640228,-0.0003685912734645016,4.69921875,0.6916043225270158,0.28719866999168747,0.855923159018143,0.0001548554128598432,26049.75,26028.849609375,0.4976170451359686,280
2025-12-02 13:56:00+05:30,26051.44921875,26053.44921875,26037.94921875,26038.849609375,0,0.0004683837673897707,0.00027638438119819043,15.5,0.8128780241935484,0.8709677419354839,2.4486269669854983,0.00020707870755625049,26053.44921875,26028.849609375,0.9186978959904724,281
2025-12-02 13:57:00+05:30,26054.849609375,26054.849609375,26050.19921875,26051.30078125,0,0.00013051745014710478,0.0004702725530506987,4.650390625,0.7631247375052499,1.0,0.7488363316140395,0.00020086406933767577,26054.849609375,26028.849609375,1.0,282
2025-12-02 13:58:00+05:30,26058.05078125,26059.19921875,26053.900390625,26053.900390625,0,0.00012285525676115103,0.0007217564742980721,5.298828125,0.7832657574640619,0.7832657574640619,0.8622826812446365,0.0001971953010601762,26059.19921875,26028.849609375,0.9621597271381684,283
2025-12-02 13:59:00+05:30,26059.44921875,26060.150390625,26056.44921875,26058.150390625,0,5.3664795906732014e-05,0.00030703750281508646,3.701171875,0.35092348284960423,0.8105540897097625,0.6204570755025867,0.00018793436623587128,26060.150390625,26028.849609375,0.9775989017846001,284
2025-12-02 14:00:00+05:30,26049.94921875,26060.099609375,26048.05078125,26059.0,0,-0.0003646175311980917,-0.00018809747853027964,12.048828125,0.7511752309936781,0.1575620035662182,1.7666599845356397,0.00023270378092580564,26060.150390625,26028.849609375,0.6740921003369524,285
2025-12-02 14:01:00+05:30,26041.80078125,26050.099609375,26040.400390625,26049.900390625,0,-0.00031284944608157383,-0.0006238021813729011,9.69921875,0.8350785340314136,0.14438179621425695,1.413888335278877,0.00024371436137411218,26060.150390625,26028.849609375,0.4137651316610508,286
2025-12-02 14:02:00+05:30,26046.0,26046.05078125,26041.0,26042.25,0,0.0001612361703168854,-0.0005162308069628376,5.05078125,0.7424593967517401,0.9899458623356535,0.7246539259093202,0.0002498351296331973,26060.150390625,26028.849609375,0.5479221265443655,287
2025-12-02 14:03:00+05:30,26051.849609375,26053.19921875,26046.25,26046.25,0,0.00022456241259259218,7.294913682775869e-05,6.94921875,0.8057897695334457,0.8057897695334457,0.9815443184639576,0.00025247370695760695,26060.150390625,26028.849609375,0.7348059403469362,288
2025-12-02 14:04:00+05:30,26054.849609375,26054.900390625,26051.44921875,26052.05078125,0,0.00011514834170248665,0.0005009469246117581,3.451171875,0.8109790605546123,0.9852857951329937,0.4857464881655992,0.0002515124094637185,26060.150390625,26028.849609375,0.830650193435667,289
2025-12-02 14:05:00+05:30,26055.5,26057.150390625,26053.650390625,26054.25,0,2.496205187302938e-05,0.00036467280616808565,3.5,0.35714285714285715,0.5284598214285714,0.5010765316108827,0.00024417645924793745,26060.150390625,26028.849609375,0.851428927992013,290
2025-12-02 14:06:00+05:30,26040.69921875,26055.900390625,26038.400390625,26054.80078125,0,-0.0005682096533019523,-0.0004280992597264578,17.5,0.8058035714285714,0.13136160714285713,2.435643026068992,0.00027120391383672805,26060.150390625,26028.849609375,0.37857231998003243,291
2025-12-02 14:07:00+05:30,26040.849609375,26043.44921875,26036.900390625,26040.55078125,0,5.775197872765556e-06,-0.0005374724035562741,6.548828125,0.045630778407396363,0.6030420518938264,0.8880002118700178,0.00026522727640859153,26060.150390625,26028.94921875,0.38140845070422535,292
2025-12-02 14:08:00+05:30,26059.900390625,26060.05078125,26040.69921875,26041.599609375,0,0.0007313054840493899,0.00016887102862015254,19.3515625,0.9457004440855874,0.9922285022204279,2.204030787026739,0.0003622779386602358,26060.150390625,26028.94921875,0.9919874804381846,293
2025-12-02 14:09:00+05:30,26058.94921875,26061.650390625,26057.650390625,26059.94921875,0,-3.650011012266239e-05,0.0007005805717994746,4.0,0.25,0.32470703125,0.45403152504045935,0.000362112177525742,26061.650390625,26028.94921875,0.9173983157140297,294
2025-12-02 14:10:00+05:30,26056.900390625,26061.19921875,26055.80078125,26059.0,0,-7.862591290032703e-05,0.0006161794610264635,5.3984375,0.38892908827785816,0.2036903039073806,0.6627979473406551,0.00034095967511715863,26061.650390625,26028.94921875,0.854745266678612,295
2025-12-02 14:11:00+05:30,26053.650390625,26057.80078125,26052.5,26056.650390625,0,-0.0001247348168649125,-0.00023986083988782863,5.30078125,0.5659543109801032,0.2170228445099484,0.6879594423320659,0.00032495962492517816,26061.650390625,26028.94921875,0.7553604491429254,296
2025-12-02 14:12:00+05:30,26052.650390625,26054.349609375,26050.900390625,26053.5,0,-3.838307402869972e-05,-0.00024174380379377413,3.44921875,0.24631936579841449,0.507361268403171,0.457157649495211,0.00032318593168734227,26061.650390625,26028.94921875,0.7247805052857911,297
2025-12-02 14:13:00+05:30,26053.099609375,26054.099609375,26052.0,26052.75,0,1.7242578794624643e-05,-0.00014587531209896487,2.099609375,0.16651162790697674,0.5237209302325582,0.29739674108501396,0.0003155592818796796,26061.650390625,26028.94921875,0.7385175894403632,298
2025-12-02 14:14:00+05:30,26045.05078125,26053.150390625,26044.900390625,26052.55078125,0,-0.0003089870994915513,-0.0003301275947256649,8.25,0.9090909090909091,0.018229166666666668,1.0941871308672677,0.0003273621430484331,26061.650390625,26028.94921875,0.4923848772621394,299
2025-12-02 14:15:00+05:30,26046.150390625,26046.75,26043.599609375,26045.599609375,0,4.221862235572543e-05,-0.0002495258983414151,3.150390625,0.17482951022938623,0.8096714197148172,0.4197787898503578,0.00032777389118871945,26061.650390625,26028.94921875,0.526010870214418,300
2025-12-02 14:16:00+05:30,26044.099609375,26046.400390625,26042.05078125,26045.349609375,0,-7.873954342931752e-05,-0.0003455080205652688,4.349609375,0.28738212842388866,0.47103726986977995,0.7027009970970592,0.0002710955481139978,26061.650390625,26034.400390625,0.35593463302752293,301
2025-12-02 14:17:00+05:30,26040.19921875,26044.900390625,26038.650390625,26043.19921875,0,-0.00014977222387737777,-0.0001862931449510673,6.25,0.48,0.2478125,1.0146168236152064,0.00027597826778138525,26061.650390625,26036.900390625,0.13328598484848486,302
2025-12-02 14:18:00+05:30,26043.349609375,26044.400390625,26039.099609375,26039.099609375,0,0.00012097449961547746,-0.00010753726769118856,5.30078125,0.8017686072218129,0.8017686072218129,1.1148079687820909,0.00011785302951671596,26061.650390625,26036.900390625,0.260574494949495,303
2025-12-02 14:19:00+05:30,26043.0,26045.599609375,26038.0,26043.69921875,0,-1.3424222569884239e-05,-4.222194683174548e-05,7.599609375,0.09200719609354921,0.6579285530711899,1.4857950206201314,0.00011866422567624877,26061.650390625,26036.900390625,0.24644886363636365,304
2025-12-02 14:20:00+05:30,26039.55078125,26046.55078125,26039.099609375,26044.0,0,-0.00013245199028475105,-2.4901713239198396e-05,7.451171875,0.5971166448230668,0.060550458715596334,1.4005653658357502,0.00012074387782069034,26061.650390625,26036.900390625,0.1070864898989899,305
2025-12-02 14:21:00+05:30,26036.80078125,26040.349609375,26036.80078125,26039.599609375,0,-0.00010561415767600491,-0.0002514903705306775,3.548828125,0.7886626307099615,0.0,0.6897729861058386,0.00011986930980320063,26061.650390625,26036.80078125,0.0,306
2025-12-02 14:22:00+05:30,26033.849609375,26036.75,26032.150390625,26036.75,0,-0.00011335260289704421,-0.00035141875085780317,4.599609375,0.6305732484076433,0.36942675159235666,0.8744569455274591,0.0001203842300023276,26061.650390625,26032.150390625,0.05760063559322034,307
2025-12-02 14:23:00+05:30,26033.05078125,26034.650390625,26032.19921875,26033.94921875,0,-3.06846814029243e-05,-0.0002496514419759904,2.451171875,0.3665338645418327,0.34741035856573704,0.4629117332448084,0.00011734375415124153,26061.650390625,26032.150390625,0.030521716101694914,308
2025-12-02 14:24:00+05:30,26031.849609375,26033.80078125,26031.30078125,26032.05078125,0,-4.6141330001661255e-05,-0.0001901786143016722,2.5,0.08046875,0.21953125,0.5296478669259734,8.442136711850526e-05,26061.650390625,26031.30078125,0.01808353175880044,309
2025-12-02 14:25:00+05:30,26043.650390625,26044.099609375,26031.55078125,26031.849609375,0,0.00045321817176971604,0.00037639216036510463,12.548828125,0.9403891050583657,0.9642023346303502,2.2171227440560406,0.00018029274920211742,26061.650390625,26031.30078125,0.40691164167578353,310
2025-12-02 14:26:00+05:30,26042.150390625,26045.849609375,26040.349609375,26043.5,0,-5.759727134515871e-05,0.0003494795704228084,5.5,0.24538352272727273,0.3274147727272727,0.9523809523809523,0.00017951415616039479,26061.650390625,26031.30078125,0.35748761181543215,311
2025-12-02 14:27:00+05:30,26036.94921875,26043.55078125,26034.5,26043.05078125,0,-0.0001997412371297862,0.00019587966329461407,9.05078125,0.6741476046611998,0.27060854553301683,1.4947422746919554,0.00018454001332236499,26061.650390625,26031.30078125,0.18611236244288565,312
2025-12-02 14:28:00+05:30,26038.25,26039.599609375,26035.25,26036.19921875,0,4.9957802170202696e-05,-0.0002073807063049049,4.349609375,0.4714863044454423,0.6897171082173328,0.7298050139275766,0.00018014777164964752,26061.650390625,26031.30078125,0.2289722633374091,313
2025-12-02 14:29:00+05:30,26041.400390625,26041.69921875,26037.30078125,26037.900390625,0,0.00012098355519728374,-2.8799879762522713e-05,4.3984375,0.7957371225577264,0.9320603907637656,0.77988641086023,0.00018559019919768416,26061.650390625,26031.30078125,0.33277559688525643,314
2025-12-02 14:30:00+05:30,26037.55078125,26042.0,26036.30078125,26041.55078125,0,-0.0001478374389417929,2.3103918425562973e-05,5.69921875,0.7018505825908157,0.21932830705962988,1.0429250509310555,0.000186813394534945,26061.650390625,26031.30078125,0.20593345775146407,315
2025-12-02 14:31:00+05:30,26035.94921875,26037.75,26032.55078125,26037.599609375,0,-6.151161341195524e-05,-8.836549715658861e-05,5.19921875,0.3174305033809166,0.6536438767843726,0.9235359422703302,0.00018475374613057698,26061.650390625,26031.30078125,0.15316300920265138,316
2025-12-02 14:32:00+05:30,26034.80078125,26036.19921875,26034.099609375,26035.900390625,0,-4.411065714187833e-05,-0.0002534597094956502,2.099609375,0.5237209302325582,0.33395348837209304,0.3902846354923032,0.00018143745403178665,26061.650390625,26031.30078125,0.11532273634081987,317
2025-12-02 14:33:00+05:30,26034.75,26037.19921875,26033.94921875,26034.75,0,-1.9505161553682777e-06,-0.0001075727867092368,3.25,0.0,0.24639423076923078,0.5952849425821914,0.00018106035668831845,26061.650390625,26031.30078125,0.11364952699658923,318
2025-12-02 14:34:00+05:30,26038.19921875,26038.5,26034.25,26034.25,0,0.00013247641267850278,8.641523938129799e-05,4.25,0.9292279411764706,0.9292279411764706,0.7542722451384797,0.00018407262025791932,26061.650390625,26031.30078125,0.22729905399317846,319
2025-12-02 14:35:00+05:30,26037.599609375,26043.099609375,26035.94921875,26039.19921875,0,-2.3028331337023103e-05,0.00010749756518618613,7.150390625,0.2237093690248566,0.2308112537558044,1.4034885949779567,0.00010573403287401699,26061.650390625,26031.30078125,0.20754231289014738,320
2025-12-02 14:36:00+05:30,26016.099609375,26039.44921875,26012.849609375,26038.349609375,0,-0.000826070060161066,-0.0007166219788195148,26.599609375,0.836478449225347,0.1221822453924664,3.691986553892865,0.00027586713149066824,26061.650390625,26012.849609375,0.06659729448491156,321
2025-12-02 14:37:00+05:30,26003.25,26019.849609375,26003.25,26019.849609375,0,-0.000494031922076674,-0.0013431303135746882,16.599609375,1.0,0.0,2.0854906387259833,0.0003021271317602076,26061.650390625,26003.25,0.0,322
2025-12-02 14:38:00+05:30,26008.94921875,26011.5,26002.55078125,26003.650390625,0,0.00021914930952409852,-0.0011009526727136006,8.94921875,0.592099519860323,0.7149716281099956,1.0629117565185116,0.0003176336201186601,26061.650390625,26002.55078125,0.10826530949469579,323
2025-12-02 14:39:00+05:30,26013.099609375,26019.349609375,26004.05078125,26008.25,0,0.00015956275184454767,-0.00011531986070793134,15.298828125,0.3169922124345717,0.5914719775309588,1.608782271149541,0.0003210022447284026,26061.19921875,26002.55078125,0.17986545890502198,324
2025-12-02 14:40:00+05:30,26009.849609375,26015.900390625,26006.099609375,26014.75,0,-0.00012494485810727414,0.00025376720326155376,9.80078125,0.5,0.3826225587883619,0.9880092145937113,0.0003207739479731358,26057.80078125,26002.55078125,0.13210548642533937,325
2025-12-02 14:41:00+05:30,26010.05078125,26013.30078125,26005.94921875,26010.349609375,0,7.734419846621662e-06,4.235231358397548e-05,7.3515625,0.040648246546227416,0.5579171094580234,0.7253666339056869,0.00032259398148431535,26054.349609375,26002.55078125,0.14479092040269975,326
2025-12-02 14:42:00+05:30,26011.150390625,26012.150390625,26007.69921875,26009.599609375,0,4.227543195429911e-05,-7.493500630622373e-05,4.451171875,0.34839842035980695,0.775340061430452,0.4292306243525756,0.00032538722538857256,26054.099609375,26002.55078125,0.1668245368090024,327
2025-12-02 14:43:00+05:30,26007.349609375,26012.55078125,26005.94921875,26011.650390625,0,-0.0001461319052553338,-9.61220534543938e-05,6.6015625,0.6514792899408284,0.2121301775147929,0.6166645381401543,0.0003242009530519149,26053.150390625,26002.55078125,0.09483923263982708,328
2025-12-02 14:44:00+05:30,26010.0,26013.5,26005.94921875,26007.599609375,0,0.00010190410111998895,-1.95237218099296e-06,7.55078125,0.31789963786859804,0.5364718054837041,0.6842356772446505,0.00032184515231206825,26046.75,26002.55078125,0.16853733981440566,329
2025-12-02 14:45:00+05:30,26008.44921875,26012.099609375,26005.30078125,26010.0,0,-5.962427845310598e-05,-0.0001038520825885906,6.798828125,0.22809537489227233,0.4630853203102557,0.6180643099376786,0.0003209739705179342,26046.55078125,26002.55078125,0.13405539772727273,330
2025-12-02 14:46:00+05:30,26010.599609375,26011.400390625,26007.650390625,26008.849609375,0,8.267704522360421e-05,0.00012495686789035717,3.75,0.4666666666666667,0.7864583333333334,0.4302810272959527,0.0002034894892553437,26046.55078125,26002.55078125,0.18292791193181818,331
2025-12-02 14:47:00+05:30,26011.75,26012.349609375,26009.19921875,26011.30078125,0,4.422678459648947e-05,6.727955136696294e-05,3.150390625,0.1425914445133292,0.8096714197148172,0.4274432902268391,0.00011754373768813276,26046.55078125,26002.55078125,0.2090731534090909,332
2025-12-02 14:48:00+05:30,26015.900390625,26016.5,26009.19921875,26009.900390625,0,0.00015954557250404426,0.0002864494023239779,7.30078125,0.8218298555377207,0.9178705189941145,1.0132278000650548,0.00010817574451781334,26046.55078125,26002.55078125,0.3034002130681818,333
2025-12-02 14:49:00+05:30,26018.05078125,26018.05078125,26007.099609375,26015.55078125,0,8.265336680362985e-05,0.0002864257239039841,10.951171875,0.2282860709827002,1.0,1.6174349506721284,0.0001001155722832529,26046.55078125,26002.55078125,0.3522727272727273,334
2025-12-02 14:50:00+05:30,26018.05078125,26025.69921875,26017.19921875,26017.55078125,0,0.0,0.0002421989393074625,8.5,0.058823529411764705,0.10018382352941177,1.28,8.710148478500885e-05,26045.849609375,26002.55078125,0.35797735576706213,335
2025-12-02 14:51:00+05:30,26018.650390625,26019.599609375,26015.25,26017.900390625,0,2.3045633621024837e-05,0.00010569900042456833,4.349609375,0.1724292770543332,0.7817691962281096,0.6860117672427071,8.677073893520413e-05,26045.849609375,26002.55078125,0.3718255221254905,336
2025-12-02 14:52:00+05:30,26020.25,26027.05078125,26018.0,26018.75,0,6.147744719810687e-05,8.45230808189485e-05,9.05078125,0.16573154941735002,0.24859732412602503,1.3309207880981102,8.720876235392338e-05,26045.849609375,26002.55078125,0.4087690017592133,337
2025-12-02 14:53:00+05:30,26018.900390625,26022.400390625,26015.900390625,26019.349609375,0,-5.186900113359541e-05,3.265407968548423e-05,6.5,0.06911057692307693,0.46153846153846156,0.9572570902605995,6.855775010737109e-05,26045.849609375,26002.55078125,0.37759935044431414,338
2025-12-02 14:54:00+05:30,26011.599609375,26020.400390625,26009.849609375,26019.099609375,0,-0.00028063467765697305,-0.0002710262315925933,10.55078125,0.7108478341355053,0.16586449463161793,1.4880722825188695,0.00012019036745367721,26045.849609375,26002.55078125,0.2089855203211692,339
2025-12-02 14:55:00+05:30,26010.650390625,26013.5,26004.5,26010.69921875,0,-3.649279875843423e-05,-0.00036899647754897943,9.0,0.005425347222222222,0.6833767361111112,1.2311309412487643,0.00011900054885562836,26045.849609375,26002.55078125,0.1870630159231359,340
2025-12-02 14:56:00+05:30,26010.5,26011.5,26007.44921875,26010.75,0,-5.7819030864061015e-06,-0.00032290937950172423,4.05078125,0.06171648987463838,0.7531340405014465,0.5518452491818109,0.00011612390831920368,26043.55078125,26002.55078125,0.19388338414634146,341
2025-12-02 14:57:00+05:30,26008.30078125,26010.650390625,26006.94921875,26010.5,0,-8.455476551869023e-05,-0.0001268294673634289,3.701171875,0.5941952506596306,0.36517150395778364,0.5004621682292354,0.00011775645966554201,26043.099609375,26002.55078125,0.14180434468474543,342
2025-12-02 14:58:00+05:30,26003.44921875,26009.849609375,25999.099609375,26007.94921875,0,-0.0001865564036615244,-0.00027689307226652263,10.75,0.4186046511627907,0.40461482558139533,1.3888117887512301,0.00011204647043459321,26043.099609375,25999.099609375,0.09885475852272728,343
2025-12-02 14:59:00+05:30,26009.099609375,26011.650390625,26003.650390625,26003.650390625,0,0.0002172702847500283,-5.3840884430301944e-05,8.0,0.68115234375,0.68115234375,1.074501573976915,0.0001351710465557737,26043.099609375,25999.099609375,0.22727272727272727,344
2025-12-02 15:00:00+05:30,26011.849609375,26022.150390625,26011.150390625,26011.150390625,0,0.00010572663682083803,0.0001364405179092825,11.0,0.06356534090909091,0.06356534090909091,1.4294416243654822,0.00014211780812004035,26043.099609375,25999.099609375,0.2897727272727273,345
2025-12-02 15:01:00+05:30,26021.94921875,26025.150390625,26008.5,26012.30078125,0,0.00038819420181842375,0.0007111911233891011,16.650390625,0.5794721407624633,0.807741935483871,1.865508337345179,0.0001932228395929468,26043.099609375,25999.099609375,0.5193093039772727,346
2025-12-02 15:02:00+05:30,26022.349609375,26024.599609375,26011.650390625,26022.30078125,0,1.5386531628828912e-05,0.0005093073702679132,12.94921875,0.003770739064856712,0.8262443438914027,1.3901119637690276,0.00019247773189629894,26043.099609375,25999.099609375,0.5284090909090909,347
2025-12-02 15:03:00+05:30,26020.30078125,26025.94921875,26018.5,26024.0,0,-7.873650210669615e-05,0.0003248442313404243,7.44921875,0.49659150498164656,0.24174095437860513,0.7916147779161478,0.00019359164647297266,26043.099609375,25999.099609375,0.4818448153409091,348
2025-12-02 15:04:00+05:30,26023.599609375,26028.30078125,26019.349609375,26019.80078125,0,0.00012677098006320155,6.342100958539404e-05,8.951171875,0.42439450141828494,0.4747981671394283,0.96767382445472,0.0001678727324203149,26043.099609375,25999.099609375,0.5568181818181818,349
2025-12-02 15:05:00+05:30,26022.849609375,26025.55078125,26021.19921875,26025.400390625,0,-2.8820409895723563e-05,1.9214068060889636e-05,4.3515625,0.5861759425493717,0.37926391382405744,0.49532024632622657,0.0001674702468684238,26039.44921875,25999.099609375,0.5886054504090227,350
2025-12-02 15:06:00+05:30,26020.650390625,26024.400390625,26017.19921875,26022.349609375,0,-8.451463684447117e-05,1.343593332294384e-05,7.201171875,0.23596419853539463,0.4792514239218877,0.7913036013220587,0.0001720108187500205,26028.30078125,25999.099609375,0.7380108353956257,351
2025-12-02 15:07:00+05:30,26024.599609375,26026.25,26017.849609375,26020.150390625,0,0.0001517609679108151,3.842592117058278e-05,8.400390625,0.5296442687747036,0.8035340618460823,0.8777551020408163,0.00016936036442928218,26028.30078125,25999.099609375,0.8732526252424587,352
2025-12-02 15:08:00+05:30,26026.80078125,26027.849609375,26023.05078125,26025.80078125,0,8.457685517746497e-05,0.0001518231862436678,4.798828125,0.20838420838420837,0.7814407814407814,0.5346767349248145,0.00014498008420185806,26028.30078125,25999.099609375,0.9486321985151495,353
2025-12-02 15:09:00+05:30,26026.44921875,26030.150390625,26025.599609375,26027.400390625,0,-1.3507802106662644e-05,0.00022283002098169534,4.55078125,0.20901287553648068,0.18669527896995708,0.5273044107995565,0.00014073348538724576,26030.150390625,25999.099609375,0.8808026166813435,354
2025-12-02 15:10:00+05:30,26030.5,26030.75,26025.05078125,26026.55078125,0,0.0001556288379925313,0.00022669789106337623,5.69921875,0.6929403701165182,0.9561343385880741,0.7035902876570298,0.0001431359457313931,26030.75,25999.099609375,0.9921012033323049,355
2025-12-02 15:11:00+05:30,26033.19921875,26034.900390625,26030.25,26030.349609375,0,0.00010368908828702288,0.0002458101241726862,4.650390625,0.6127677446451071,0.634187316253675,0.6739505788445752,9.257828329705546e-05,26034.900390625,25999.099609375,0.9524822695035461,356
2025-12-02 15:12:00+05:30,26033.400390625,26036.44921875,26031.30078125,26034.400390625,0,7.727482743625357e-06,0.0002670454090231297,5.1484375,0.19423368740515934,0.40781487101669195,0.8412318493697144,9.286540409798808e-05,26036.44921875,25999.099609375,0.9183705485540972,357
2025-12-02 15:13:00+05:30,26037.75,26038.400390625,26032.400390625,26033.55078125,0,0.00016706407876476145,0.00027848064979542656,6.0,0.6998697916666666,0.8916015625,1.0041512764357858,8.969880285097101e-05,26038.400390625,25999.099609375,0.9834509492098201,358
2025-12-02 15:14:00+05:30,26036.75,26040.0,26035.25,26037.75,0,-3.8406513749418846e-05,0.00013638504775910517,4.75,0.21052631578947367,0.3157894736842105,0.8550734828774348,9.263721513380965e-05,26040.0,25999.099609375,0.9205386562246312,359
2025-12-02 15:15:00+05:30,26033.80078125,26041.150390625,26033.80078125,26036.400390625,0,-0.00011327780132554144,1.5379763689927e-05,7.349609375,0.3537071485516875,0.0,1.2552957267238216,0.00010384623353416551,26041.150390625,25999.099609375,0.8252206223873665,360
2025-12-02 15:16:00+05:30,26037.400390625,26039.19921875,26027.80078125,26034.150390625,0,0.00013825720550802878,-1.3427109566982893e-05,11.3984375,0.2851267991775189,0.8421864290610007,1.816597148726888,9.736536792020492e-05,26041.150390625,25999.099609375,0.910822108685555,361
2025-12-02 15:17:00+05:30,26038.650390625,26039.900390625,26036.25,26037.44921875,0,4.800671254790145e-05,7.298611673030612e-05,3.650390625,0.3290529695024077,0.6575708935259497,0.6294200848656294,9.241832568945768e-05,26041.150390625,25999.099609375,0.9405480724570366,362
2025-12-02 15:18:00+05:30,26032.75,26039.599609375,26027.94921875,26038.94921875,0,-0.00022662692403084878,-4.0363005975077996e-05,11.650390625,0.5321039396479463,0.412070410729254,1.7965785193663033,0.00012692386878146078,26041.150390625,25999.099609375,0.8002322340919648,363
2025-12-02 15:19:00+05:30,26038.599609375,26038.69921875,26032.599609375,26033.75,0,0.00022467669624426056,4.605648476116567e-05,6.099609375,0.7950688440601985,0.983669548511047,0.9186645094866892,0.00014091895482193828,26041.150390625,25999.099609375,0.9393404551788203,364
2025-12-02 15:20:00+05:30,26044.849609375,26046.19921875,26038.44921875,26038.44921875,0,0.00023999946715310007,0.00023804923936663827,7.75,0.8258568548387096,0.8258568548387096,1.1322585247538879,0.00015037550216435498,26046.19921875,25999.099609375,0.9713456354965789,365
2025-12-02 15:21:00+05:30,26040.150390625,26045.349609375,26038.099609375,26045.349609375,0,-0.0001804442262744228,0.000284231937123122,7.25,0.7171336206896551,0.2828663793103448,1.0204530459643721,0.00016618876680851607,26046.19921875,25999.099609375,0.8715737093095584,366
2025-12-02 15:22:00+05:30,26040.75,26041.349609375,26037.55078125,26040.650390625,0,2.302607560649587e-05,8.25813164853095e-05,3.798828125,0.02622107969151671,0.842159383033419,0.5450469384895614,0.00016606510283786693,26046.19921875,25999.099609375,0.8843043748704126,367
2025-12-02 15:23:00+05:30,26048.349609375,26049.75,26041.0,26041.0,0,0.00029179269697158226,0.00013437454630389455,8.75,0.8399553571428572,0.8399553571428572,1.2077750518965842,0.00018160820642953743,26049.75,25999.099609375,0.9723518297150349,368
2025-12-02 15:24:00+05:30,26050.900390625,26052.349609375,26046.5,26047.900390625,0,9.792007570303198e-05,0.0004127388482814133,5.849609375,0.5128547579298831,0.752253756260434,0.7953579774803484,0.00018012081625553162,26052.349609375,25999.099609375,0.9727846244131455,369
2025-12-02 15:25:00+05:30,26055.0,26056.5,26051.650390625,26051.650390625,0,0.00015735681958191038,0.0005470695922566743,4.849609375,0.6906967378171567,0.6906967378171567,0.6825929184077414,0.00017230070422861828,26056.5,25999.099609375,0.9738677736568103,370
2025-12-02 15:26:00+05:30,26051.849609375,26056.5,26051.25,26054.650390625,0,-0.00012092040307389257,0.00013435649221118042,5.25,0.5334821428571429,0.11421130952380952,0.8089563019140483,0.00018201631778898405,26056.5,25999.099609375,0.9189832930688353,371
2025-12-02 15:27:00+05:30,26055.349609375,26057.30078125,26052.75,26052.80078125,0,0.00013433844296916324,0.00017077485947707637,4.55078125,0.5600858369098712,0.5712446351931331,0.6916204102229214,0.0001836624837198578,26057.30078125,25999.099609375,0.9664753850800363,372
2025-12-02 15:28:00+05:30,26056.150390625,26060.30078125,26053.05078125,26055.849609375,0,3.073337939093342e-05,4.4151419286004575e-05,7.25,0.041487068965517244,0.4275323275862069,1.1808118081180812,0.00015403780739560276,26060.30078125,26003.650390625,0.9267367695224962,373
2025-12-02 15:29:00+05:30,26057.0,26059.94921875,26051.650390625,26057.05078125,0,3.260633328456453e-05,0.00019767815564457404,8.298828125,0.006119086843963286,0.6446222640621323,1.3048952767029054,0.00014717997528657456,26060.30078125,26008.5,0.9362793152854234,374
