entry_time,exit_time,entry_index,exit_index,probability,reason,gross,net,equity,cum_max,drawdown
2025-11-27 10:37:00,2025-11-27 10:38:00,26277.19921875,26282.19921875,0.6157498412905131,SL,-562.5,-647.5,-647.5,-647.5,0.0
2025-11-27 11:17:00,2025-11-27 11:21:00,26288.25,26278.25,0.6110366227939675,TP,1125.0,1040.0,392.5,392.5,0.0
2025-11-27 11:24:00,2025-11-27 11:28:00,26282.94921875,26282.80078125,0.6583414451113988,TIME,16.69921875,-68.30078125,324.19921875,392.5,68.30078125
2025-11-27 11:28:00,2025-11-27 11:30:00,26282.80078125,26272.80078125,0.642244395663323,TP,1125.0,1040.0,1364.19921875,1364.19921875,0.0
2025-11-27 11:31:00,2025-11-27 11:35:00,26274.0,26271.599609375,0.641990886746544,TIME,270.0439453125,185.0439453125,1549.2431640625,1549.2431640625,0.0
2025-11-27 11:43:00,2025-11-27 11:46:00,26271.30078125,26261.30078125,0.6421201262090785,TP,1125.0,1040.0,2589.2431640625,2589.2431640625,0.0
2025-11-28 12:05:00,2025-11-28 12:09:00,26244.94921875,26234.94921875,0.6319873966686405,TP,1125.0,1040.0,3629.2431640625,3629.2431640625,0.0
2025-11-28 12:12:00,2025-11-28 12:16:00,26239.400390625,26232.75,0.6272757641173983,TIME,748.1689453125,663.1689453125,4292.412109375,4292.412109375,0.0
2025-12-01 12:03:00,2025-12-01 12:05:00,26202.150390625,26192.150390625,0.6244386210633558,TP,1125.0,1040.0,5332.412109375,5332.412109375,0.0
2025-12-02 11:15:00,2025-12-02 11:19:00,26081.099609375,26081.19921875,0.64832807055077,TIME,-11.2060546875,-96.2060546875,5236.2060546875,5332.412109375,96.2060546875
2025-12-03 10:44:00,2025-12-03 10:45:00,25905.80078125,25910.80078125,0.6066798129136834,SL,-562.5,-647.5,4588.7060546875,5332.412109375,743.7060546875
2025-12-03 10:48:00,2025-12-03 10:51:00,25911.69921875,25916.69921875,0.6132022403863635,SL,-562.5,-647.5,3941.2060546875,5332.412109375,1391.2060546875
2025-12-03 11:04:00,2025-12-03 11:05:00,25919.099609375,25909.099609375,0.6469120764651862,TP,1125.0,1040.0,4981.2060546875,5332.412109375,351.2060546875
2025-12-03 11:07:00,2025-12-03 11:08:00,25913.19921875,25918.19921875,0.6481707111579047,SL,-562.5,-647.5,4333.7060546875,5332.412109375,998.7060546875
2025-12-03 11:09:00,2025-12-03 11:11:00,25914.30078125,25919.30078125,0.6056506633033802,SL,-562.5,-647.5,3686.2060546875,5332.412109375,1646.2060546875
2025-12-03 11:20:00,2025-12-03 11:22:00,25910.150390625,25900.150390625,0.6135205509395043,TP,1125.0,1040.0,4726.2060546875,5332.412109375,606.2060546875
2025-12-03 11:29:00,2025-12-03 11:30:00,25910.05078125,25915.05078125,0.6351715750386616,SL,-562.5,-647.5,4078.7060546875,5332.412109375,1253.7060546875
2025-12-03 11:31:00,2025-12-03 11:33:00,25910.05078125,25915.05078125,0.5844522684043375,SL,-562.5,-647.5,3431.2060546875,5332.412109375,1901.2060546875
2025-12-04 11:01:00,2025-12-04 11:03:00,26080.30078125,26085.30078125,0.6258875175571388,SL,-562.5,-647.5,2783.7060546875,5332.412109375,2548.7060546875
2025-12-04 11:07:00,2025-12-04 11:11:00,26080.80078125,26073.150390625,0.6204486244270937,TIME,860.6689453125,775.6689453125,3559.375,5332.412109375,1773.037109375
2025-12-04 11:14:00,2025-12-04 11:18:00,26077.05078125,26067.05078125,0.5925316639012099,TP,1125.0,1040.0,4599.375,5332.412109375,733.037109375
2025-12-04 11:31:00,2025-12-04 11:35:00,26060.650390625,26060.75,0.6165053895770531,TIME,-11.2060546875,-96.2060546875,4503.1689453125,5332.412109375,829.2431640625
2025-12-04 12:28:00,2025-12-04 12:32:00,26029.05078125,26024.599609375,0.6013373689762356,TIME,500.7568359375,415.7568359375,4918.92578125,5332.412109375,413.486328125
2025-12-08 10:48:00,2025-12-08 10:52:00,26087.30078125,26082.900390625,0.664396874389704,TIME,495.0439453125,410.0439453125,5328.9697265625,5332.412109375,3.4423828125
2025-12-08 10:52:00,2025-12-08 10:53:00,26082.900390625,26087.900390625,0.6279614811480715,SL,-562.5,-647.5,4681.4697265625,5332.412109375,650.9423828125
2025-12-08 10:54:00,2025-12-08 10:58:00,26094.349609375,26084.349609375,0.5982598002606794,TP,1125.0,1040.0,5721.4697265625,5721.4697265625,0.0
2025-12-08 11:28:00,2025-12-08 11:32:00,26070.599609375,26064.0,0.6471034636025563,TIME,742.4560546875,657.4560546875,6378.92578125,6378.92578125,0.0
2025-12-08 11:57:00,2025-12-08 12:01:00,26056.55078125,26046.900390625,0.6198605000246757,TIME,1085.6689453125,1000.6689453125,7379.5947265625,7379.5947265625,0.0
2025-12-08 12:11:00,2025-12-08 12:14:00,26051.94921875,26041.94921875,0.623139914787374,TP,1125.0,1040.0,8419.5947265625,8419.5947265625,0.0
2025-12-09 10:55:00,2025-12-09 10:56:00,25797.05078125,25802.05078125,0.6185191750931878,SL,-562.5,-647.5,7772.0947265625,8419.5947265625,647.5
2025-12-15 11:11:00,2025-12-15 11:15:00,25982.30078125,25978.650390625,0.6493032415478794,TIME,410.6689453125,325.6689453125,8097.763671875,8419.5947265625,321.8310546875
2025-12-15 11:18:00,2025-12-15 11:21:00,25980.94921875,25970.94921875,0.46650004670511114,TP,1125.0,1040.0,9137.763671875,9137.763671875,0.0
2025-12-16 11:16:00,2025-12-16 11:19:00,25895.900390625,25900.900390625,0.620271466616914,SL,-562.5,-647.5,8490.263671875,9137.763671875,647.5
2025-12-16 11:20:00,2025-12-16 11:23:00,25902.099609375,25907.099609375,0.6276474155882109,SL,-562.5,-647.5,7842.763671875,9137.763671875,1295.0
2025-12-16 11:24:00,2025-12-16 11:27:00,25898.400390625,25903.400390625,0.6322599426278012,SL,-562.5,-647.5,7195.263671875,9137.763671875,1942.5
2025-12-16 11:32:00,2025-12-16 11:34:00,25898.30078125,25888.30078125,0.648399474928394,TP,1125.0,1040.0,8235.263671875,9137.763671875,902.5
2025-12-16 11:36:00,2025-12-16 11:40:00,25883.0,25882.19921875,0.6574432578073691,TIME,90.087890625,5.087890625,8240.3515625,9137.763671875,897.412109375
2025-12-16 11:40:00,2025-12-16 11:44:00,25882.19921875,25875.099609375,0.6457279702202746,TIME,798.7060546875,713.7060546875,8954.0576171875,9137.763671875,183.7060546875
2025-12-17 10:44:00,2025-12-17 10:47:00,25819.05078125,25824.05078125,0.6129123698608988,SL,-562.5,-647.5,8306.5576171875,9137.763671875,831.2060546875
2025-12-26 10:31:00,2025-12-26 10:35:00,26095.75,26090.650390625,0.6442815103564893,TIME,573.7060546875,488.7060546875,8795.263671875,9137.763671875,342.5
2025-12-26 10:37:00,2025-12-26 10:41:00,26090.099609375,26092.599609375,0.6441988843615313,TIME,-281.25,-366.25,8429.013671875,9137.763671875,708.75
2025-12-26 10:43:00,2025-12-26 10:47:00,26091.599609375,26089.05078125,0.6452645388179643,TIME,286.7431640625,201.7431640625,8630.7568359375,9137.763671875,507.0068359375
2025-12-26 10:48:00,2025-12-26 10:52:00,26090.900390625,26090.849609375,0.6603094532873182,TIME,5.712890625,-79.287109375,8551.4697265625,9137.763671875,586.2939453125
2025-12-26 10:52:00,2025-12-26 10:56:00,26090.849609375,26084.400390625,0.6776862280527264,TIME,725.537109375,640.537109375,9192.0068359375,9192.0068359375,0.0
2025-12-26 10:56:00,2025-12-26 10:58:00,26084.400390625,26089.400390625,0.6560704466095241,SL,-562.5,-647.5,8544.5068359375,9192.0068359375,647.5
2025-12-26 10:58:00,2025-12-26 11:02:00,26092.19921875,26089.30078125,0.6551800821491497,TIME,326.07421875,241.07421875,8785.5810546875,9192.0068359375,406.42578125
2025-12-26 11:02:00,2025-12-26 11:06:00,26089.30078125,26085.19921875,0.6680010063209137,TIME,461.42578125,376.42578125,9162.0068359375,9192.0068359375,30.0
2025-12-26 11:06:00,2025-12-26 11:10:00,26085.19921875,26078.25,0.6795930501745034,TIME,781.787109375,696.787109375,9858.7939453125,9858.7939453125,0.0
2025-12-26 11:10:00,2025-12-26 11:13:00,26078.25,26068.25,0.6208992250618103,TP,1125.0,1040.0,10898.7939453125,10898.7939453125,0.0
2025-12-26 11:14:00,2025-12-26 11:18:00,26072.80078125,26066.44921875,0.6555779648653156,TIME,714.55078125,629.55078125,11528.3447265625,11528.3447265625,0.0
2025-12-26 11:18:00,2025-12-26 11:22:00,26066.44921875,26064.349609375,0.6258319538679825,TIME,236.2060546875,151.2060546875,11679.55078125,11679.55078125,0.0
2025-12-26 11:23:00,2025-12-26 11:24:00,26059.900390625,26064.900390625,0.6514191853242025,SL,-562.5,-647.5,11032.05078125,11679.55078125,647.5
2025-12-26 11:24:00,2025-12-26 11:26:00,26063.19921875,26068.19921875,0.6573392229812461,SL,-562.5,-647.5,10384.55078125,11679.55078125,1295.0
2025-12-26 11:26:00,2025-12-26 11:30:00,26068.55078125,26062.55078125,0.6673343685401913,TIME,675.0,590.0,10974.55078125,11679.55078125,705.0
2025-12-26 11:30:00,2025-12-26 11:34:00,26062.55078125,26057.900390625,0.646787230720507,TIME,523.1689453125,438.1689453125,11412.7197265625,11679.55078125,266.8310546875
2025-12-26 11:53:00,2025-12-26 11:56:00,26053.55078125,26058.55078125,0.628121321905038,SL,-562.5,-647.5,10765.2197265625,11679.55078125,914.3310546875
2025-12-26 12:28:00,2025-12-26 12:32:00,26057.75,26047.75,0.6159149524198071,TP,1125.0,1040.0,11805.2197265625,11805.2197265625,0.0
2025-12-29 10:31:00,2025-12-29 10:35:00,26022.5,26020.05078125,0.6701040068848627,TIME,275.537109375,190.537109375,11995.7568359375,11995.7568359375,0.0
2025-12-29 10:35:00,2025-12-29 10:39:00,26020.05078125,26018.349609375,0.6643044567239369,TIME,191.3818359375,106.3818359375,12102.138671875,12102.138671875,0.0
2025-12-29 10:39:00,2025-12-29 10:42:00,26018.349609375,26008.349609375,0.6057241222944301,TP,1125.0,1040.0,13142.138671875,13142.138671875,0.0
2025-12-29 10:53:00,2025-12-29 10:57:00,26008.400390625,26007.25,0.6731429992873729,TIME,129.4189453125,44.4189453125,13186.5576171875,13186.5576171875,0.0
2025-12-29 10:57:00,2025-12-29 11:01:00,26007.25,26004.94921875,0.6569722902205513,TIME,258.837890625,173.837890625,13360.3955078125,13360.3955078125,0.0
2025-12-29 11:01:00,2025-12-29 11:03:00,26004.94921875,25994.94921875,0.656040275314259,TP,1125.0,1040.0,14400.3955078125,14400.3955078125,0.0
2025-12-29 11:03:00,2025-12-29 11:07:00,25992.150390625,25982.150390625,0.5411501810357366,TP,1125.0,1040.0,15440.3955078125,15440.3955078125,0.0
2025-12-29 12:16:00,2025-12-29 12:20:00,25979.150390625,25974.650390625,0.651465334512274,TIME,506.25,421.25,15861.6455078125,15861.6455078125,0.0
2025-12-29 12:20:00,2025-12-29 12:23:00,25974.650390625,25964.650390625,0.565244851547181,TP,1125.0,1040.0,16901.6455078125,16901.6455078125,0.0
2025-12-29 12:32:00,2025-12-29 12:35:00,25968.19921875,25958.19921875,0.6240832132251694,TP,1125.0,1040.0,17941.6455078125,17941.6455078125,0.0
2025-12-30 10:49:00,2025-12-30 10:52:00,25944.400390625,25934.400390625,0.6666652447685963,TP,1125.0,1040.0,18981.6455078125,18981.6455078125,0.0
2025-12-30 10:52:00,2025-12-30 10:55:00,25936.0,25926.0,0.6460589072503647,TP,1125.0,1040.0,20021.6455078125,20021.6455078125,0.0
2025-12-30 10:56:00,2025-12-30 11:00:00,25930.349609375,25931.0,0.6751280525118976,TIME,-73.1689453125,-158.1689453125,19863.4765625,20021.6455078125,158.1689453125
2025-12-30 11:00:00,2025-12-30 11:04:00,25931.0,25926.25,0.6356838752471451,TIME,534.375,449.375,20312.8515625,20312.8515625,0.0
2025-12-30 11:05:00,2025-12-30 11:09:00,25930.80078125,25928.80078125,0.6750359400397682,TIME,225.0,140.0,20452.8515625,20452.8515625,0.0
2025-12-30 11:09:00,2025-12-30 11:11:00,25928.80078125,25918.80078125,0.64994465807607,TP,1125.0,1040.0,21492.8515625,21492.8515625,0.0
2025-12-30 11:12:00,2025-12-30 11:16:00,25923.349609375,25923.80078125,0.6395891180773371,TIME,-50.7568359375,-135.7568359375,21357.0947265625,21492.8515625,135.7568359375
2025-12-30 11:17:00,2025-12-30 11:20:00,25922.94921875,25927.94921875,0.6431545279232723,SL,-562.5,-647.5,20709.5947265625,21492.8515625,783.2568359375
2025-12-30 11:21:00,2025-12-30 11:25:00,25921.099609375,25916.05078125,0.6563294912917317,TIME,567.9931640625,482.9931640625,21192.587890625,21492.8515625,300.263671875
2025-12-30 11:25:00,2025-12-30 11:29:00,25916.05078125,25914.94921875,0.6721167943906987,TIME,123.92578125,38.92578125,21231.513671875,21492.8515625,261.337890625
2025-12-30 11:29:00,2025-12-30 11:31:00,25914.94921875,25904.94921875,0.6418401127961627,TP,1125.0,1040.0,22271.513671875,22271.513671875,0.0
2025-12-30 11:32:00,2025-12-30 11:34:00,25909.30078125,25899.30078125,0.6005503437070067,TP,1125.0,1040.0,23311.513671875,23311.513671875,0.0
2025-12-30 11:50:00,2025-12-30 11:54:00,25909.849609375,25903.849609375,0.6395680625655892,TIME,675.0,590.0,23901.513671875,23901.513671875,0.0
2025-12-30 12:06:00,2025-12-30 12:08:00,25894.400390625,25899.400390625,0.632295173380182,SL,-562.5,-647.5,23254.013671875,23901.513671875,647.5
2025-12-30 12:17:00,2025-12-30 12:21:00,25891.349609375,25889.849609375,0.6363708888241448,TIME,168.75,83.75,23337.763671875,23901.513671875,563.75
2025-12-30 12:24:00,2025-12-30 12:26:00,25888.900390625,25893.900390625,0.6217965671281855,SL,-562.5,-647.5,22690.263671875,23901.513671875,1211.25
2025-12-30 12:35:00,2025-12-30 12:37:00,25890.69921875,25895.69921875,0.5983762431558814,SL,-562.5,-647.5,22042.763671875,23901.513671875,1858.75
2025-12-31 11:32:00,2025-12-31 11:34:00,26043.55078125,26048.55078125,0.6475968952839476,SL,-562.5,-647.5,21395.263671875,23901.513671875,2506.25
2026-01-01 11:06:00,2026-01-01 11:10:00,26165.900390625,26159.900390625,0.6353901298937634,TIME,675.0,590.0,21985.263671875,23901.513671875,1916.25
2026-01-01 11:11:00,2026-01-01 11:12:00,26161.30078125,26166.30078125,0.6092221943525722,SL,-562.5,-647.5,21337.763671875,23901.513671875,2563.75
2026-01-01 11:16:00,2026-01-01 11:19:00,26163.900390625,26168.900390625,0.6411829584979652,SL,-562.5,-647.5,20690.263671875,23901.513671875,3211.25
2026-01-01 11:22:00,2026-01-01 11:24:00,26165.55078125,26170.55078125,0.6327376820845871,SL,-562.5,-647.5,20042.763671875,23901.513671875,3858.75
2026-01-01 11:25:00,2026-01-01 11:26:00,26163.44921875,26168.44921875,0.6207534205754525,SL,-562.5,-647.5,19395.263671875,23901.513671875,4506.25
2026-01-01 11:55:00,2026-01-01 11:59:00,26143.849609375,26148.849609375,0.6172316780209071,SL,-562.5,-647.5,18747.763671875,23901.513671875,5153.75
2026-01-02 10:39:00,2026-01-02 10:42:00,26253.5,26258.5,0.6071149338030741,SL,-562.5,-647.5,18100.263671875,23901.513671875,5801.25
2026-01-02 11:06:00,2026-01-02 11:10:00,26256.5,26252.849609375,0.668241627257925,TIME,410.6689453125,325.6689453125,18425.9326171875,23901.513671875,5475.5810546875
2026-01-02 11:10:00,2026-01-02 11:14:00,26252.849609375,26254.05078125,0.6649184617628257,TIME,-135.1318359375,-220.1318359375,18205.80078125,23901.513671875,5695.712890625
2026-01-02 11:14:00,2026-01-02 11:17:00,26254.05078125,26259.05078125,0.6514437626362785,SL,-562.5,-647.5,17558.30078125,23901.513671875,6343.212890625
2026-01-02 11:17:00,2026-01-02 11:18:00,26259.30078125,26264.30078125,0.5896744545889434,SL,-562.5,-647.5,16910.80078125,23901.513671875,6990.712890625
2026-01-05 11:09:00,2026-01-05 11:12:00,26353.099609375,26358.099609375,0.6601517742407235,SL,-562.5,-647.5,16263.30078125,23901.513671875,7638.212890625
2026-01-05 11:12:00,2026-01-05 11:16:00,26357.150390625,26350.44921875,0.6569371742856362,TIME,753.8818359375,668.8818359375,16932.1826171875,23901.513671875,6969.3310546875
2026-01-05 11:16:00,2026-01-05 11:20:00,26350.44921875,26345.400390625,0.6613761227532643,TIME,567.9931640625,482.9931640625,17415.17578125,23901.513671875,6486.337890625
2026-01-05 11:20:00,2026-01-05 11:23:00,26345.400390625,26335.400390625,0.530052926833599,TP,1125.0,1040.0,18455.17578125,23901.513671875,5446.337890625
2026-01-05 12:11:00,2026-01-05 12:12:00,26322.599609375,26327.599609375,0.6265260296696905,SL,-562.5,-647.5,17807.67578125,23901.513671875,6093.837890625
2026-01-06 10:31:00,2026-01-06 10:32:00,26225.25,26230.25,0.6373675410639921,SL,-562.5,-647.5,17160.17578125,23901.513671875,6741.337890625
2026-01-06 10:33:00,2026-01-06 10:34:00,26228.25,26233.25,0.6571365094501463,SL,-562.5,-647.5,16512.67578125,23901.513671875,7388.837890625
2026-01-06 10:34:00,2026-01-06 10:36:00,26231.30078125,26221.30078125,0.6439297956631839,TP,1125.0,1040.0,17552.67578125,23901.513671875,6348.837890625
2026-01-06 10:47:00,2026-01-06 10:48:00,26215.099609375,26220.099609375,0.6705370336366139,SL,-562.5,-647.5,16905.17578125,23901.513671875,6996.337890625
2026-01-06 10:48:00,2026-01-06 10:52:00,26214.69921875,26209.400390625,0.685452863681537,TIME,596.1181640625,511.1181640625,17416.2939453125,23901.513671875,6485.2197265625
2026-01-06 10:52:00,2026-01-06 10:53:00,26209.400390625,26214.400390625,0.6577350723801045,SL,-562.5,-647.5,16768.7939453125,23901.513671875,7132.7197265625
2026-01-06 10:53:00,2026-01-06 10:55:00,26214.650390625,26219.650390625,0.6686787622307913,SL,-562.5,-647.5,16121.2939453125,23901.513671875,7780.2197265625
2026-01-06 10:55:00,2026-01-06 10:59:00,26216.400390625,26206.400390625,0.6423827187994054,TP,1125.0,1040.0,17161.2939453125,23901.513671875,6740.2197265625
2026-01-06 11:00:00,2026-01-06 11:01:00,26205.349609375,26210.349609375,0.6684251438882929,SL,-562.5,-647.5,16513.7939453125,23901.513671875,7387.7197265625
2026-01-06 11:01:00,2026-01-06 11:04:00,26206.900390625,26211.900390625,0.6539231017190932,SL,-562.5,-647.5,15866.2939453125,23901.513671875,8035.2197265625
2026-01-06 11:04:00,2026-01-06 11:05:00,26213.44921875,26218.44921875,0.6469794381656555,SL,-562.5,-647.5,15218.7939453125,23901.513671875,8682.7197265625
2026-01-06 11:06:00,2026-01-06 11:09:00,26214.5,26219.5,0.6149341300883623,SL,-562.5,-647.5,14571.2939453125,23901.513671875,9330.2197265625
2026-01-06 12:05:00,2026-01-06 12:08:00,26169.099609375,26159.099609375,0.6024523676104341,TP,1125.0,1040.0,15611.2939453125,23901.513671875,8290.2197265625
2026-01-07 10:47:00,2026-01-07 10:49:00,26136.650390625,26141.650390625,0.6531989662857681,SL,-562.5,-647.5,14963.7939453125,23901.513671875,8937.7197265625
2026-01-07 10:49:00,2026-01-07 10:50:00,26141.349609375,26146.349609375,0.6300618632422345,SL,-562.5,-647.5,14316.2939453125,23901.513671875,9585.2197265625
2026-01-07 10:51:00,2026-01-07 10:52:00,26145.400390625,26150.400390625,0.6164002773706371,SL,-562.5,-647.5,13668.7939453125,23901.513671875,10232.7197265625
2026-01-07 11:21:00,2026-01-07 11:22:00,26151.599609375,26141.599609375,0.6059642830211233,TP,1125.0,1040.0,14708.7939453125,23901.513671875,9192.7197265625
2026-01-07 11:49:00,2026-01-07 11:50:00,26135.650390625,26140.650390625,0.6511588753004156,SL,-562.5,-647.5,14061.2939453125,23901.513671875,9840.2197265625
2026-01-07 11:50:00,2026-01-07 11:53:00,26138.650390625,26128.650390625,0.6478879053228996,TP,1125.0,1040.0,15101.2939453125,23901.513671875,8800.2197265625
2026-01-07 12:14:00,2026-01-07 12:18:00,26112.099609375,26109.0,0.6440827710560088,TIME,348.7060546875,263.7060546875,15365.0,23901.513671875,8536.513671875
2026-01-07 12:27:00,2026-01-07 12:29:00,26107.349609375,26097.349609375,0.6213348967351368,TP,1125.0,1040.0,16405.0,23901.513671875,7496.513671875
2026-01-08 10:42:00,2026-01-08 10:43:00,26028.849609375,26033.849609375,0.6468520648878864,SL,-562.5,-647.5,15757.5,23901.513671875,8144.013671875
2026-01-08 10:44:00,2026-01-08 10:48:00,26031.599609375,26030.849609375,0.682911041658623,TIME,84.375,-0.625,15756.875,23901.513671875,8144.638671875
2026-01-08 10:48:00,2026-01-08 10:52:00,26030.849609375,26020.849609375,0.65697946413089,TP,1125.0,1040.0,16796.875,23901.513671875,7104.638671875
2026-01-08 10:52:00,2026-01-08 10:54:00,26017.900390625,26022.900390625,0.6876416681190356,SL,-562.5,-647.5,16149.375,23901.513671875,7752.138671875
2026-01-08 10:54:00,2026-01-08 10:58:00,26021.55078125,26019.099609375,0.6827459467945961,TIME,275.7568359375,190.7568359375,16340.1318359375,23901.513671875,7561.3818359375
2026-01-08 10:58:00,2026-01-08 11:02:00,26019.099609375,26009.099609375,0.6629404452988581,TP,1125.0,1040.0,17380.1318359375,23901.513671875,6521.3818359375
2026-01-08 11:02:00,2026-01-08 11:04:00,26010.5,26015.5,0.6938398871882915,SL,-562.5,-647.5,16732.6318359375,23901.513671875,7168.8818359375
2026-01-08 11:04:00,2026-01-08 11:08:00,26016.80078125,26012.099609375,0.6829764521876734,TIME,528.8818359375,443.8818359375,17176.513671875,23901.513671875,6725.0
2026-01-08 11:08:00,2026-01-08 11:12:00,26012.099609375,26006.099609375,0.6789148565806422,TIME,675.0,590.0,17766.513671875,23901.513671875,6135.0
2026-01-08 11:12:00,2026-01-08 11:16:00,26006.099609375,26004.150390625,0.6575217487476607,TIME,219.287109375,134.287109375,17900.80078125,23901.513671875,6000.712890625
2026-01-08 11:16:00,2026-01-08 11:19:00,26004.150390625,25994.150390625,0.6174912914232166,TP,1125.0,1040.0,18940.80078125,23901.513671875,4960.712890625
2026-01-08 11:42:00,2026-01-08 11:46:00,25981.55078125,25971.55078125,0.6611166222664159,TP,1125.0,1040.0,19980.80078125,23901.513671875,3920.712890625
2026-01-08 11:46:00,2026-01-08 11:48:00,25971.19921875,25961.19921875,0.5908704740833166,TP,1125.0,1040.0,21020.80078125,23901.513671875,2880.712890625
2026-01-08 11:52:00,2026-01-08 11:56:00,25963.599609375,25956.400390625,0.6303167582657444,TIME,809.912109375,724.912109375,21745.712890625,23901.513671875,2155.80078125
2026-01-09 12:09:00,2026-01-09 12:13:00,25749.849609375,25749.30078125,0.6456562901785222,TIME,61.7431640625,-23.2568359375,21722.4560546875,23901.513671875,2179.0576171875
2026-01-12 11:02:00,2026-01-12 11:06:00,25546.599609375,25536.599609375,0.5970766430787133,TP,1125.0,1040.0,22762.4560546875,23901.513671875,1139.0576171875
2026-01-12 11:08:00,2026-01-12 11:12:00,25546.30078125,25536.30078125,0.6632063970943886,TP,1125.0,1040.0,23802.4560546875,23901.513671875,99.0576171875
2026-01-12 11:12:00,2026-01-12 11:13:00,25543.30078125,25533.30078125,0.6000925711644629,TP,1125.0,1040.0,24842.4560546875,24842.4560546875,0.0
2026-01-14 12:29:00,2026-01-14 12:30:00,25755.849609375,25760.849609375,0.6411504928292079,SL,-562.5,-647.5,24194.9560546875,24842.4560546875,647.5
2026-01-16 11:00:00,2026-01-16 11:01:00,25831.099609375,25836.099609375,0.6466678316815633,SL,-562.5,-647.5,23547.4560546875,24842.4560546875,1295.0
2026-01-16 11:08:00,2026-01-16 11:09:00,25829.099609375,25834.099609375,0.6654859345022197,SL,-562.5,-647.5,22899.9560546875,24842.4560546875,1942.5
2026-01-16 11:09:00,2026-01-16 11:10:00,25829.400390625,25819.400390625,0.6558619835819652,TP,1125.0,1040.0,23939.9560546875,24842.4560546875,902.5
2026-01-16 11:10:00,2026-01-16 11:13:00,25825.69921875,25815.69921875,0.5652904398430385,TP,1125.0,1040.0,24979.9560546875,24979.9560546875,0.0
2026-01-16 11:42:00,2026-01-16 11:46:00,25802.150390625,25793.150390625,0.6125433462042992,TIME,1012.5,927.5,25907.4560546875,25907.4560546875,0.0
2026-01-23 11:09:00,2026-01-23 11:10:00,25274.150390625,25279.150390625,0.5766351323335275,SL,-562.5,-647.5,25259.9560546875,25907.4560546875,647.5
2026-01-30 11:06:00,2026-01-30 11:07:00,25292.5,25282.5,0.6694765062620114,TP,1125.0,1040.0,26299.9560546875,26299.9560546875,0.0
2026-01-30 11:07:00,2026-01-30 11:08:00,25288.150390625,25278.150390625,0.6155517796645701,TP,1125.0,1040.0,27339.9560546875,27339.9560546875,0.0
2026-02-04 10:58:00,2026-02-04 10:59:00,25736.900390625,25741.900390625,0.6254521251290799,SL,-562.5,-647.5,26692.4560546875,27339.9560546875,647.5
2026-02-05 10:53:00,2026-02-05 10:54:00,25645.55078125,25635.55078125,0.657715250817202,TP,1125.0,1040.0,27732.4560546875,27732.4560546875,0.0
2026-02-05 10:54:00,2026-02-05 10:55:00,25637.19921875,25627.19921875,0.6566519830210339,TP,1125.0,1040.0,28772.4560546875,28772.4560546875,0.0
2026-02-05 10:55:00,2026-02-05 10:57:00,25633.55078125,25623.55078125,0.6647812622630611,TP,1125.0,1040.0,29812.4560546875,29812.4560546875,0.0
2026-02-05 10:57:00,2026-02-05 11:01:00,25624.30078125,25621.94921875,0.5586257614473096,TIME,264.55078125,179.55078125,29992.0068359375,29992.0068359375,0.0
2026-02-09 11:31:00,2026-02-09 11:35:00,25851.400390625,25849.650390625,0.6267395235084315,TIME,196.875,111.875,30103.8818359375,30103.8818359375,0.0
2026-02-10 10:44:00,2026-02-10 10:46:00,25961.150390625,25966.150390625,0.6465665063868345,SL,-562.5,-647.5,29456.3818359375,30103.8818359375,647.5
2026-02-10 10:47:00,2026-02-10 10:49:00,25967.150390625,25957.150390625,0.6438121418880622,TP,1125.0,1040.0,30496.3818359375,30496.3818359375,0.0
2026-02-10 11:01:00,2026-02-10 11:02:00,25960.30078125,25965.30078125,0.6768352649609739,SL,-562.5,-647.5,29848.8818359375,30496.3818359375,647.5
2026-02-10 11:02:00,2026-02-10 11:03:00,25962.900390625,25967.900390625,0.645856204192583,SL,-562.5,-647.5,29201.3818359375,30496.3818359375,1295.0
2026-02-10 11:04:00,2026-02-10 11:08:00,25966.150390625,25965.75,0.6380575614710557,TIME,45.0439453125,-39.9560546875,29161.42578125,30496.3818359375,1334.9560546875
2026-02-10 11:10:00,2026-02-10 11:14:00,25961.55078125,25960.349609375,0.6663984976606819,TIME,135.1318359375,50.1318359375,29211.5576171875,30496.3818359375,1284.82421875
2026-02-10 11:14:00,2026-02-10 11:18:00,25960.349609375,25959.94921875,0.6583363178481401,TIME,45.0439453125,-39.9560546875,29171.6015625,30496.3818359375,1324.7802734375
2026-02-10 11:18:00,2026-02-10 11:22:00,25959.94921875,25958.900390625,0.671039310477839,TIME,117.9931640625,32.9931640625,29204.5947265625,30496.3818359375,1291.787109375
2026-02-10 11:22:00,2026-02-10 11:25:00,25958.900390625,25948.900390625,0.660027747434458,TP,1125.0,1040.0,30244.5947265625,30496.3818359375,251.787109375
2026-02-10 11:25:00,2026-02-10 11:27:00,25952.44921875,25957.44921875,0.6632882939662665,SL,-562.5,-647.5,29597.0947265625,30496.3818359375,899.287109375
2026-02-10 11:27:00,2026-02-10 11:31:00,25954.94921875,25958.05078125,0.6268604713970257,TIME,-348.92578125,-433.92578125,29163.1689453125,30496.3818359375,1333.212890625
2026-02-10 11:48:00,2026-02-10 11:52:00,25946.30078125,25951.30078125,0.6446152465770936,SL,-562.5,-647.5,28515.6689453125,30496.3818359375,1980.712890625
2026-02-11 10:57:00,2026-02-11 11:01:00,25961.30078125,25960.44921875,0.6676730953735099,TIME,95.80078125,10.80078125,28526.4697265625,30496.3818359375,1969.912109375
2026-02-11 11:01:00,2026-02-11 11:04:00,25960.44921875,25965.44921875,0.6689983269824625,SL,-562.5,-647.5,27878.9697265625,30496.3818359375,2617.412109375
2026-02-11 11:04:00,2026-02-11 11:05:00,25957.900390625,25962.900390625,0.6495141609461286,SL,-562.5,-647.5,27231.4697265625,30496.3818359375,3264.912109375
2026-02-11 11:06:00,2026-02-11 11:07:00,25968.5,25958.5,0.650277242321592,TP,1125.0,1040.0,28271.4697265625,30496.3818359375,2224.912109375
2026-02-11 11:07:00,2026-02-11 11:08:00,25964.30078125,25954.30078125,0.6149141268953444,TP,1125.0,1040.0,29311.4697265625,30496.3818359375,1184.912109375
2026-02-11 11:28:00,2026-02-11 11:32:00,25959.80078125,25964.80078125,0.6321904911856521,SL,-562.5,-647.5,28663.9697265625,30496.3818359375,1832.412109375
2026-02-11 11:49:00,2026-02-11 11:52:00,25960.75,25950.75,0.6309815432480214,TP,1125.0,1040.0,29703.9697265625,30496.3818359375,792.412109375
2026-02-11 11:53:00,2026-02-11 11:54:00,25952.69921875,25957.69921875,0.6288082304512335,SL,-562.5,-647.5,29056.4697265625,30496.3818359375,1439.912109375
2026-02-11 11:55:00,2026-02-11 11:57:00,25958.650390625,25963.650390625,0.6279084980597908,SL,-562.5,-647.5,28408.9697265625,30496.3818359375,2087.412109375
2026-02-11 12:21:00,2026-02-11 12:25:00,25941.55078125,25938.099609375,0.605774017087754,TIME,388.2568359375,303.2568359375,28712.2265625,30496.3818359375,1784.1552734375
2026-02-12 10:36:00,2026-02-12 10:37:00,25867.650390625,25857.650390625,0.666372013346723,TP,1125.0,1040.0,29752.2265625,30496.3818359375,744.1552734375
2026-02-12 10:37:00,2026-02-12 10:38:00,25861.69921875,25851.69921875,0.6501761560820982,TP,1125.0,1040.0,30792.2265625,30792.2265625,0.0
2026-02-12 10:38:00,2026-02-12 10:42:00,25858.400390625,25863.400390625,0.6737216820480098,SL,-562.5,-647.5,30144.7265625,30792.2265625,647.5
2026-02-12 10:42:00,2026-02-12 10:46:00,25861.650390625,25865.55078125,0.6387410539849285,TIME,-438.7939453125,-523.7939453125,29620.9326171875,30792.2265625,1171.2939453125
2026-02-12 10:47:00,2026-02-12 10:50:00,25860.05078125,25850.05078125,0.6635621007673451,TP,1125.0,1040.0,30660.9326171875,30792.2265625,131.2939453125
2026-02-12 10:50:00,2026-02-12 10:54:00,25857.900390625,25853.55078125,0.6806144629791436,TIME,489.3310546875,404.3310546875,31065.263671875,31065.263671875,0.0
2026-02-12 10:54:00,2026-02-12 10:57:00,25853.55078125,25858.55078125,0.6752949724478036,SL,-562.5,-647.5,30417.763671875,31065.263671875,647.5
2026-02-12 10:57:00,2026-02-12 11:01:00,25857.75,25858.80078125,0.6538603554728695,TIME,-118.212890625,-203.212890625,30214.55078125,31065.263671875,850.712890625
2026-02-12 11:01:00,2026-02-12 11:05:00,25858.80078125,25857.25,0.6643089300936438,TIME,174.462890625,89.462890625,30304.013671875,31065.263671875,761.25
2026-02-12 11:05:00,2026-02-12 11:07:00,25857.25,25847.25,0.6495565900521637,TP,1125.0,1040.0,31344.013671875,31344.013671875,0.0
2026-02-12 11:08:00,2026-02-12 11:09:00,25846.75,25851.75,0.6068746485894162,SL,-562.5,-647.5,30696.513671875,31344.013671875,647.5
2026-02-12 11:18:00,2026-02-12 11:22:00,25837.5,25827.5,0.6545806808521998,TP,1125.0,1040.0,31736.513671875,31736.513671875,0.0
2026-02-12 11:22:00,2026-02-12 11:23:00,25837.400390625,25827.400390625,0.6419501811655759,TP,1125.0,1040.0,32776.513671875,32776.513671875,0.0
2026-02-12 11:28:00,2026-02-12 11:31:00,25832.650390625,25822.650390625,0.6612723938448906,TP,1125.0,1040.0,33816.513671875,33816.513671875,0.0
2026-02-12 11:31:00,2026-02-12 11:32:00,25828.400390625,25818.400390625,0.6282159344240856,TP,1125.0,1040.0,34856.513671875,34856.513671875,0.0
2026-02-13 11:14:00,2026-02-13 11:15:00,25546.55078125,25551.55078125,0.6274486906434441,SL,-562.5,-647.5,34209.013671875,34856.513671875,647.5
2026-02-13 11:16:00,2026-02-13 11:17:00,25550.25,25540.25,0.663507696182279,TP,1125.0,1040.0,35249.013671875,35249.013671875,0.0
2026-02-13 11:17:00,2026-02-13 11:18:00,25543.5,25533.5,0.6365662484470433,TP,1125.0,1040.0,36289.013671875,36289.013671875,0.0
2026-02-13 11:25:00,2026-02-13 11:26:00,25533.099609375,25538.099609375,0.6388019710529085,SL,-562.5,-647.5,35641.513671875,36289.013671875,647.5
