entry_time,exit_time,entry_index,exit_index,reason,gross,net,equity,cum_max,drawdown
2025-11-25 10:37:00,2025-11-25 10:38:00,25996.55078125,26005.55078125,SL,-1012.5,-1097.5,-1097.5,-1097.5,0.0
2025-11-25 10:48:00,2025-11-25 10:53:00,25983.25,25986.69921875,TIME,-388.037109375,-473.037109375,-1570.537109375,-1097.5,473.037109375
2025-11-25 10:53:00,2025-11-25 10:55:00,25986.69921875,25968.69921875,TP,2025.0,1940.0,369.462890625,369.462890625,0.0
2025-11-25 11:24:00,2025-11-25 11:25:00,25950.25,25959.25,SL,-1012.5,-1097.5,-728.037109375,369.462890625,1097.5
2025-11-25 11:46:00,2025-11-25 11:48:00,25953.19921875,25962.19921875,SL,-1012.5,-1097.5,-1825.537109375,369.462890625,2195.0
2025-11-25 11:48:00,2025-11-25 11:50:00,25961.400390625,25970.400390625,SL,-1012.5,-1097.5,-2923.037109375,369.462890625,3292.5
2025-11-26 10:31:00,2025-11-26 10:32:00,26067.849609375,26076.849609375,SL,-1012.5,-1097.5,-4020.537109375,369.462890625,4390.0
2025-11-26 10:35:00,2025-11-26 10:39:00,26077.25,26086.25,SL,-1012.5,-1097.5,-5118.037109375,369.462890625,5487.5
2025-11-26 11:05:00,2025-11-26 11:08:00,26117.55078125,26126.55078125,SL,-1012.5,-1097.5,-6215.537109375,369.462890625,6585.0
2025-11-26 11:09:00,2025-11-26 11:14:00,26117.400390625,26116.5,TIME,101.2939453125,16.2939453125,-6199.2431640625,369.462890625,6568.7060546875
2025-11-26 11:43:00,2025-11-26 11:48:00,26125.69921875,26128.25,TIME,-286.962890625,-371.962890625,-6571.2060546875,369.462890625,6940.6689453125
2025-11-26 11:48:00,2025-11-26 11:53:00,26128.25,26130.94921875,TIME,-303.662109375,-388.662109375,-6959.8681640625,369.462890625,7329.3310546875
2025-11-27 10:27:00,2025-11-27 10:29:00,26266.900390625,26275.900390625,SL,-1012.5,-1097.5,-8057.3681640625,369.462890625,8426.8310546875
2025-11-27 10:29:00,2025-11-27 10:34:00,26279.25,26277.25,TIME,225.0,140.0,-7917.3681640625,369.462890625,8286.8310546875
2025-11-27 10:34:00,2025-11-27 10:39:00,26277.25,26286.25,SL,-1012.5,-1097.5,-9014.8681640625,369.462890625,9384.3310546875
2025-11-27 10:39:00,2025-11-27 10:44:00,26285.900390625,26284.55078125,TIME,151.8310546875,66.8310546875,-8948.037109375,369.462890625,9317.5
2025-11-27 10:44:00,2025-11-27 10:46:00,26284.55078125,26293.55078125,SL,-1012.5,-1097.5,-10045.537109375,369.462890625,10415.0
2025-11-27 10:53:00,2025-11-27 10:58:00,26299.44921875,26287.0,TIME,1400.537109375,1315.537109375,-8730.0,369.462890625,9099.462890625
2025-11-27 10:59:00,2025-11-27 11:02:00,26291.75,26300.75,SL,-1012.5,-1097.5,-9827.5,369.462890625,10196.962890625
2025-11-27 11:02:00,2025-11-27 11:06:00,26290.75,26299.75,SL,-1012.5,-1097.5,-10925.0,369.462890625,11294.462890625
2025-11-27 11:06:00,2025-11-27 11:11:00,26297.75,26296.400390625,TIME,151.8310546875,66.8310546875,-10858.1689453125,369.462890625,11227.6318359375
2025-11-27 11:11:00,2025-11-27 11:16:00,26296.400390625,26295.150390625,TIME,140.625,55.625,-10802.5439453125,369.462890625,11172.0068359375
2025-11-27 11:17:00,2025-11-27 11:22:00,26288.25,26277.69921875,TIME,1186.962890625,1101.962890625,-9700.5810546875,369.462890625,10070.0439453125
2025-11-27 11:22:00,2025-11-27 11:27:00,26277.69921875,26280.94921875,TIME,-365.625,-450.625,-10151.2060546875,369.462890625,10520.6689453125
2025-11-27 11:27:00,2025-11-27 11:32:00,26280.94921875,26269.900390625,TIME,1242.9931640625,1157.9931640625,-8993.212890625,369.462890625,9362.67578125
2025-11-27 11:32:00,2025-11-27 11:37:00,26269.900390625,26265.5,TIME,495.0439453125,410.0439453125,-8583.1689453125,369.462890625,8952.6318359375
2025-11-27 11:38:00,2025-11-27 11:40:00,26264.75,26273.75,SL,-1012.5,-1097.5,-9680.6689453125,369.462890625,10050.1318359375
2025-11-27 11:41:00,2025-11-27 11:46:00,26271.599609375,26260.0,TIME,1304.9560546875,1219.9560546875,-8460.712890625,369.462890625,8830.17578125
2025-11-28 10:28:00,2025-11-28 10:31:00,26234.400390625,26243.400390625,SL,-1012.5,-1097.5,-9558.212890625,369.462890625,9927.67578125
2025-11-28 10:31:00,2025-11-28 10:33:00,26246.599609375,26255.599609375,SL,-1012.5,-1097.5,-10655.712890625,369.462890625,11025.17578125
2025-11-28 10:51:00,2025-11-28 10:56:00,26265.94921875,26267.849609375,TIME,-213.7939453125,-298.7939453125,-10954.5068359375,369.462890625,11323.9697265625
2025-11-28 10:56:00,2025-11-28 11:01:00,26267.849609375,26264.849609375,TIME,337.5,252.5,-10702.0068359375,369.462890625,11071.4697265625
2025-11-28 11:01:00,2025-11-28 11:06:00,26264.849609375,26259.94921875,TIME,551.2939453125,466.2939453125,-10235.712890625,369.462890625,10605.17578125
2025-11-28 11:06:00,2025-11-28 11:11:00,26259.94921875,26259.150390625,TIME,89.8681640625,4.8681640625,-10230.8447265625,369.462890625,10600.3076171875
2025-11-28 11:11:00,2025-11-28 11:15:00,26259.150390625,26268.150390625,SL,-1012.5,-1097.5,-11328.3447265625,369.462890625,11697.8076171875
2025-11-28 11:15:00,2025-11-28 11:20:00,26267.150390625,26262.349609375,TIME,540.087890625,455.087890625,-10873.2568359375,369.462890625,11242.7197265625
2025-11-28 11:20:00,2025-11-28 11:23:00,26262.349609375,26244.349609375,TP,2025.0,1940.0,-8933.2568359375,369.462890625,9302.7197265625
2025-11-28 11:23:00,2025-11-28 11:28:00,26243.650390625,26243.400390625,TIME,28.125,-56.875,-8990.1318359375,369.462890625,9359.5947265625
2025-11-28 11:33:00,2025-11-28 11:38:00,26245.900390625,26243.19921875,TIME,303.8818359375,218.8818359375,-8771.25,369.462890625,9140.712890625
2025-11-28 11:38:00,2025-11-28 11:43:00,26243.19921875,26248.849609375,TIME,-635.6689453125,-720.6689453125,-9491.9189453125,369.462890625,9861.3818359375
2025-11-28 11:47:00,2025-11-28 11:52:00,26253.25,26250.5,TIME,309.375,224.375,-9267.5439453125,369.462890625,9637.0068359375
2025-11-28 11:52:00,2025-11-28 11:57:00,26250.5,26251.5,TIME,-112.5,-197.5,-9465.0439453125,369.462890625,9834.5068359375
2025-11-28 11:58:00,2025-11-28 12:03:00,26250.44921875,26246.849609375,TIME,404.9560546875,319.9560546875,-9145.087890625,369.462890625,9514.55078125
2025-11-28 12:03:00,2025-11-28 12:08:00,26246.849609375,26240.80078125,TIME,680.4931640625,595.4931640625,-8549.5947265625,369.462890625,8919.0576171875
2025-11-28 12:08:00,2025-11-28 12:13:00,26240.80078125,26241.650390625,TIME,-95.5810546875,-180.5810546875,-8730.17578125,369.462890625,9099.638671875
2025-11-28 12:13:00,2025-11-28 12:18:00,26241.650390625,26231.44921875,TIME,1147.6318359375,1062.6318359375,-7667.5439453125,369.462890625,8037.0068359375
2025-11-28 12:18:00,2025-11-28 12:23:00,26231.44921875,26226.19921875,TIME,590.625,505.625,-7161.9189453125,369.462890625,7531.3818359375
2025-11-28 12:23:00,2025-11-28 12:28:00,26226.19921875,26223.19921875,TIME,337.5,252.5,-6909.4189453125,369.462890625,7278.8818359375
2025-11-28 12:28:00,2025-11-28 12:33:00,26223.19921875,26232.19921875,SL,-1012.5,-1097.5,-8006.9189453125,369.462890625,8376.3818359375
2025-11-28 12:33:00,2025-11-28 12:38:00,26236.80078125,26236.30078125,TIME,56.25,-28.75,-8035.6689453125,369.462890625,8405.1318359375
2025-12-01 10:32:00,2025-12-01 10:37:00,26285.0,26276.19921875,TIME,990.087890625,905.087890625,-7130.5810546875,369.462890625,7500.0439453125
2025-12-01 10:37:00,2025-12-01 10:40:00,26276.19921875,26258.19921875,TP,2025.0,1940.0,-5190.5810546875,369.462890625,5560.0439453125
2025-12-01 11:06:00,2025-12-01 11:11:00,26229.55078125,26234.400390625,TIME,-545.5810546875,-630.5810546875,-5821.162109375,369.462890625,6190.625
2025-12-01 11:11:00,2025-12-01 11:14:00,26234.400390625,26243.400390625,SL,-1012.5,-1097.5,-6918.662109375,369.462890625,7288.125
2025-12-01 11:14:00,2025-12-01 11:19:00,26242.400390625,26238.05078125,TIME,489.3310546875,404.3310546875,-6514.3310546875,369.462890625,6883.7939453125
2025-12-01 11:58:00,2025-12-01 12:03:00,26215.19921875,26202.150390625,TIME,1467.9931640625,1382.9931640625,-5131.337890625,369.462890625,5500.80078125
2025-12-01 12:03:00,2025-12-01 12:06:00,26202.150390625,26184.150390625,TP,2025.0,1940.0,-3191.337890625,369.462890625,3560.80078125
2025-12-01 12:29:00,2025-12-01 12:31:00,26188.55078125,26170.55078125,TP,2025.0,1940.0,-1251.337890625,369.462890625,1620.80078125
2025-12-02 10:27:00,2025-12-02 10:29:00,26069.599609375,26078.599609375,SL,-1012.5,-1097.5,-2348.837890625,369.462890625,2718.30078125
2025-12-02 10:43:00,2025-12-02 10:48:00,26081.55078125,26074.349609375,TIME,810.1318359375,725.1318359375,-1623.7060546875,369.462890625,1993.1689453125
2025-12-02 10:48:00,2025-12-02 10:50:00,26074.349609375,26083.349609375,SL,-1012.5,-1097.5,-2721.2060546875,369.462890625,3090.6689453125
2025-12-02 10:56:00,2025-12-02 11:01:00,26092.30078125,26085.75,TIME,736.962890625,651.962890625,-2069.2431640625,369.462890625,2438.7060546875
2025-12-02 11:15:00,2025-12-02 11:20:00,26081.099609375,26076.55078125,TIME,511.7431640625,426.7431640625,-1642.5,369.462890625,2011.962890625
2025-12-02 11:20:00,2025-12-02 11:25:00,26076.55078125,26083.69921875,TIME,-804.19921875,-889.19921875,-2531.69921875,369.462890625,2901.162109375
2025-12-02 11:25:00,2025-12-02 11:30:00,26083.69921875,26066.75,TIME,1906.787109375,1821.787109375,-709.912109375,369.462890625,1079.375
2025-12-02 11:30:00,2025-12-02 11:35:00,26066.75,26066.80078125,TIME,-5.712890625,-90.712890625,-800.625,369.462890625,1170.087890625
2025-12-02 11:36:00,2025-12-02 11:41:00,26065.599609375,26063.94921875,TIME,185.6689453125,100.6689453125,-699.9560546875,369.462890625,1069.4189453125
2025-12-02 11:42:00,2025-12-02 11:47:00,26063.94921875,26060.94921875,TIME,337.5,252.5,-447.4560546875,369.462890625,816.9189453125
2025-12-02 12:16:00,2025-12-02 12:17:00,26049.30078125,26058.30078125,SL,-1012.5,-1097.5,-1544.9560546875,369.462890625,1914.4189453125
2025-12-02 12:18:00,2025-12-02 12:23:00,26058.44921875,26058.05078125,TIME,44.82421875,-40.17578125,-1585.1318359375,369.462890625,1954.5947265625
2025-12-03 10:42:00,2025-12-03 10:45:00,25899.80078125,25908.80078125,SL,-1012.5,-1097.5,-2682.6318359375,369.462890625,3052.0947265625
2025-12-03 10:45:00,2025-12-03 10:50:00,25913.75,25909.30078125,TIME,500.537109375,415.537109375,-2267.0947265625,369.462890625,2636.5576171875
2025-12-03 10:50:00,2025-12-03 10:53:00,25909.30078125,25918.30078125,SL,-1012.5,-1097.5,-3364.5947265625,369.462890625,3734.0576171875
2025-12-03 10:53:00,2025-12-03 10:58:00,25921.650390625,25919.05078125,TIME,292.4560546875,207.4560546875,-3157.138671875,369.462890625,3526.6015625
2025-12-03 10:58:00,2025-12-03 11:03:00,25919.05078125,25921.900390625,TIME,-320.5810546875,-405.5810546875,-3562.7197265625,369.462890625,3932.1826171875
2025-12-03 11:03:00,2025-12-03 11:06:00,25921.900390625,25903.900390625,TP,2025.0,1940.0,-1622.7197265625,369.462890625,1992.1826171875
2025-12-03 11:06:00,2025-12-03 11:08:00,25909.69921875,25918.69921875,SL,-1012.5,-1097.5,-2720.2197265625,369.462890625,3089.6826171875
2025-12-03 11:08:00,2025-12-03 11:13:00,25918.30078125,25922.44921875,TIME,-466.69921875,-551.69921875,-3271.9189453125,369.462890625,3641.3818359375
2025-12-03 11:14:00,2025-12-03 11:19:00,25920.400390625,25913.55078125,TIME,770.5810546875,685.5810546875,-2586.337890625,369.462890625,2955.80078125
2025-12-03 11:19:00,2025-12-03 11:24:00,25913.55078125,25895.55078125,TP,2025.0,1940.0,-646.337890625,369.462890625,1015.80078125
2025-12-03 11:24:00,2025-12-03 11:27:00,25894.849609375,25903.849609375,SL,-1012.5,-1097.5,-1743.837890625,369.462890625,2113.30078125
2025-12-03 11:27:00,2025-12-03 11:30:00,25904.150390625,25913.150390625,SL,-1012.5,-1097.5,-2841.337890625,369.462890625,3210.80078125
2025-12-03 11:30:00,2025-12-03 11:35:00,25912.150390625,25921.150390625,SL,-1012.5,-1097.5,-3938.837890625,369.462890625,4308.30078125
2025-12-03 12:32:00,2025-12-03 12:37:00,25946.150390625,25938.849609375,TIME,821.337890625,736.337890625,-3202.5,369.462890625,3571.962890625
2025-12-04 10:49:00,2025-12-04 10:54:00,26084.75,26078.55078125,TIME,697.412109375,612.412109375,-2590.087890625,369.462890625,2959.55078125
2025-12-04 10:54:00,2025-12-04 10:59:00,26078.55078125,26075.599609375,TIME,332.0068359375,247.0068359375,-2343.0810546875,369.462890625,2712.5439453125
2025-12-04 10:59:00,2025-12-04 11:03:00,26075.599609375,26084.599609375,SL,-1012.5,-1097.5,-3440.5810546875,369.462890625,3810.0439453125
2025-12-04 11:03:00,2025-12-04 11:08:00,26083.099609375,26077.849609375,TIME,590.625,505.625,-2934.9560546875,369.462890625,3304.4189453125
2025-12-04 11:08:00,2025-12-04 11:13:00,26077.849609375,26072.0,TIME,658.0810546875,573.0810546875,-2361.875,369.462890625,2731.337890625
2025-12-04 11:13:00,2025-12-04 11:18:00,26072.0,26068.150390625,TIME,433.0810546875,348.0810546875,-2013.7939453125,369.462890625,2383.2568359375
2025-12-04 11:19:00,2025-12-04 11:24:00,26071.19921875,26064.400390625,TIME,764.8681640625,679.8681640625,-1333.92578125,369.462890625,1703.388671875
2025-12-04 11:24:00,2025-12-04 11:29:00,26064.400390625,26060.75,TIME,410.6689453125,325.6689453125,-1008.2568359375,369.462890625,1377.7197265625
2025-12-04 11:29:00,2025-12-04 11:34:00,26060.75,26060.94921875,TIME,-22.412109375,-107.412109375,-1115.6689453125,369.462890625,1485.1318359375
2025-12-04 11:34:00,2025-12-04 11:38:00,26060.94921875,26042.94921875,TP,2025.0,1940.0,824.3310546875,824.3310546875,0.0
2025-12-04 12:06:00,2025-12-04 12:11:00,26035.94921875,26024.099609375,TIME,1333.0810546875,1248.0810546875,2072.412109375,2072.412109375,0.0
2025-12-04 12:23:00,2025-12-04 12:28:00,26017.30078125,26026.30078125,SL,-1012.5,-1097.5,974.912109375,2072.412109375,1097.5
2025-12-04 12:28:00,2025-12-04 12:33:00,26029.05078125,26029.25,TIME,-22.412109375,-107.412109375,867.5,2072.412109375,1204.912109375
2025-12-04 12:33:00,2025-12-04 12:38:00,26029.25,26027.44921875,TIME,202.587890625,117.587890625,985.087890625,2072.412109375,1087.32421875
2025-12-05 11:34:00,2025-12-05 11:39:00,26131.099609375,26134.400390625,TIME,-371.337890625,-456.337890625,528.75,2072.412109375,1543.662109375
2025-12-05 11:39:00,2025-12-05 11:44:00,26134.400390625,26141.599609375,TIME,-809.912109375,-894.912109375,-366.162109375,2072.412109375,2438.57421875
2025-12-05 12:00:00,2025-12-05 12:05:00,26136.349609375,26145.349609375,SL,-1012.5,-1097.5,-1463.662109375,2072.412109375,3536.07421875
2025-12-05 12:16:00,2025-12-05 12:21:00,26136.849609375,26145.849609375,SL,-1012.5,-1097.5,-2561.162109375,2072.412109375,4633.57421875
2025-12-08 10:31:00,2025-12-08 10:36:00,26092.55078125,26085.650390625,TIME,776.2939453125,691.2939453125,-1869.8681640625,2072.412109375,3942.2802734375
2025-12-08 10:45:00,2025-12-08 10:50:00,26100.80078125,26082.80078125,TP,2025.0,1940.0,70.1318359375,2072.412109375,2002.2802734375
2025-12-08 10:50:00,2025-12-08 10:53:00,26082.5,26091.5,SL,-1012.5,-1097.5,-1027.3681640625,2072.412109375,3099.7802734375
2025-12-08 10:53:00,2025-12-08 10:58:00,26092.0,26077.05078125,TIME,1681.787109375,1596.787109375,569.4189453125,2072.412109375,1502.9931640625
2025-12-08 10:58:00,2025-12-08 11:03:00,26077.05078125,26064.599609375,TIME,1400.7568359375,1315.7568359375,1885.17578125,2072.412109375,187.236328125
2025-12-08 11:03:00,2025-12-08 11:08:00,26064.599609375,26058.69921875,TIME,663.7939453125,578.7939453125,2463.9697265625,2463.9697265625,0.0
2025-12-08 11:09:00,2025-12-08 11:10:00,26063.30078125,26072.30078125,SL,-1012.5,-1097.5,1366.4697265625,2463.9697265625,1097.5
2025-12-08 11:23:00,2025-12-08 11:28:00,26072.19921875,26070.599609375,TIME,179.9560546875,94.9560546875,1461.42578125,2463.9697265625,1002.5439453125
2025-12-08 11:28:00,2025-12-08 11:33:00,26070.599609375,26062.75,TIME,883.0810546875,798.0810546875,2259.5068359375,2463.9697265625,204.462890625
2025-12-08 11:33:00,2025-12-08 11:38:00,26062.75,26059.5,TIME,365.625,280.625,2540.1318359375,2540.1318359375,0.0
2025-12-08 11:54:00,2025-12-08 11:59:00,26061.900390625,26059.400390625,TIME,281.25,196.25,2736.3818359375,2736.3818359375,0.0
2025-12-08 11:59:00,2025-12-08 12:04:00,26059.400390625,26051.19921875,TIME,922.6318359375,837.6318359375,3574.013671875,3574.013671875,0.0
2025-12-08 12:04:00,2025-12-08 12:09:00,26051.19921875,26048.400390625,TIME,314.8681640625,229.8681640625,3803.8818359375,3803.8818359375,0.0
2025-12-08 12:09:00,2025-12-08 12:14:00,26048.400390625,26035.30078125,TIME,1473.7060546875,1388.7060546875,5192.587890625,5192.587890625,0.0
2025-12-08 12:15:00,2025-12-08 12:16:00,26035.349609375,26044.349609375,SL,-1012.5,-1097.5,4095.087890625,5192.587890625,1097.5
2025-12-08 12:24:00,2025-12-08 12:28:00,26047.5,26029.5,TP,2025.0,1940.0,6035.087890625,6035.087890625,0.0
2025-12-08 12:28:00,2025-12-08 12:33:00,26028.5,26022.400390625,TIME,686.2060546875,601.2060546875,6636.2939453125,6636.2939453125,0.0
2025-12-09 10:52:00,2025-12-09 10:56:00,25792.55078125,25801.55078125,SL,-1012.5,-1097.5,5538.7939453125,6636.2939453125,1097.5
2025-12-09 10:56:00,2025-12-09 10:59:00,25804.94921875,25813.94921875,SL,-1012.5,-1097.5,4441.2939453125,6636.2939453125,2195.0
2025-12-10 10:47:00,2025-12-10 10:50:00,25902.69921875,25884.69921875,TP,2025.0,1940.0,6381.2939453125,6636.2939453125,255.0
2025-12-10 11:10:00,2025-12-10 11:15:00,25871.80078125,25880.80078125,SL,-1012.5,-1097.5,5283.7939453125,6636.2939453125,1352.5
2025-12-10 11:15:00,2025-12-10 11:20:00,25877.0,25866.349609375,TIME,1198.1689453125,1113.1689453125,6396.962890625,6636.2939453125,239.3310546875
2025-12-10 11:20:00,2025-12-10 11:21:00,25866.349609375,25875.349609375,SL,-1012.5,-1097.5,5299.462890625,6636.2939453125,1336.8310546875
2025-12-10 11:24:00,2025-12-10 11:29:00,25860.099609375,25852.25,TIME,883.0810546875,798.0810546875,6097.5439453125,6636.2939453125,538.75
2025-12-10 11:31:00,2025-12-10 11:33:00,25845.5,25854.5,SL,-1012.5,-1097.5,5000.0439453125,6636.2939453125,1636.25
2025-12-10 11:49:00,2025-12-10 11:54:00,25836.30078125,25828.099609375,TIME,922.6318359375,837.6318359375,5837.67578125,6636.2939453125,798.6181640625
2025-12-10 11:54:00,2025-12-10 11:55:00,25828.099609375,25837.099609375,SL,-1012.5,-1097.5,4740.17578125,6636.2939453125,1896.1181640625
2025-12-10 11:56:00,2025-12-10 12:01:00,25837.75,25823.94921875,TIME,1552.587890625,1467.587890625,6207.763671875,6636.2939453125,428.5302734375
2025-12-10 12:20:00,2025-12-10 12:25:00,25838.599609375,25822.94921875,TIME,1760.6689453125,1675.6689453125,7883.4326171875,7883.4326171875,0.0
2025-12-10 12:25:00,2025-12-10 12:30:00,25822.94921875,25805.349609375,TIME,1979.9560546875,1894.9560546875,9778.388671875,9778.388671875,0.0
2025-12-11 10:46:00,2025-12-11 10:47:00,25827.94921875,25836.94921875,SL,-1012.5,-1097.5,8680.888671875,9778.388671875,1097.5
2025-12-12 10:46:00,2025-12-12 10:50:00,25968.599609375,25950.599609375,TP,2025.0,1940.0,10620.888671875,10620.888671875,0.0
2025-12-15 10:38:00,2025-12-15 10:43:00,25961.349609375,25966.80078125,TIME,-613.2568359375,-698.2568359375,9922.6318359375,10620.888671875,698.2568359375
2025-12-15 10:43:00,2025-12-15 10:48:00,25966.80078125,25975.80078125,SL,-1012.5,-1097.5,8825.1318359375,10620.888671875,1795.7568359375
2025-12-15 10:59:00,2025-12-15 11:04:00,25987.25,25987.849609375,TIME,-67.4560546875,-152.4560546875,8672.67578125,10620.888671875,1948.212890625
2025-12-15 11:04:00,2025-12-15 11:09:00,25987.849609375,25977.349609375,TIME,1181.25,1096.25,9768.92578125,10620.888671875,851.962890625
2025-12-15 11:09:00,2025-12-15 11:14:00,25977.349609375,25980.94921875,TIME,-404.9560546875,-489.9560546875,9278.9697265625,10620.888671875,1341.9189453125
2025-12-15 11:14:00,2025-12-15 11:19:00,25980.94921875,25976.400390625,TIME,511.7431640625,426.7431640625,9705.712890625,10620.888671875,915.17578125
2025-12-15 11:37:00,2025-12-15 11:42:00,25967.25,25967.44921875,TIME,-22.412109375,-107.412109375,9598.30078125,10620.888671875,1022.587890625
2025-12-15 11:44:00,2025-12-15 11:48:00,25971.0,25980.0,SL,-1012.5,-1097.5,8500.80078125,10620.888671875,2120.087890625
2025-12-16 10:33:00,2025-12-16 10:38:00,25913.44921875,25914.19921875,TIME,-84.375,-169.375,8331.42578125,10620.888671875,2289.462890625
2025-12-16 10:40:00,2025-12-16 10:45:00,25905.30078125,25900.80078125,TIME,506.25,421.25,8752.67578125,10620.888671875,1868.212890625
2025-12-16 10:45:00,2025-12-16 10:50:00,25900.80078125,25898.69921875,TIME,236.42578125,151.42578125,8904.1015625,10620.888671875,1716.787109375
2025-12-16 10:51:00,2025-12-16 10:56:00,25902.55078125,25891.599609375,TIME,1232.0068359375,1147.0068359375,10051.1083984375,10620.888671875,569.7802734375
2025-12-16 10:58:00,2025-12-16 11:03:00,25900.599609375,25898.44921875,TIME,241.9189453125,156.9189453125,10208.02734375,10620.888671875,412.861328125
2025-12-16 11:03:00,2025-12-16 11:07:00,25898.44921875,25907.44921875,SL,-1012.5,-1097.5,9110.52734375,10620.888671875,1510.361328125
2025-12-16 11:07:00,2025-12-16 11:12:00,25909.599609375,25897.94921875,TIME,1310.6689453125,1225.6689453125,10336.1962890625,10620.888671875,284.6923828125
2025-12-16 11:12:00,2025-12-16 11:17:00,25897.94921875,25896.0,TIME,219.287109375,134.287109375,10470.4833984375,10620.888671875,150.4052734375
2025-12-16 11:17:00,2025-12-16 11:20:00,25896.0,25905.0,SL,-1012.5,-1097.5,9372.9833984375,10620.888671875,1247.9052734375
2025-12-16 11:20:00,2025-12-16 11:23:00,25902.099609375,25911.099609375,SL,-1012.5,-1097.5,8275.4833984375,10620.888671875,2345.4052734375
2025-12-16 11:24:00,2025-12-16 11:29:00,25898.400390625,25905.44921875,TIME,-792.9931640625,-877.9931640625,7397.490234375,10620.888671875,3223.3984375
2025-12-16 11:29:00,2025-12-16 11:34:00,25905.44921875,25890.30078125,TIME,1704.19921875,1619.19921875,9016.689453125,10620.888671875,1604.19921875
2025-12-16 11:34:00,2025-12-16 11:39:00,25890.30078125,25885.349609375,TIME,557.0068359375,472.0068359375,9488.6962890625,10620.888671875,1132.1923828125
2025-12-16 11:39:00,2025-12-16 11:44:00,25885.349609375,25875.099609375,TIME,1153.125,1068.125,10556.8212890625,10620.888671875,64.0673828125
2025-12-16 11:44:00,2025-12-16 11:49:00,25875.099609375,25878.25,TIME,-354.4189453125,-439.4189453125,10117.40234375,10620.888671875,503.486328125
2025-12-16 11:49:00,2025-12-16 11:54:00,25878.25,25887.25,SL,-1012.5,-1097.5,9019.90234375,10620.888671875,1600.986328125
2025-12-16 12:01:00,2025-12-16 12:06:00,25875.05078125,25884.05078125,SL,-1012.5,-1097.5,7922.40234375,10620.888671875,2698.486328125
2025-12-16 12:06:00,2025-12-16 12:11:00,25883.650390625,25884.849609375,TIME,-134.912109375,-219.912109375,7702.490234375,10620.888671875,2918.3984375
2025-12-16 12:11:00,2025-12-16 12:16:00,25884.849609375,25887.5,TIME,-298.1689453125,-383.1689453125,7319.3212890625,10620.888671875,3301.5673828125
2025-12-17 10:44:00,2025-12-17 10:47:00,25819.05078125,25828.05078125,SL,-1012.5,-1097.5,6221.8212890625,10620.888671875,4399.0673828125
2025-12-17 10:47:00,2025-12-17 10:52:00,25828.150390625,25819.80078125,TIME,939.3310546875,854.3310546875,7076.15234375,10620.888671875,3544.736328125
2025-12-17 10:53:00,2025-12-17 10:57:00,25823.30078125,25805.30078125,TP,2025.0,1940.0,9016.15234375,10620.888671875,1604.736328125
2025-12-17 11:05:00,2025-12-17 11:07:00,25824.55078125,25833.55078125,SL,-1012.5,-1097.5,7918.65234375,10620.888671875,2702.236328125
2025-12-17 11:25:00,2025-12-17 11:30:00,25825.150390625,25807.150390625,TP,2025.0,1940.0,9858.65234375,10620.888671875,762.236328125
2025-12-17 11:30:00,2025-12-17 11:31:00,25809.75,25818.75,SL,-1012.5,-1097.5,8761.15234375,10620.888671875,1859.736328125
2025-12-17 11:41:00,2025-12-17 11:46:00,25830.55078125,25834.150390625,TIME,-404.9560546875,-489.9560546875,8271.1962890625,10620.888671875,2349.6923828125
2025-12-17 12:01:00,2025-12-17 12:06:00,25805.400390625,25802.599609375,TIME,315.087890625,230.087890625,8501.2841796875,10620.888671875,2119.6044921875
2025-12-17 12:20:00,2025-12-17 12:25:00,25806.099609375,25798.05078125,TIME,905.4931640625,820.4931640625,9321.77734375,10620.888671875,1299.111328125
2025-12-17 12:32:00,2025-12-17 12:37:00,25790.099609375,25787.75,TIME,264.3310546875,179.3310546875,9501.1083984375,10620.888671875,1119.7802734375
2025-12-26 10:27:00,2025-12-26 10:30:00,26085.55078125,26094.55078125,SL,-1012.5,-1097.5,8403.6083984375,10620.888671875,2217.2802734375
2025-12-26 10:30:00,2025-12-26 10:35:00,26091.599609375,26090.650390625,TIME,106.787109375,21.787109375,8425.3955078125,10620.888671875,2195.4931640625
2025-12-26 10:35:00,2025-12-26 10:40:00,26090.650390625,26093.099609375,TIME,-275.537109375,-360.537109375,8064.8583984375,10620.888671875,2556.0302734375
2025-12-26 10:40:00,2025-12-26 10:45:00,26093.099609375,26088.349609375,TIME,534.375,449.375,8514.2333984375,10620.888671875,2106.6552734375
2025-12-26 10:45:00,2025-12-26 10:50:00,26088.349609375,26089.19921875,TIME,-95.5810546875,-180.5810546875,8333.65234375,10620.888671875,2287.236328125
2025-12-26 10:50:00,2025-12-26 10:55:00,26089.19921875,26089.94921875,TIME,-84.375,-169.375,8164.27734375,10620.888671875,2456.611328125
2025-12-26 10:55:00,2025-12-26 11:00:00,26089.94921875,26090.05078125,TIME,-11.42578125,-96.42578125,8067.8515625,10620.888671875,2553.037109375
2025-12-26 11:00:00,2025-12-26 11:05:00,26090.05078125,26084.69921875,TIME,602.05078125,517.05078125,8584.90234375,10620.888671875,2035.986328125
2025-12-26 11:05:00,2025-12-26 11:10:00,26084.69921875,26078.25,TIME,725.537109375,640.537109375,9225.439453125,10620.888671875,1395.44921875
2025-12-26 11:10:00,2025-12-26 11:15:00,26078.25,26068.94921875,TIME,1046.337890625,961.337890625,10186.77734375,10620.888671875,434.111328125
2025-12-26 11:15:00,2025-12-26 11:20:00,26068.94921875,26066.0,TIME,331.787109375,246.787109375,10433.564453125,10620.888671875,187.32421875
2025-12-26 11:20:00,2025-12-26 11:25:00,26066.0,26066.75,TIME,-84.375,-169.375,10264.189453125,10620.888671875,356.69921875
2025-12-26 11:25:00,2025-12-26 11:30:00,26066.75,26062.55078125,TIME,472.412109375,387.412109375,10651.6015625,10651.6015625,0.0
2025-12-26 11:30:00,2025-12-26 11:35:00,26062.55078125,26055.55078125,TIME,787.5,702.5,11354.1015625,11354.1015625,0.0
2025-12-26 11:35:00,2025-12-26 11:40:00,26055.55078125,26055.0,TIME,61.962890625,-23.037109375,11331.064453125,11354.1015625,23.037109375
2025-12-26 11:40:00,2025-12-26 11:45:00,26055.0,26051.349609375,TIME,410.6689453125,325.6689453125,11656.7333984375,11656.7333984375,0.0
2025-12-26 11:45:00,2025-12-26 11:50:00,26051.349609375,26053.5,TIME,-241.9189453125,-326.9189453125,11329.814453125,11656.7333984375,326.9189453125
2025-12-26 11:50:00,2025-12-26 11:55:00,26053.5,26056.599609375,TIME,-348.7060546875,-433.7060546875,10896.1083984375,11656.7333984375,760.625
2025-12-26 11:55:00,2025-12-26 12:00:00,26056.599609375,26056.44921875,TIME,16.9189453125,-68.0810546875,10828.02734375,11656.7333984375,828.7060546875
2025-12-26 12:00:00,2025-12-26 12:05:00,26056.44921875,26055.94921875,TIME,56.25,-28.75,10799.27734375,11656.7333984375,857.4560546875
2025-12-26 12:05:00,2025-12-26 12:10:00,26055.94921875,26056.19921875,TIME,-28.125,-113.125,10686.15234375,11656.7333984375,970.5810546875
2025-12-26 12:10:00,2025-12-26 12:15:00,26056.19921875,26061.55078125,TIME,-602.05078125,-687.05078125,9999.1015625,11656.7333984375,1657.6318359375
2025-12-26 12:25:00,2025-12-26 12:30:00,26062.30078125,26056.150390625,TIME,691.9189453125,606.9189453125,10606.0205078125,11656.7333984375,1050.712890625
2025-12-26 12:30:00,2025-12-26 12:35:00,26056.150390625,26041.80078125,TIME,1614.3310546875,1529.3310546875,12135.3515625,12135.3515625,0.0
2025-12-29 10:25:00,2025-12-29 10:30:00,26029.900390625,26023.849609375,TIME,680.712890625,595.712890625,12731.064453125,12731.064453125,0.0
2025-12-29 10:30:00,2025-12-29 10:35:00,26023.849609375,26020.05078125,TIME,427.3681640625,342.3681640625,13073.4326171875,13073.4326171875,0.0
2025-12-29 10:35:00,2025-12-29 10:40:00,26020.05078125,26014.80078125,TIME,590.625,505.625,13579.0576171875,13579.0576171875,0.0
2025-12-29 10:40:00,2025-12-29 10:45:00,26014.80078125,26005.0,TIME,1102.587890625,1017.587890625,14596.6455078125,14596.6455078125,0.0
2025-12-29 10:45:00,2025-12-29 10:50:00,26005.0,26000.400390625,TIME,517.4560546875,432.4560546875,15029.1015625,15029.1015625,0.0
2025-12-29 10:50:00,2025-12-29 10:51:00,26000.400390625,26009.400390625,SL,-1012.5,-1097.5,13931.6015625,15029.1015625,1097.5
2025-12-29 10:51:00,2025-12-29 10:56:00,26008.900390625,26007.30078125,TIME,179.9560546875,94.9560546875,14026.5576171875,15029.1015625,1002.5439453125
2025-12-29 10:56:00,2025-12-29 11:01:00,26007.30078125,26004.94921875,TIME,264.55078125,179.55078125,14206.1083984375,15029.1015625,822.9931640625
2025-12-29 11:01:00,2025-12-29 11:04:00,26004.94921875,25986.94921875,TP,2025.0,1940.0,16146.1083984375,16146.1083984375,0.0
2025-12-29 11:04:00,2025-12-29 11:09:00,25989.900390625,25984.650390625,TIME,590.625,505.625,16651.7333984375,16651.7333984375,0.0
2025-12-29 11:09:00,2025-12-29 11:14:00,25984.650390625,25983.69921875,TIME,107.0068359375,22.0068359375,16673.740234375,16673.740234375,0.0
2025-12-29 11:14:00,2025-12-29 11:19:00,25983.69921875,25974.94921875,TIME,984.375,899.375,17573.115234375,17573.115234375,0.0
2025-12-29 11:19:00,2025-12-29 11:24:00,25974.94921875,25969.75,TIME,584.912109375,499.912109375,18073.02734375,18073.02734375,0.0
2025-12-29 11:24:00,2025-12-29 11:29:00,25969.75,25974.94921875,TIME,-584.912109375,-669.912109375,17403.115234375,18073.02734375,669.912109375
2025-12-29 11:32:00,2025-12-29 11:37:00,25973.55078125,25973.349609375,TIME,22.6318359375,-62.3681640625,17340.7470703125,18073.02734375,732.2802734375
2025-12-29 11:37:00,2025-12-29 11:42:00,25973.349609375,25972.69921875,TIME,73.1689453125,-11.8310546875,17328.916015625,18073.02734375,744.111328125
2025-12-29 11:42:00,2025-12-29 11:46:00,25972.69921875,25981.69921875,SL,-1012.5,-1097.5,16231.416015625,18073.02734375,1841.611328125
2025-12-29 11:57:00,2025-12-29 12:02:00,25978.19921875,25980.599609375,TIME,-270.0439453125,-355.0439453125,15876.3720703125,18073.02734375,2196.6552734375
2025-12-29 12:02:00,2025-12-29 12:07:00,25980.599609375,25971.80078125,TIME,989.8681640625,904.8681640625,16781.240234375,18073.02734375,1291.787109375
2025-12-29 12:07:00,2025-12-29 12:09:00,25971.80078125,25980.80078125,SL,-1012.5,-1097.5,15683.740234375,18073.02734375,2389.287109375
2025-12-29 12:09:00,2025-12-29 12:14:00,25979.849609375,25979.900390625,TIME,-5.712890625,-90.712890625,15593.02734375,18073.02734375,2480.0
2025-12-29 12:14:00,2025-12-29 12:19:00,25979.900390625,25977.599609375,TIME,258.837890625,173.837890625,15766.865234375,18073.02734375,2306.162109375
2025-12-29 12:19:00,2025-12-29 12:24:00,25977.599609375,25964.599609375,TIME,1462.5,1377.5,17144.365234375,18073.02734375,928.662109375
2025-12-29 12:29:00,2025-12-29 12:34:00,25971.150390625,25959.25,TIME,1338.7939453125,1253.7939453125,18398.1591796875,18398.1591796875,0.0
2025-12-29 12:34:00,2025-12-29 12:39:00,25959.25,25961.75,TIME,-281.25,-366.25,18031.9091796875,18398.1591796875,366.25
2025-12-30 10:36:00,2025-12-30 10:41:00,25958.94921875,25953.349609375,TIME,629.9560546875,544.9560546875,18576.865234375,18576.865234375,0.0
2025-12-30 10:41:00,2025-12-30 10:46:00,25953.349609375,25944.150390625,TIME,1034.912109375,949.912109375,19526.77734375,19526.77734375,0.0
2025-12-30 10:46:00,2025-12-30 10:51:00,25944.150390625,25941.150390625,TIME,337.5,252.5,19779.27734375,19779.27734375,0.0
2025-12-30 10:51:00,2025-12-30 10:56:00,25941.150390625,25930.349609375,TIME,1215.087890625,1130.087890625,20909.365234375,20909.365234375,0.0
2025-12-30 10:56:00,2025-12-30 11:01:00,25930.349609375,25928.849609375,TIME,168.75,83.75,20993.115234375,20993.115234375,0.0
2025-12-30 11:01:00,2025-12-30 11:06:00,25928.849609375,25927.599609375,TIME,140.625,55.625,21048.740234375,21048.740234375,0.0
2025-12-30 11:06:00,2025-12-30 11:11:00,25927.599609375,25918.75,TIME,995.5810546875,910.5810546875,21959.3212890625,21959.3212890625,0.0
2025-12-30 11:11:00,2025-12-30 11:16:00,25918.75,25923.80078125,TIME,-568.212890625,-653.212890625,21306.1083984375,21959.3212890625,653.212890625
2025-12-30 11:16:00,2025-12-30 11:21:00,25923.80078125,25921.099609375,TIME,303.8818359375,218.8818359375,21524.990234375,21959.3212890625,434.3310546875
2025-12-30 11:21:00,2025-12-30 11:26:00,25921.099609375,25920.05078125,TIME,117.9931640625,32.9931640625,21557.9833984375,21959.3212890625,401.337890625
2025-12-30 11:26:00,2025-12-30 11:31:00,25920.05078125,25912.19921875,TIME,883.30078125,798.30078125,22356.2841796875,22356.2841796875,0.0
2025-12-30 11:31:00,2025-12-30 11:35:00,25912.19921875,25894.19921875,TP,2025.0,1940.0,24296.2841796875,24296.2841796875,0.0
2025-12-30 11:36:00,2025-12-30 11:41:00,25900.349609375,25902.599609375,TIME,-253.125,-338.125,23958.1591796875,24296.2841796875,338.125
2025-12-30 11:41:00,2025-12-30 11:45:00,25902.599609375,25911.599609375,SL,-1012.5,-1097.5,22860.6591796875,24296.2841796875,1435.625
2025-12-30 11:46:00,2025-12-30 11:51:00,25911.0,25910.30078125,TIME,78.662109375,-6.337890625,22854.3212890625,24296.2841796875,1441.962890625
2025-12-30 11:51:00,2025-12-30 11:56:00,25910.30078125,25898.25,TIME,1355.712890625,1270.712890625,24125.0341796875,24296.2841796875,171.25
2025-12-30 12:01:00,2025-12-30 12:06:00,25895.0,25894.400390625,TIME,67.4560546875,-17.5439453125,24107.490234375,24296.2841796875,188.7939453125
2025-12-30 12:06:00,2025-12-30 12:09:00,25894.400390625,25903.400390625,SL,-1012.5,-1097.5,23009.990234375,24296.2841796875,1286.2939453125
2025-12-30 12:09:00,2025-12-30 12:14:00,25901.30078125,25883.30078125,TP,2025.0,1940.0,24949.990234375,24949.990234375,0.0
2025-12-30 12:14:00,2025-12-30 12:19:00,25884.80078125,25893.80078125,SL,-1012.5,-1097.5,23852.490234375,24949.990234375,1097.5
2025-12-30 12:19:00,2025-12-30 12:24:00,25890.94921875,25888.900390625,TIME,230.4931640625,145.4931640625,23997.9833984375,24949.990234375,952.0068359375
2025-12-30 12:24:00,2025-12-30 12:29:00,25888.900390625,25885.900390625,TIME,337.5,252.5,24250.4833984375,24949.990234375,699.5068359375
2025-12-30 12:29:00,2025-12-30 12:34:00,25885.900390625,25894.900390625,SL,-1012.5,-1097.5,23152.9833984375,24949.990234375,1797.0068359375
2025-12-30 12:34:00,2025-12-30 12:39:00,25894.30078125,25903.30078125,SL,-1012.5,-1097.5,22055.4833984375,24949.990234375,2894.5068359375
2025-12-31 10:37:00,2025-12-31 10:41:00,26024.349609375,26033.349609375,SL,-1012.5,-1097.5,20957.9833984375,24949.990234375,3992.0068359375
2025-12-31 10:51:00,2025-12-31 10:56:00,26036.55078125,26038.150390625,TIME,-179.9560546875,-264.9560546875,20693.02734375,24949.990234375,4256.962890625
2025-12-31 10:56:00,2025-12-31 11:00:00,26038.150390625,26047.150390625,SL,-1012.5,-1097.5,19595.52734375,24949.990234375,5354.462890625
2025-12-31 11:09:00,2025-12-31 11:14:00,26048.19921875,26057.19921875,SL,-1012.5,-1097.5,18498.02734375,24949.990234375,6451.962890625
2025-12-31 11:28:00,2025-12-31 11:33:00,26045.55078125,26045.94921875,TIME,-44.82421875,-129.82421875,18368.203125,24949.990234375,6581.787109375
2025-12-31 11:33:00,2025-12-31 11:36:00,26045.94921875,26054.94921875,SL,-1012.5,-1097.5,17270.703125,24949.990234375,7679.287109375
2026-01-01 10:42:00,2026-01-01 10:46:00,26157.55078125,26166.55078125,SL,-1012.5,-1097.5,16173.203125,24949.990234375,8776.787109375
2026-01-01 10:55:00,2026-01-01 11:00:00,26177.900390625,26171.5,TIME,720.0439453125,635.0439453125,16808.2470703125,24949.990234375,8141.7431640625
2026-01-01 11:00:00,2026-01-01 11:01:00,26171.5,26180.5,SL,-1012.5,-1097.5,15710.7470703125,24949.990234375,9239.2431640625
2026-01-01 11:01:00,2026-01-01 11:06:00,26177.150390625,26165.900390625,TIME,1265.625,1180.625,16891.3720703125,24949.990234375,8058.6181640625
2026-01-01 11:06:00,2026-01-01 11:11:00,26165.900390625,26161.30078125,TIME,517.4560546875,432.4560546875,17323.828125,24949.990234375,7626.162109375
2026-01-01 11:11:00,2026-01-01 11:12:00,26161.30078125,26170.30078125,SL,-1012.5,-1097.5,16226.328125,24949.990234375,8723.662109375
2026-01-01 11:12:00,2026-01-01 11:17:00,26170.349609375,26162.599609375,TIME,871.875,786.875,17013.203125,24949.990234375,7936.787109375
2026-01-01 11:17:00,2026-01-01 11:21:00,26162.599609375,26171.599609375,SL,-1012.5,-1097.5,15915.703125,24949.990234375,9034.287109375
2026-01-01 11:21:00,2026-01-01 11:26:00,26173.19921875,26170.44921875,TIME,309.375,224.375,16140.078125,24949.990234375,8809.912109375
2026-01-01 11:26:00,2026-01-01 11:31:00,26170.44921875,26170.25,TIME,22.412109375,-62.587890625,16077.490234375,24949.990234375,8872.5
2026-01-01 11:31:00,2026-01-01 11:36:00,26170.25,26160.69921875,TIME,1074.462890625,989.462890625,17066.953125,24949.990234375,7883.037109375
2026-01-01 11:36:00,2026-01-01 11:41:00,26160.69921875,26157.5,TIME,359.912109375,274.912109375,17341.865234375,24949.990234375,7608.125
2026-01-01 11:51:00,2026-01-01 11:54:00,26139.099609375,26148.099609375,SL,-1012.5,-1097.5,16244.365234375,24949.990234375,8705.625
2026-01-01 11:55:00,2026-01-01 11:59:00,26143.849609375,26152.849609375,SL,-1012.5,-1097.5,15146.865234375,24949.990234375,9803.125
2026-01-01 12:00:00,2026-01-01 12:05:00,26153.849609375,26138.599609375,TIME,1715.625,1630.625,16777.490234375,24949.990234375,8172.5
2026-01-01 12:05:00,2026-01-01 12:10:00,26138.599609375,26133.400390625,TIME,584.912109375,499.912109375,17277.40234375,24949.990234375,7672.587890625
2026-01-02 10:26:00,2026-01-02 10:31:00,26250.349609375,26246.55078125,TIME,427.3681640625,342.3681640625,17619.7705078125,24949.990234375,7330.2197265625
2026-01-02 10:31:00,2026-01-02 10:36:00,26246.55078125,26249.19921875,TIME,-297.94921875,-382.94921875,17236.8212890625,24949.990234375,7713.1689453125
2026-01-02 10:36:00,2026-01-02 10:41:00,26249.19921875,26258.19921875,SL,-1012.5,-1097.5,16139.3212890625,24949.990234375,8810.6689453125
2026-01-02 10:41:00,2026-01-02 10:46:00,26257.099609375,26257.349609375,TIME,-28.125,-113.125,16026.1962890625,24949.990234375,8923.7939453125
2026-01-02 10:46:00,2026-01-02 10:50:00,26257.349609375,26266.349609375,SL,-1012.5,-1097.5,14928.6962890625,24949.990234375,10021.2939453125
2026-01-02 10:52:00,2026-01-02 10:57:00,26260.349609375,26258.099609375,TIME,253.125,168.125,15096.8212890625,24949.990234375,9853.1689453125
2026-01-02 10:57:00,2026-01-02 11:02:00,26258.099609375,26256.44921875,TIME,185.6689453125,100.6689453125,15197.490234375,24949.990234375,9752.5
2026-01-02 11:02:00,2026-01-02 11:07:00,26256.44921875,26252.05078125,TIME,494.82421875,409.82421875,15607.314453125,24949.990234375,9342.67578125
2026-01-02 11:07:00,2026-01-02 11:12:00,26252.05078125,26251.0,TIME,118.212890625,33.212890625,15640.52734375,24949.990234375,9309.462890625
2026-01-02 11:12:00,2026-01-02 11:17:00,26251.0,26259.30078125,TIME,-933.837890625,-1018.837890625,14621.689453125,24949.990234375,10328.30078125
2026-01-02 11:17:00,2026-01-02 11:21:00,26259.30078125,26268.30078125,SL,-1012.5,-1097.5,13524.189453125,24949.990234375,11425.80078125
2026-01-02 12:16:00,2026-01-02 12:21:00,26284.19921875,26290.150390625,TIME,-669.5068359375,-754.5068359375,12769.6826171875,24949.990234375,12180.3076171875
2026-01-02 12:21:00,2026-01-02 12:25:00,26290.150390625,26299.150390625,SL,-1012.5,-1097.5,11672.1826171875,24949.990234375,13277.8076171875
2026-01-05 10:34:00,2026-01-05 10:39:00,26352.599609375,26361.599609375,SL,-1012.5,-1097.5,10574.6826171875,24949.990234375,14375.3076171875
2026-01-05 10:39:00,2026-01-05 10:41:00,26363.0,26345.0,TP,2025.0,1940.0,12514.6826171875,24949.990234375,12435.3076171875
2026-01-05 10:49:00,2026-01-05 10:52:00,26352.150390625,26361.150390625,SL,-1012.5,-1097.5,11417.1826171875,24949.990234375,13532.8076171875
2026-01-05 10:52:00,2026-01-05 10:57:00,26358.650390625,26357.650390625,TIME,112.5,27.5,11444.6826171875,24949.990234375,13505.3076171875
2026-01-05 10:57:00,2026-01-05 11:02:00,26357.650390625,26363.599609375,TIME,-669.287109375,-754.287109375,10690.3955078125,24949.990234375,14259.5947265625
2026-01-05 11:06:00,2026-01-05 11:11:00,26354.900390625,26356.55078125,TIME,-185.6689453125,-270.6689453125,10419.7265625,24949.990234375,14530.263671875
2026-01-05 11:11:00,2026-01-05 11:16:00,26356.55078125,26350.44921875,TIME,686.42578125,601.42578125,11021.15234375,24949.990234375,13928.837890625
2026-01-05 11:16:00,2026-01-05 11:21:00,26350.44921875,26341.5,TIME,1006.787109375,921.787109375,11942.939453125,24949.990234375,13007.05078125
2026-01-05 11:21:00,2026-01-05 11:23:00,26341.5,26323.5,TP,2025.0,1940.0,13882.939453125,24949.990234375,11067.05078125
2026-01-05 11:39:00,2026-01-05 11:42:00,26325.30078125,26334.30078125,SL,-1012.5,-1097.5,12785.439453125,24949.990234375,12164.55078125
2026-01-05 11:45:00,2026-01-05 11:50:00,26338.400390625,26338.05078125,TIME,39.3310546875,-45.6689453125,12739.7705078125,24949.990234375,12210.2197265625
2026-01-05 11:51:00,2026-01-05 11:56:00,26331.849609375,26326.94921875,TIME,551.2939453125,466.2939453125,13206.064453125,24949.990234375,11743.92578125
2026-01-05 11:56:00,2026-01-05 11:58:00,26326.94921875,26335.94921875,SL,-1012.5,-1097.5,12108.564453125,24949.990234375,12841.42578125
2026-01-05 12:08:00,2026-01-05 12:12:00,26319.69921875,26328.69921875,SL,-1012.5,-1097.5,11011.064453125,24949.990234375,13938.92578125
2026-01-05 12:12:00,2026-01-05 12:17:00,26330.05078125,26339.05078125,SL,-1012.5,-1097.5,9913.564453125,24949.990234375,15036.42578125
2026-01-05 12:35:00,2026-01-05 12:40:00,26333.900390625,26334.599609375,TIME,-78.662109375,-163.662109375,9749.90234375,24949.990234375,15200.087890625
2026-01-06 10:27:00,2026-01-06 10:32:00,26223.80078125,26232.80078125,SL,-1012.5,-1097.5,8652.40234375,24949.990234375,16297.587890625
2026-01-06 10:32:00,2026-01-06 10:37:00,26232.05078125,26214.05078125,TP,2025.0,1940.0,10592.40234375,24949.990234375,14357.587890625
2026-01-06 10:46:00,2026-01-06 10:51:00,26212.05078125,26212.599609375,TIME,-61.7431640625,-146.7431640625,10445.6591796875,24949.990234375,14504.3310546875
2026-01-06 10:51:00,2026-01-06 10:56:00,26212.599609375,26211.349609375,TIME,140.625,55.625,10501.2841796875,24949.990234375,14448.7060546875
2026-01-06 10:56:00,2026-01-06 11:01:00,26211.349609375,26206.900390625,TIME,500.537109375,415.537109375,10916.8212890625,24949.990234375,14033.1689453125
2026-01-06 11:01:00,2026-01-06 11:04:00,26206.900390625,26215.900390625,SL,-1012.5,-1097.5,9819.3212890625,24949.990234375,15130.6689453125
2026-01-06 11:04:00,2026-01-06 11:09:00,26213.44921875,26219.0,TIME,-624.462890625,-709.462890625,9109.8583984375,24949.990234375,15840.1318359375
2026-01-06 11:10:00,2026-01-06 11:15:00,26208.44921875,26190.44921875,TP,2025.0,1940.0,11049.8583984375,24949.990234375,13900.1318359375
2026-01-06 11:35:00,2026-01-06 11:37:00,26168.650390625,26177.650390625,SL,-1012.5,-1097.5,9952.3583984375,24949.990234375,14997.6318359375
2026-01-06 11:37:00,2026-01-06 11:42:00,26177.69921875,26179.900390625,TIME,-247.6318359375,-332.6318359375,9619.7265625,24949.990234375,15330.263671875
2026-01-06 11:59:00,2026-01-06 12:04:00,26174.5,26175.94921875,TIME,-163.037109375,-248.037109375,9371.689453125,24949.990234375,15578.30078125
2026-01-06 12:04:00,2026-01-06 12:08:00,26175.94921875,26157.94921875,TP,2025.0,1940.0,11311.689453125,24949.990234375,13638.30078125
2026-01-06 12:14:00,2026-01-06 12:19:00,26167.650390625,26163.650390625,TIME,450.0,365.0,11676.689453125,24949.990234375,13273.30078125
2026-01-06 12:19:00,2026-01-06 12:24:00,26163.650390625,26152.69921875,TIME,1232.0068359375,1147.0068359375,12823.6962890625,24949.990234375,12126.2939453125
2026-01-06 12:24:00,2026-01-06 12:28:00,26152.69921875,26161.69921875,SL,-1012.5,-1097.5,11726.1962890625,24949.990234375,13223.7939453125
2026-01-06 12:28:00,2026-01-06 12:33:00,26161.94921875,26165.150390625,TIME,-360.1318359375,-445.1318359375,11281.064453125,24949.990234375,13668.92578125
2026-01-06 12:33:00,2026-01-06 12:38:00,26165.150390625,26160.75,TIME,495.0439453125,410.0439453125,11691.1083984375,24949.990234375,13258.8818359375
2026-01-07 10:30:00,2026-01-07 10:32:00,26130.44921875,26139.44921875,SL,-1012.5,-1097.5,10593.6083984375,24949.990234375,14356.3818359375
2026-01-07 10:32:00,2026-01-07 10:37:00,26140.44921875,26127.599609375,TIME,1445.5810546875,1360.5810546875,11954.189453125,24949.990234375,12995.80078125
2026-01-07 10:37:00,2026-01-07 10:39:00,26127.599609375,26136.599609375,SL,-1012.5,-1097.5,10856.689453125,24949.990234375,14093.30078125
2026-01-07 10:41:00,2026-01-07 10:45:00,26138.75,26147.75,SL,-1012.5,-1097.5,9759.189453125,24949.990234375,15190.80078125
2026-01-07 10:45:00,2026-01-07 10:50:00,26141.150390625,26146.849609375,TIME,-641.162109375,-726.162109375,9033.02734375,24949.990234375,15916.962890625
2026-01-07 10:50:00,2026-01-07 10:53:00,26146.849609375,26155.849609375,SL,-1012.5,-1097.5,7935.52734375,24949.990234375,17014.462890625
2026-01-07 11:09:00,2026-01-07 11:12:00,26171.650390625,26153.650390625,TP,2025.0,1940.0,9875.52734375,24949.990234375,15074.462890625
2026-01-07 11:14:00,2026-01-07 11:19:00,26151.599609375,26152.849609375,TIME,-140.625,-225.625,9649.90234375,24949.990234375,15300.087890625
2026-01-07 11:21:00,2026-01-07 11:24:00,26151.599609375,26133.599609375,TP,2025.0,1940.0,11589.90234375,24949.990234375,13360.087890625
2026-01-07 11:44:00,2026-01-07 11:49:00,26143.19921875,26135.650390625,TIME,849.2431640625,764.2431640625,12354.1455078125,24949.990234375,12595.8447265625
2026-01-07 11:49:00,2026-01-07 11:54:00,26135.650390625,26121.44921875,TIME,1597.6318359375,1512.6318359375,13866.77734375,24949.990234375,11083.212890625
2026-01-07 11:55:00,2026-01-07 12:00:00,26126.69921875,26121.55078125,TIME,579.19921875,494.19921875,14360.9765625,24949.990234375,10589.013671875
2026-01-07 12:00:00,2026-01-07 12:05:00,26121.55078125,26112.099609375,TIME,1063.2568359375,978.2568359375,15339.2333984375,24949.990234375,9610.7568359375
2026-01-07 12:05:00,2026-01-07 12:10:00,26112.099609375,26110.44921875,TIME,185.6689453125,100.6689453125,15439.90234375,24949.990234375,9510.087890625
2026-01-07 12:10:00,2026-01-07 12:15:00,26110.44921875,26107.400390625,TIME,342.9931640625,257.9931640625,15697.8955078125,24949.990234375,9252.0947265625
2026-01-07 12:15:00,2026-01-07 12:20:00,26107.400390625,26103.30078125,TIME,461.2060546875,376.2060546875,16074.1015625,24949.990234375,8875.888671875
2026-01-07 12:20:00,2026-01-07 12:25:00,26103.30078125,26106.55078125,TIME,-365.625,-450.625,15623.4765625,24949.990234375,9326.513671875
2026-01-07 12:25:00,2026-01-07 12:30:00,26106.55078125,26108.849609375,TIME,-258.6181640625,-343.6181640625,15279.8583984375,24949.990234375,9670.1318359375
2026-01-07 12:31:00,2026-01-07 12:36:00,26106.69921875,26101.69921875,TIME,562.5,477.5,15757.3583984375,24949.990234375,9192.6318359375
2026-01-08 10:30:00,2026-01-08 10:35:00,26034.30078125,26040.94921875,TIME,-747.94921875,-832.94921875,14924.4091796875,24949.990234375,10025.5810546875
2026-01-08 10:35:00,2026-01-08 10:40:00,26040.94921875,26026.80078125,TIME,1591.69921875,1506.69921875,16431.1083984375,24949.990234375,8518.8818359375
2026-01-08 10:40:00,2026-01-08 10:44:00,26026.80078125,26035.80078125,SL,-1012.5,-1097.5,15333.6083984375,24949.990234375,9616.3818359375
2026-01-08 10:44:00,2026-01-08 10:49:00,26031.599609375,26027.0,TIME,517.4560546875,432.4560546875,15766.064453125,24949.990234375,9183.92578125
2026-01-08 10:49:00,2026-01-08 10:54:00,26027.0,26021.55078125,TIME,613.037109375,528.037109375,16294.1015625,24949.990234375,8655.888671875
2026-01-08 10:54:00,2026-01-08 10:59:00,26021.55078125,26016.900390625,TIME,523.1689453125,438.1689453125,16732.2705078125,24949.990234375,8217.7197265625
2026-01-08 10:59:00,2026-01-08 11:04:00,26016.900390625,26016.80078125,TIME,11.2060546875,-73.7939453125,16658.4765625,24949.990234375,8291.513671875
2026-01-08 11:04:00,2026-01-08 11:09:00,26016.80078125,26014.5,TIME,258.837890625,173.837890625,16832.314453125,24949.990234375,8117.67578125
2026-01-08 11:09:00,2026-01-08 11:14:00,26014.5,26003.80078125,TIME,1203.662109375,1118.662109375,17950.9765625,24949.990234375,6999.013671875
2026-01-08 11:14:00,2026-01-08 11:19:00,26003.80078125,25999.0,TIME,540.087890625,455.087890625,18406.064453125,24949.990234375,6543.92578125
2026-01-08 11:37:00,2026-01-08 11:40:00,25977.400390625,25986.400390625,SL,-1012.5,-1097.5,17308.564453125,24949.990234375,7641.42578125
2026-01-08 11:41:00,2026-01-08 11:46:00,25983.150390625,25971.19921875,TIME,1344.5068359375,1259.5068359375,18568.0712890625,24949.990234375,6381.9189453125
2026-01-08 11:46:00,2026-01-08 11:51:00,25971.19921875,25960.900390625,TIME,1158.6181640625,1073.6181640625,19641.689453125,24949.990234375,5308.30078125
2026-01-08 11:51:00,2026-01-08 11:56:00,25960.900390625,25956.400390625,TIME,506.25,421.25,20062.939453125,24949.990234375,4887.05078125
2026-01-08 11:56:00,2026-01-08 11:59:00,25956.400390625,25938.400390625,TP,2025.0,1940.0,22002.939453125,24949.990234375,2947.05078125
2026-01-08 12:19:00,2026-01-08 12:24:00,25930.849609375,25923.30078125,TIME,849.2431640625,764.2431640625,22767.1826171875,24949.990234375,2182.8076171875
2026-01-08 12:24:00,2026-01-08 12:25:00,25923.30078125,25932.30078125,SL,-1012.5,-1097.5,21669.6826171875,24949.990234375,3280.3076171875
2026-01-08 12:26:00,2026-01-08 12:31:00,25938.55078125,25925.150390625,TIME,1507.5439453125,1422.5439453125,23092.2265625,24949.990234375,1857.763671875
2026-01-09 10:47:00,2026-01-09 10:52:00,25865.55078125,25847.55078125,TP,2025.0,1940.0,25032.2265625,25032.2265625,0.0
2026-01-09 11:11:00,2026-01-09 11:16:00,25816.80078125,25798.80078125,TP,2025.0,1940.0,26972.2265625,26972.2265625,0.0
2026-01-09 11:26:00,2026-01-09 11:30:00,25801.900390625,25810.900390625,SL,-1012.5,-1097.5,25874.7265625,26972.2265625,1097.5
2026-01-09 11:30:00,2026-01-09 11:31:00,25809.400390625,25818.400390625,SL,-1012.5,-1097.5,24777.2265625,26972.2265625,2195.0
2026-01-09 11:32:00,2026-01-09 11:34:00,25815.5,25797.5,TP,2025.0,1940.0,26717.2265625,26972.2265625,255.0
2026-01-09 12:04:00,2026-01-09 12:09:00,25756.05078125,25749.849609375,TIME,697.6318359375,612.6318359375,27329.8583984375,27329.8583984375,0.0
2026-01-09 12:09:00,2026-01-09 12:14:00,25749.849609375,25739.349609375,TIME,1181.25,1096.25,28426.1083984375,28426.1083984375,0.0
2026-01-09 12:15:00,2026-01-09 12:16:00,25744.849609375,25753.849609375,SL,-1012.5,-1097.5,27328.6083984375,28426.1083984375,1097.5
2026-01-09 12:26:00,2026-01-09 12:31:00,25732.150390625,25722.599609375,TIME,1074.462890625,989.462890625,28318.0712890625,28426.1083984375,108.037109375
2026-01-12 10:37:00,2026-01-12 10:42:00,25567.099609375,25561.05078125,TIME,680.4931640625,595.4931640625,28913.564453125,28913.564453125,0.0
2026-01-12 10:59:00,2026-01-12 11:04:00,25547.349609375,25547.349609375,TIME,-0.0,-85.0,28828.564453125,28913.564453125,85.0
2026-01-12 11:04:00,2026-01-12 11:09:00,25547.349609375,25541.400390625,TIME,669.287109375,584.287109375,29412.8515625,29412.8515625,0.0
2026-01-12 11:09:00,2026-01-12 11:14:00,25541.400390625,25532.849609375,TIME,961.962890625,876.962890625,30289.814453125,30289.814453125,0.0
2026-01-12 11:14:00,2026-01-12 11:17:00,25532.849609375,25514.849609375,TP,2025.0,1940.0,32229.814453125,32229.814453125,0.0
2026-01-12 11:56:00,2026-01-12 11:59:00,25493.30078125,25502.30078125,SL,-1012.5,-1097.5,31132.314453125,32229.814453125,1097.5
2026-01-14 12:27:00,2026-01-14 12:32:00,25758.099609375,25767.099609375,SL,-1012.5,-1097.5,30034.814453125,32229.814453125,2195.0
2026-01-14 12:32:00,2026-01-14 12:36:00,25766.80078125,25775.80078125,SL,-1012.5,-1097.5,28937.314453125,32229.814453125,3292.5
2026-01-16 10:55:00,2026-01-16 11:00:00,25842.900390625,25831.099609375,TIME,1327.587890625,1242.587890625,30179.90234375,32229.814453125,2049.912109375
2026-01-16 11:00:00,2026-01-16 11:02:00,25831.099609375,25840.099609375,SL,-1012.5,-1097.5,29082.40234375,32229.814453125,3147.412109375
2026-01-16 11:02:00,2026-01-16 11:07:00,25838.900390625,25820.900390625,TP,2025.0,1940.0,31022.40234375,32229.814453125,1207.412109375
2026-01-16 11:07:00,2026-01-16 11:09:00,25827.099609375,25836.099609375,SL,-1012.5,-1097.5,29924.90234375,32229.814453125,2304.912109375
2026-01-16 11:09:00,2026-01-16 11:13:00,25829.400390625,25811.400390625,TP,2025.0,1940.0,31864.90234375,32229.814453125,364.912109375
2026-01-16 11:43:00,2026-01-16 11:48:00,25801.849609375,25783.849609375,TP,2025.0,1940.0,33804.90234375,33804.90234375,0.0
2026-01-16 12:02:00,2026-01-16 12:03:00,25777.650390625,25786.650390625,SL,-1012.5,-1097.5,32707.40234375,33804.90234375,1097.5
2026-01-23 10:45:00,2026-01-23 10:48:00,25297.349609375,25279.349609375,TP,2025.0,1940.0,34647.40234375,34647.40234375,0.0
2026-01-23 10:48:00,2026-01-23 10:50:00,25273.25,25282.25,SL,-1012.5,-1097.5,33549.90234375,34647.40234375,1097.5
2026-01-23 10:52:00,2026-01-23 10:57:00,25276.94921875,25282.19921875,TIME,-590.625,-675.625,32874.27734375,34647.40234375,1773.125
2026-01-23 10:58:00,2026-01-23 11:00:00,25275.19921875,25284.19921875,SL,-1012.5,-1097.5,31776.77734375,34647.40234375,2870.625
2026-01-23 11:00:00,2026-01-23 11:05:00,25279.69921875,25270.349609375,TIME,1051.8310546875,966.8310546875,32743.6083984375,34647.40234375,1903.7939453125
2026-01-23 11:07:00,2026-01-23 11:09:00,25268.55078125,25277.55078125,SL,-1012.5,-1097.5,31646.1083984375,34647.40234375,3001.2939453125
2026-01-23 11:09:00,2026-01-23 11:10:00,25274.150390625,25283.150390625,SL,-1012.5,-1097.5,30548.6083984375,34647.40234375,4098.7939453125
2026-01-23 11:10:00,2026-01-23 11:12:00,25281.599609375,25290.599609375,SL,-1012.5,-1097.5,29451.1083984375,34647.40234375,5196.2939453125
2026-01-23 11:13:00,2026-01-23 11:18:00,25288.75,25270.75,TP,2025.0,1940.0,31391.1083984375,34647.40234375,3256.2939453125
2026-01-23 11:28:00,2026-01-23 11:33:00,25276.0,25260.25,TIME,1771.875,1686.875,33077.9833984375,34647.40234375,1569.4189453125
2026-01-23 11:34:00,2026-01-23 11:39:00,25256.400390625,25238.400390625,TP,2025.0,1940.0,35017.9833984375,35017.9833984375,0.0
2026-01-28 12:17:00,2026-01-28 12:22:00,25314.69921875,25296.69921875,TP,2025.0,1940.0,36957.9833984375,36957.9833984375,0.0
2026-01-28 12:23:00,2026-01-28 12:25:00,25295.94921875,25277.94921875,TP,2025.0,1940.0,38897.9833984375,38897.9833984375,0.0
2026-01-29 12:02:00,2026-01-29 12:03:00,25258.75,25267.75,SL,-1012.5,-1097.5,37800.4833984375,38897.9833984375,1097.5
2026-01-29 12:03:00,2026-01-29 12:05:00,25262.19921875,25271.19921875,SL,-1012.5,-1097.5,36702.9833984375,38897.9833984375,2195.0
2026-01-29 12:05:00,2026-01-29 12:09:00,25265.599609375,25274.599609375,SL,-1012.5,-1097.5,35605.4833984375,38897.9833984375,3292.5
2026-01-30 10:31:00,2026-01-30 10:32:00,25275.900390625,25284.900390625,SL,-1012.5,-1097.5,34507.9833984375,38897.9833984375,4390.0
2026-01-30 10:53:00,2026-01-30 10:55:00,25292.19921875,25301.19921875,SL,-1012.5,-1097.5,33410.4833984375,38897.9833984375,5487.5
2026-01-30 10:55:00,2026-01-30 10:56:00,25296.25,25305.25,SL,-1012.5,-1097.5,32312.9833984375,38897.9833984375,6585.0
2026-01-30 11:00:00,2026-01-30 11:05:00,25302.400390625,25300.650390625,TIME,196.875,111.875,32424.8583984375,38897.9833984375,6473.125
2026-01-30 11:05:00,2026-01-30 11:07:00,25300.650390625,25282.650390625,TP,2025.0,1940.0,34364.8583984375,38897.9833984375,4533.125
2026-01-30 11:07:00,2026-01-30 11:09:00,25288.150390625,25270.150390625,TP,2025.0,1940.0,36304.8583984375,38897.9833984375,2593.125
2026-01-30 11:09:00,2026-01-30 11:10:00,25277.19921875,25259.19921875,TP,2025.0,1940.0,38244.8583984375,38897.9833984375,653.125
2026-01-30 11:11:00,2026-01-30 11:16:00,25257.69921875,25258.5,TIME,-90.087890625,-175.087890625,38069.7705078125,38897.9833984375,828.212890625
2026-01-30 12:08:00,2026-01-30 12:10:00,25264.05078125,25273.05078125,SL,-1012.5,-1097.5,36972.2705078125,38897.9833984375,1925.712890625
2026-02-03 11:12:00,2026-02-03 11:14:00,25776.0,25785.0,SL,-1012.5,-1097.5,35874.7705078125,38897.9833984375,3023.212890625
2026-02-03 11:14:00,2026-02-03 11:15:00,25778.5,25787.5,SL,-1012.5,-1097.5,34777.2705078125,38897.9833984375,4120.712890625
2026-02-03 11:15:00,2026-02-03 11:18:00,25785.150390625,25794.150390625,SL,-1012.5,-1097.5,33679.7705078125,38897.9833984375,5218.212890625
2026-02-03 11:18:00,2026-02-03 11:23:00,25785.44921875,25794.44921875,SL,-1012.5,-1097.5,32582.2705078125,38897.9833984375,6315.712890625
2026-02-03 12:22:00,2026-02-03 12:25:00,25827.69921875,25809.69921875,TP,2025.0,1940.0,34522.2705078125,38897.9833984375,4375.712890625
2026-02-03 12:27:00,2026-02-03 12:29:00,25808.400390625,25790.400390625,TP,2025.0,1940.0,36462.2705078125,38897.9833984375,2435.712890625
2026-02-04 10:49:00,2026-02-04 10:54:00,25749.55078125,25749.849609375,TIME,-33.6181640625,-118.6181640625,36343.65234375,38897.9833984375,2554.3310546875
2026-02-04 10:54:00,2026-02-04 10:59:00,25749.849609375,25736.599609375,TIME,1490.625,1405.625,37749.27734375,38897.9833984375,1148.7060546875
2026-02-04 10:59:00,2026-02-04 11:00:00,25736.599609375,25745.599609375,SL,-1012.5,-1097.5,36651.77734375,38897.9833984375,2246.2060546875
2026-02-04 11:00:00,2026-02-04 11:01:00,25745.900390625,25754.900390625,SL,-1012.5,-1097.5,35554.27734375,38897.9833984375,3343.7060546875
2026-02-04 11:03:00,2026-02-04 11:04:00,25745.55078125,25754.55078125,SL,-1012.5,-1097.5,34456.77734375,38897.9833984375,4441.2060546875
2026-02-04 11:39:00,2026-02-04 11:41:00,25705.349609375,25714.349609375,SL,-1012.5,-1097.5,33359.27734375,38897.9833984375,5538.7060546875
2026-02-04 11:41:00,2026-02-04 11:42:00,25710.849609375,25719.849609375,SL,-1012.5,-1097.5,32261.77734375,38897.9833984375,6636.2060546875
2026-02-04 11:42:00,2026-02-04 11:45:00,25715.0,25724.0,SL,-1012.5,-1097.5,31164.27734375,38897.9833984375,7733.7060546875
2026-02-05 10:34:00,2026-02-05 10:39:00,25648.650390625,25630.650390625,TP,2025.0,1940.0,33104.27734375,38897.9833984375,5793.7060546875
2026-02-05 10:39:00,2026-02-05 10:41:00,25633.0,25642.0,SL,-1012.5,-1097.5,32006.77734375,38897.9833984375,6891.2060546875
2026-02-05 10:52:00,2026-02-05 10:55:00,25647.349609375,25629.349609375,TP,2025.0,1940.0,33946.77734375,38897.9833984375,4951.2060546875
2026-02-05 10:55:00,2026-02-05 11:00:00,25633.55078125,25624.349609375,TIME,1035.1318359375,950.1318359375,34896.9091796875,38897.9833984375,4001.07421875
2026-02-05 11:00:00,2026-02-05 11:03:00,25624.349609375,25633.349609375,SL,-1012.5,-1097.5,33799.4091796875,38897.9833984375,5098.57421875
2026-02-05 11:29:00,2026-02-05 11:30:00,25653.69921875,25662.69921875,SL,-1012.5,-1097.5,32701.9091796875,38897.9833984375,6196.07421875
2026-02-05 11:30:00,2026-02-05 11:31:00,25652.55078125,25661.55078125,SL,-1012.5,-1097.5,31604.4091796875,38897.9833984375,7293.57421875
2026-02-05 11:59:00,2026-02-05 12:04:00,25643.900390625,25652.900390625,SL,-1012.5,-1097.5,30506.9091796875,38897.9833984375,8391.07421875
2026-02-05 12:14:00,2026-02-05 12:19:00,25630.0,25620.099609375,TIME,1113.7939453125,1028.7939453125,31535.703125,38897.9833984375,7362.2802734375
2026-02-05 12:19:00,2026-02-05 12:24:00,25620.099609375,25613.5,TIME,742.4560546875,657.4560546875,32193.1591796875,38897.9833984375,6704.82421875
2026-02-05 12:26:00,2026-02-05 12:27:00,25614.94921875,25623.94921875,SL,-1012.5,-1097.5,31095.6591796875,38897.9833984375,7802.32421875
2026-02-05 12:28:00,2026-02-05 12:31:00,25619.900390625,25628.900390625,SL,-1012.5,-1097.5,29998.1591796875,38897.9833984375,8899.82421875
2026-02-06 10:54:00,2026-02-06 10:58:00,25504.94921875,25513.94921875,SL,-1012.5,-1097.5,28900.6591796875,38897.9833984375,9997.32421875
2026-02-06 10:58:00,2026-02-06 10:59:00,25511.599609375,25520.599609375,SL,-1012.5,-1097.5,27803.1591796875,38897.9833984375,11094.82421875
2026-02-06 10:59:00,2026-02-06 11:00:00,25514.599609375,25523.599609375,SL,-1012.5,-1097.5,26705.6591796875,38897.9833984375,12192.32421875
2026-02-09 10:38:00,2026-02-09 10:39:00,25833.900390625,25842.900390625,SL,-1012.5,-1097.5,25608.1591796875,38897.9833984375,13289.82421875
2026-02-09 10:50:00,2026-02-09 10:51:00,25847.19921875,25856.19921875,SL,-1012.5,-1097.5,24510.6591796875,38897.9833984375,14387.32421875
2026-02-09 11:03:00,2026-02-09 11:08:00,25860.19921875,25862.849609375,TIME,-298.1689453125,-383.1689453125,24127.490234375,38897.9833984375,14770.4931640625
2026-02-09 11:08:00,2026-02-09 11:13:00,25862.849609375,25859.69921875,TIME,354.4189453125,269.4189453125,24396.9091796875,38897.9833984375,14501.07421875
2026-02-09 11:13:00,2026-02-09 11:18:00,25859.69921875,25857.44921875,TIME,253.125,168.125,24565.0341796875,38897.9833984375,14332.94921875
2026-02-09 11:35:00,2026-02-09 11:38:00,25849.650390625,25858.650390625,SL,-1012.5,-1097.5,23467.5341796875,38897.9833984375,15430.44921875
2026-02-09 11:39:00,2026-02-09 11:44:00,25858.099609375,25858.05078125,TIME,5.4931640625,-79.5068359375,23388.02734375,38897.9833984375,15509.9560546875
2026-02-09 11:44:00,2026-02-09 11:46:00,25858.05078125,25840.05078125,TP,2025.0,1940.0,25328.02734375,38897.9833984375,13569.9560546875
2026-02-09 11:47:00,2026-02-09 11:52:00,25842.75,25837.44921875,TIME,596.337890625,511.337890625,25839.365234375,38897.9833984375,13058.6181640625
2026-02-09 11:52:00,2026-02-09 11:57:00,25837.44921875,25832.44921875,TIME,562.5,477.5,26316.865234375,38897.9833984375,12581.1181640625
2026-02-09 11:57:00,2026-02-09 12:01:00,25832.44921875,25841.44921875,SL,-1012.5,-1097.5,25219.365234375,38897.9833984375,13678.6181640625
2026-02-09 12:01:00,2026-02-09 12:06:00,25836.19921875,25840.69921875,TIME,-506.25,-591.25,24628.115234375,38897.9833984375,14269.8681640625
2026-02-09 12:06:00,2026-02-09 12:09:00,25840.69921875,25849.69921875,SL,-1012.5,-1097.5,23530.615234375,38897.9833984375,15367.3681640625
2026-02-09 12:09:00,2026-02-09 12:12:00,25848.69921875,25857.69921875,SL,-1012.5,-1097.5,22433.115234375,38897.9833984375,16464.8681640625
2026-02-09 12:31:00,2026-02-09 12:35:00,25838.94921875,25847.94921875,SL,-1012.5,-1097.5,21335.615234375,38897.9833984375,17562.3681640625
2026-02-10 10:28:00,2026-02-10 10:33:00,25963.69921875,25972.69921875,SL,-1012.5,-1097.5,20238.115234375,38897.9833984375,18659.8681640625
2026-02-10 10:39:00,2026-02-10 10:41:00,25970.349609375,25952.349609375,TP,2025.0,1940.0,22178.115234375,38897.9833984375,16719.8681640625
2026-02-10 10:41:00,2026-02-10 10:46:00,25959.099609375,25961.75,TIME,-298.1689453125,-383.1689453125,21794.9462890625,38897.9833984375,17103.037109375
2026-02-10 10:46:00,2026-02-10 10:47:00,25961.75,25970.75,SL,-1012.5,-1097.5,20697.4462890625,38897.9833984375,18200.537109375
2026-02-10 10:47:00,2026-02-10 10:52:00,25967.150390625,25960.650390625,TIME,731.25,646.25,21343.6962890625,38897.9833984375,17554.287109375
2026-02-10 10:52:00,2026-02-10 10:57:00,25960.650390625,25963.75,TIME,-348.7060546875,-433.7060546875,20909.990234375,38897.9833984375,17987.9931640625
2026-02-10 10:57:00,2026-02-10 11:02:00,25963.75,25962.900390625,TIME,95.5810546875,10.5810546875,20920.5712890625,38897.9833984375,17977.412109375
2026-02-10 11:02:00,2026-02-10 11:07:00,25962.900390625,25969.099609375,TIME,-697.412109375,-782.412109375,20138.1591796875,38897.9833984375,18759.82421875
2026-02-10 11:07:00,2026-02-10 11:12:00,25969.099609375,25962.650390625,TIME,725.537109375,640.537109375,20778.6962890625,38897.9833984375,18119.287109375
2026-02-10 11:12:00,2026-02-10 11:17:00,25962.650390625,25962.30078125,TIME,39.3310546875,-45.6689453125,20733.02734375,38897.9833984375,18164.9560546875
2026-02-10 11:17:00,2026-02-10 11:22:00,25962.30078125,25958.900390625,TIME,382.5439453125,297.5439453125,21030.5712890625,38897.9833984375,17867.412109375
2026-02-10 11:22:00,2026-02-10 11:27:00,25958.900390625,25954.94921875,TIME,444.5068359375,359.5068359375,21390.078125,38897.9833984375,17507.9052734375
2026-02-10 11:27:00,2026-02-10 11:32:00,25954.94921875,25959.05078125,TIME,-461.42578125,-546.42578125,20843.65234375,38897.9833984375,18054.3310546875
2026-02-10 11:32:00,2026-02-10 11:37:00,25959.05078125,25950.30078125,TIME,984.375,899.375,21743.02734375,38897.9833984375,17154.9560546875
2026-02-10 11:37:00,2026-02-10 11:42:00,25950.30078125,25950.349609375,TIME,-5.4931640625,-90.4931640625,21652.5341796875,38897.9833984375,17245.44921875
2026-02-10 11:42:00,2026-02-10 11:47:00,25950.349609375,25951.099609375,TIME,-84.375,-169.375,21483.1591796875,38897.9833984375,17414.82421875
2026-02-10 11:47:00,2026-02-10 11:52:00,25951.099609375,25946.0,TIME,573.7060546875,488.7060546875,21971.865234375,38897.9833984375,16926.1181640625
2026-02-10 11:52:00,2026-02-10 11:53:00,25946.0,25955.0,SL,-1012.5,-1097.5,20874.365234375,38897.9833984375,18023.6181640625
2026-02-10 11:53:00,2026-02-10 11:54:00,25951.55078125,25960.55078125,SL,-1012.5,-1097.5,19776.865234375,38897.9833984375,19121.1181640625
2026-02-10 11:56:00,2026-02-10 12:00:00,25956.30078125,25965.30078125,SL,-1012.5,-1097.5,18679.365234375,38897.9833984375,20218.6181640625
2026-02-10 12:10:00,2026-02-10 12:13:00,25953.94921875,25962.94921875,SL,-1012.5,-1097.5,17581.865234375,38897.9833984375,21316.1181640625
2026-02-10 12:13:00,2026-02-10 12:16:00,25956.849609375,25965.849609375,SL,-1012.5,-1097.5,16484.365234375,38897.9833984375,22413.6181640625
2026-02-10 12:27:00,2026-02-10 12:32:00,25955.099609375,25956.55078125,TIME,-163.2568359375,-248.2568359375,16236.1083984375,38897.9833984375,22661.875
2026-02-11 10:45:00,2026-02-11 10:50:00,25968.0,25977.0,SL,-1012.5,-1097.5,15138.6083984375,38897.9833984375,23759.375
2026-02-11 10:51:00,2026-02-11 10:56:00,25974.80078125,25961.400390625,TIME,1507.5439453125,1422.5439453125,16561.15234375,38897.9833984375,22336.8310546875
2026-02-11 10:56:00,2026-02-11 11:01:00,25961.400390625,25960.44921875,TIME,107.0068359375,22.0068359375,16583.1591796875,38897.9833984375,22314.82421875
2026-02-11 11:01:00,2026-02-11 11:05:00,25960.44921875,25969.44921875,SL,-1012.5,-1097.5,15485.6591796875,38897.9833984375,23412.32421875
2026-02-11 11:05:00,2026-02-11 11:08:00,25966.75,25948.75,TP,2025.0,1940.0,17425.6591796875,38897.9833984375,21472.32421875
2026-02-11 11:08:00,2026-02-11 11:13:00,25952.650390625,25947.19921875,TIME,613.2568359375,528.2568359375,17953.916015625,38897.9833984375,20944.0673828125
2026-02-11 11:18:00,2026-02-11 11:23:00,25961.94921875,25953.25,TIME,978.662109375,893.662109375,18847.578125,38897.9833984375,20050.4052734375
2026-02-11 11:24:00,2026-02-11 11:29:00,25961.44921875,25962.900390625,TIME,-163.2568359375,-248.2568359375,18599.3212890625,38897.9833984375,20298.662109375
2026-02-11 11:29:00,2026-02-11 11:33:00,25962.900390625,25971.900390625,SL,-1012.5,-1097.5,17501.8212890625,38897.9833984375,21396.162109375
2026-02-11 11:45:00,2026-02-11 11:50:00,25956.44921875,25961.849609375,TIME,-607.5439453125,-692.5439453125,16809.27734375,38897.9833984375,22088.7060546875
2026-02-11 11:50:00,2026-02-11 11:55:00,25961.849609375,25958.650390625,TIME,359.912109375,274.912109375,17084.189453125,38897.9833984375,21813.7939453125
2026-02-11 11:55:00,2026-02-11 11:58:00,25958.650390625,25967.650390625,SL,-1012.5,-1097.5,15986.689453125,38897.9833984375,22911.2939453125
2026-02-11 11:58:00,2026-02-11 11:59:00,25966.150390625,25948.150390625,TP,2025.0,1940.0,17926.689453125,38897.9833984375,20971.2939453125
2026-02-11 12:13:00,2026-02-11 12:18:00,25957.599609375,25942.69921875,TIME,1676.2939453125,1591.2939453125,19517.9833984375,38897.9833984375,19380.0
2026-02-11 12:18:00,2026-02-11 12:23:00,25942.69921875,25939.5,TIME,359.912109375,274.912109375,19792.8955078125,38897.9833984375,19105.087890625
2026-02-11 12:24:00,2026-02-11 12:29:00,25937.900390625,25939.19921875,TIME,-146.1181640625,-231.1181640625,19561.77734375,38897.9833984375,19336.2060546875
2026-02-11 12:30:00,2026-02-11 12:35:00,25940.05078125,25926.80078125,TIME,1490.625,1405.625,20967.40234375,38897.9833984375,17930.5810546875
2026-02-12 10:31:00,2026-02-12 10:35:00,25866.55078125,25875.55078125,SL,-1012.5,-1097.5,19869.90234375,38897.9833984375,19028.0810546875
2026-02-12 10:35:00,2026-02-12 10:38:00,25873.5,25855.5,TP,2025.0,1940.0,21809.90234375,38897.9833984375,17088.0810546875
2026-02-12 10:38:00,2026-02-12 10:43:00,25858.400390625,25863.599609375,TIME,-584.912109375,-669.912109375,21139.990234375,38897.9833984375,17757.9931640625
2026-02-12 10:43:00,2026-02-12 10:48:00,25863.599609375,25858.400390625,TIME,584.912109375,499.912109375,21639.90234375,38897.9833984375,17258.0810546875
2026-02-12 10:48:00,2026-02-12 10:53:00,25858.400390625,25852.849609375,TIME,624.462890625,539.462890625,22179.365234375,38897.9833984375,16718.6181640625
2026-02-12 10:53:00,2026-02-12 10:58:00,25852.849609375,25861.849609375,SL,-1012.5,-1097.5,21081.865234375,38897.9833984375,17816.1181640625
2026-02-12 10:58:00,2026-02-12 11:03:00,25859.75,25859.69921875,TIME,5.712890625,-79.287109375,21002.578125,38897.9833984375,17895.4052734375
2026-02-12 11:03:00,2026-02-12 11:08:00,25859.69921875,25846.75,TIME,1456.787109375,1371.787109375,22374.365234375,38897.9833984375,16523.6181640625
2026-02-12 11:08:00,2026-02-12 11:09:00,25846.75,25855.75,SL,-1012.5,-1097.5,21276.865234375,38897.9833984375,17621.1181640625
2026-02-12 11:09:00,2026-02-12 11:14:00,25856.0,25852.05078125,TIME,444.287109375,359.287109375,21636.15234375,38897.9833984375,17261.8310546875
2026-02-12 11:14:00,2026-02-12 11:18:00,25852.05078125,25834.05078125,TP,2025.0,1940.0,23576.15234375,38897.9833984375,15321.8310546875
2026-02-12 11:18:00,2026-02-12 11:23:00,25837.5,25829.0,TIME,956.25,871.25,24447.40234375,38897.9833984375,14450.5810546875
2026-02-12 11:23:00,2026-02-12 11:24:00,25829.0,25838.0,SL,-1012.5,-1097.5,23349.90234375,38897.9833984375,15548.0810546875
2026-02-12 11:25:00,2026-02-12 11:30:00,25834.599609375,25833.900390625,TIME,78.662109375,-6.337890625,23343.564453125,38897.9833984375,15554.4189453125
2026-02-12 11:30:00,2026-02-12 11:35:00,25833.900390625,25822.25,TIME,1310.6689453125,1225.6689453125,24569.2333984375,38897.9833984375,14328.75
2026-02-12 11:35:00,2026-02-12 11:40:00,25822.25,25820.599609375,TIME,185.6689453125,100.6689453125,24669.90234375,38897.9833984375,14228.0810546875
2026-02-12 11:40:00,2026-02-12 11:43:00,25820.599609375,25829.599609375,SL,-1012.5,-1097.5,23572.40234375,38897.9833984375,15325.5810546875
2026-02-12 11:43:00,2026-02-12 11:48:00,25827.80078125,25830.44921875,TIME,-297.94921875,-382.94921875,23189.453125,38897.9833984375,15708.5302734375
2026-02-12 11:59:00,2026-02-12 12:04:00,25823.55078125,25810.80078125,TIME,1434.375,1349.375,24538.828125,38897.9833984375,14359.1552734375
2026-02-12 12:09:00,2026-02-12 12:13:00,25823.400390625,25832.400390625,SL,-1012.5,-1097.5,23441.328125,38897.9833984375,15456.6552734375
2026-02-12 12:13:00,2026-02-12 12:16:00,25827.44921875,25836.44921875,SL,-1012.5,-1097.5,22343.828125,38897.9833984375,16554.1552734375
2026-02-13 11:06:00,2026-02-13 11:11:00,25542.05078125,25542.05078125,TIME,-0.0,-85.0,22258.828125,38897.9833984375,16639.1552734375
2026-02-13 11:13:00,2026-02-13 11:15:00,25545.349609375,25554.349609375,SL,-1012.5,-1097.5,21161.328125,38897.9833984375,17736.6552734375
2026-02-13 11:15:00,2026-02-13 11:17:00,25553.69921875,25535.69921875,TP,2025.0,1940.0,23101.328125,38897.9833984375,15796.6552734375
2026-02-13 11:17:00,2026-02-13 11:22:00,25543.5,25534.44921875,TIME,1018.212890625,933.212890625,24034.541015625,38897.9833984375,14863.4423828125
2026-02-13 11:22:00,2026-02-13 11:26:00,25534.44921875,25543.44921875,SL,-1012.5,-1097.5,22937.041015625,38897.9833984375,15960.9423828125
2026-02-13 11:27:00,2026-02-13 11:32:00,25545.099609375,25539.44921875,TIME,635.6689453125,550.6689453125,23487.7099609375,38897.9833984375,15410.2734375
2026-02-13 11:41:00,2026-02-13 11:43:00,25530.94921875,25539.94921875,SL,-1012.5,-1097.5,22390.2099609375,38897.9833984375,16507.7734375
