Datetime,Open,High,Low,Close,Volume
2026-07-08 09:15:00+05:30,12.154999732971191,12.244999885559082,11.335000038146973,11.647500038146973,0
2026-07-08 09:16:00+05:30,12.239999771118164,12.260000228881836,12.162500381469727,12.172499656677246,0
2026-07-08 09:17:00+05:30,12.382499694824219,12.382499694824219,12.234999656677246,12.242500305175781,0
2026-07-08 09:18:00+05:30,12.319999694824219,12.382499694824219,12.317500114440918,12.382499694824219,0
2026-07-08 09:19:00+05:30,12.350000381469727,12.367500305175781,12.300000190734863,12.327500343322754,0
2026-07-08 09:20:00+05:30,12.337499618530273,12.382499694824219,12.327500343322754,12.359999656677246,0
2026-07-08 09:21:00+05:30,12.282500267028809,12.345000267028809,12.282500267028809,12.34000015258789,0
2026-07-08 09:22:00+05:30,12.302499771118164,12.307499885559082,12.282500267028809,12.287500381469727,0
2026-07-08 09:23:00+05:30,12.307499885559082,12.3149995803833,12.292499542236328,12.3100004196167,0
2026-07-08 09:24:00+05:30,12.337499618530273,12.337499618530273,12.300000190734863,12.307499885559082,0
2026-07-08 09:25:00+05:30,12.362500190734863,12.397500038146973,12.337499618530273,12.337499618530273,0
2026-07-08 09:26:00+05:30,12.430000305175781,12.4350004196167,12.367500305175781,12.367500305175781,0
2026-07-08 09:27:00+05:30,12.460000038146973,12.47249984741211,12.422499656677246,12.432499885559082,0
2026-07-08 09:28:00+05:30,12.442500114440918,12.482500076293945,12.4350004196167,12.462499618530273,0
2026-07-08 09:29:00+05:30,12.4375,12.470000267028809,12.430000305175781,12.444999694824219,0
2026-07-08 09:30:00+05:30,12.457500457763672,12.475000381469727,12.427499771118164,12.4375,0
2026-07-08 09:31:00+05:30,12.447500228881836,12.477499961853027,12.4375,12.46500015258789,0
2026-07-08 09:32:00+05:30,12.4399995803833,12.462499618530273,12.432499885559082,12.447500228881836,0
2026-07-08 09:33:00+05:30,12.46500015258789,12.47249984741211,12.4375,12.4399995803833,0
2026-07-08 09:34:00+05:30,12.487500190734863,12.492500305175781,12.46500015258789,12.46500015258789,0
2026-07-08 09:35:00+05:30,12.475000381469727,12.492500305175781,12.460000038146973,12.487500190734863,0
2026-07-08 09:36:00+05:30,12.482500076293945,12.494999885559082,12.462499618530273,12.467499732971191,0
2026-07-08 09:37:00+05:30,12.489999771118164,12.505000114440918,12.477499961853027,12.482500076293945,0
2026-07-08 09:38:00+05:30,12.449999809265137,12.494999885559082,12.449999809265137,12.489999771118164,0
2026-07-08 09:39:00+05:30,12.470000267028809,12.479999542236328,12.447500228881836,12.447500228881836,0
2026-07-08 09:40:00+05:30,12.482500076293945,12.489999771118164,12.467499732971191,12.47249984741211,0
2026-07-08 09:41:00+05:30,12.462499618530273,12.484999656677246,12.449999809265137,12.477499961853027,0
2026-07-08 09:42:00+05:30,12.47249984741211,12.487500190734863,12.447500228881836,12.462499618530273,0
2026-07-08 09:43:00+05:30,12.47249984741211,12.479999542236328,12.457500457763672,12.47249984741211,0
2026-07-08 09:44:00+05:30,12.457500457763672,12.47249984741211,12.449999809265137,12.47249984741211,0
2026-07-08 09:45:00+05:30,12.430000305175781,12.457500457763672,12.430000305175781,12.457500457763672,0
2026-07-08 09:46:00+05:30,12.385000228881836,12.4375,12.3774995803833,12.430000305175781,0
2026-07-08 09:47:00+05:30,12.390000343322754,12.414999961853027,12.3725004196167,12.385000228881836,0
2026-07-08 09:48:00+05:30,12.397500038146973,12.40250015258789,12.380000114440918,12.390000343322754,0
2026-07-08 09:49:00+05:30,12.342499732971191,12.40250015258789,12.342499732971191,12.397500038146973,0
2026-07-08 09:50:00+05:30,12.3149995803833,12.350000381469727,12.302499771118164,12.342499732971191,0
2026-07-08 09:51:00+05:30,12.3149995803833,12.324999809265137,12.302499771118164,12.3149995803833,0
2026-07-08 09:52:00+05:30,12.295000076293945,12.324999809265137,12.265000343322754,12.3149995803833,0
2026-07-08 09:53:00+05:30,12.260000228881836,12.300000190734863,12.260000228881836,12.295000076293945,0
2026-07-08 09:54:00+05:30,12.324999809265137,12.324999809265137,12.2524995803833,12.260000228881836,0
2026-07-08 09:55:00+05:30,12.3149995803833,12.332500457763672,12.307499885559082,12.324999809265137,0
2026-07-08 09:56:00+05:30,12.3125,12.3125,12.3100004196167,12.3100004196167,0
2026-07-08 09:57:00+05:30,12.327500343322754,12.335000038146973,12.3100004196167,12.3125,0
2026-07-08 09:58:00+05:30,12.337499618530273,12.359999656677246,12.327500343322754,12.327500343322754,0
2026-07-08 09:59:00+05:30,12.3149995803833,12.342499732971191,12.3149995803833,12.342499732971191,0
2026-07-08 10:00:00+05:30,12.300000190734863,12.327500343322754,12.297499656677246,12.3149995803833,0
2026-07-08 10:01:00+05:30,12.329999923706055,12.345000267028809,12.28499984741211,12.300000190734863,0
2026-07-08 10:02:00+05:30,12.327500343322754,12.335000038146973,12.3149995803833,12.329999923706055,0
2026-07-08 10:03:00+05:30,12.322500228881836,12.354999542236328,12.322500228881836,12.327500343322754,0
2026-07-08 10:04:00+05:30,12.332500457763672,12.342499732971191,12.3125,12.322500228881836,0
2026-07-08 10:05:00+05:30,12.322500228881836,12.342499732971191,12.3125,12.332500457763672,0
2026-07-08 10:06:00+05:30,12.337499618530273,12.350000381469727,12.317500114440918,12.322500228881836,0
2026-07-08 10:07:00+05:30,12.322500228881836,12.354999542236328,12.322500228881836,12.337499618530273,0
2026-07-08 10:08:00+05:30,12.289999961853027,12.322500228881836,12.274999618530273,12.322500228881836,0
2026-07-08 10:09:00+05:30,12.295000076293945,12.317500114440918,12.27750015258789,12.289999961853027,0
2026-07-08 10:10:00+05:30,12.287500381469727,12.3125,12.287500381469727,12.295000076293945,0
2026-07-08 10:11:00+05:30,12.302499771118164,12.302499771118164,12.272500038146973,12.287500381469727,0
2026-07-08 10:12:00+05:30,12.282500267028809,12.305000305175781,12.262499809265137,12.302499771118164,0
2026-07-08 10:13:00+05:30,12.289999961853027,12.300000190734863,12.274999618530273,12.282500267028809,0
2026-07-08 10:14:00+05:30,12.274999618530273,12.300000190734863,12.267499923706055,12.289999961853027,0
2026-07-08 10:15:00+05:30,12.295000076293945,12.3125,12.272500038146973,12.274999618530273,0
2026-07-08 10:16:00+05:30,12.322500228881836,12.332500457763672,12.295000076293945,12.295000076293945,0
2026-07-08 10:17:00+05:30,12.3125,12.337499618530273,12.3100004196167,12.322500228881836,0
2026-07-08 10:18:00+05:30,12.327500343322754,12.329999923706055,12.3100004196167,12.3125,0
2026-07-08 10:19:00+05:30,12.300000190734863,12.327500343322754,12.297499656677246,12.327500343322754,0
2026-07-08 10:20:00+05:30,12.289999961853027,12.307499885559082,12.28499984741211,12.300000190734863,0
2026-07-08 10:21:00+05:30,12.27750015258789,12.3149995803833,12.27750015258789,12.307499885559082,0
2026-07-08 10:22:00+05:30,12.287500381469727,12.300000190734863,12.267499923706055,12.27750015258789,0
2026-07-08 10:23:00+05:30,12.279999732971191,12.300000190734863,12.272500038146973,12.287500381469727,0
2026-07-08 10:24:00+05:30,12.319999694824219,12.319999694824219,12.282500267028809,12.292499542236328,0
2026-07-08 10:25:00+05:30,12.302499771118164,12.335000038146973,12.295000076293945,12.319999694824219,0
2026-07-08 10:26:00+05:30,12.307499885559082,12.329999923706055,12.295000076293945,12.302499771118164,0
2026-07-08 10:27:00+05:30,12.302499771118164,12.317500114440918,12.274999618530273,12.307499885559082,0
2026-07-08 10:28:00+05:30,12.297499656677246,12.3100004196167,12.28499984741211,12.302499771118164,0
2026-07-08 10:29:00+05:30,12.289999961853027,12.3125,12.282500267028809,12.292499542236328,0
2026-07-08 10:30:00+05:30,12.255000114440918,12.28499984741211,12.255000114440918,12.28499984741211,0
2026-07-08 10:31:00+05:30,12.239999771118164,12.274999618530273,12.232500076293945,12.255000114440918,0
2026-07-08 10:32:00+05:30,12.237500190734863,12.244999885559082,12.22249984741211,12.239999771118164,0
2026-07-08 10:33:00+05:30,12.237500190734863,12.2524995803833,12.232500076293945,12.237500190734863,0
2026-07-08 10:34:00+05:30,12.22249984741211,12.239999771118164,12.220000267028809,12.237500190734863,0
2026-07-08 10:35:00+05:30,12.232500076293945,12.232500076293945,12.220000267028809,12.22249984741211,0
2026-07-08 10:36:00+05:30,12.1875,12.232500076293945,12.175000190734863,12.232500076293945,0
2026-07-08 10:37:00+05:30,12.137499809265137,12.202500343322754,12.132499694824219,12.1875,0
2026-07-08 10:38:00+05:30,12.145000457763672,12.162500381469727,12.132499694824219,12.137499809265137,0
2026-07-08 10:39:00+05:30,12.142499923706055,12.15999984741211,12.135000228881836,12.145000457763672,0
2026-07-08 10:40:00+05:30,12.15999984741211,12.15999984741211,12.135000228881836,12.142499923706055,0
2026-07-08 10:41:00+05:30,12.137499809265137,12.170000076293945,12.132499694824219,12.15999984741211,0
2026-07-08 10:42:00+05:30,12.140000343322754,12.147500038146973,12.119999885559082,12.137499809265137,0
2026-07-08 10:43:00+05:30,12.109999656677246,12.140000343322754,12.100000381469727,12.140000343322754,0
2026-07-08 10:44:00+05:30,12.125,12.135000228881836,12.107500076293945,12.109999656677246,0
2026-07-08 10:45:00+05:30,12.137499809265137,12.15250015258789,12.125,12.125,0
2026-07-08 10:46:00+05:30,12.157500267028809,12.170000076293945,12.132499694824219,12.140000343322754,0
2026-07-08 10:47:00+05:30,12.140000343322754,12.164999961853027,12.1274995803833,12.157500267028809,0
2026-07-08 10:48:00+05:30,12.135000228881836,12.145000457763672,12.1274995803833,12.140000343322754,0
2026-07-08 10:49:00+05:30,12.149999618530273,12.167499542236328,12.130000114440918,12.135000228881836,0
2026-07-08 10:50:00+05:30,12.137499809265137,12.167499542236328,12.132499694824219,12.15250015258789,0
2026-07-08 10:51:00+05:30,12.135000228881836,12.157500267028809,12.135000228881836,12.137499809265137,0
2026-07-08 10:52:00+05:30,12.142499923706055,12.15250015258789,12.1274995803833,12.1274995803833,0
2026-07-08 10:53:00+05:30,12.132499694824219,12.15250015258789,12.125,12.142499923706055,0
2026-07-08 10:54:00+05:30,12.114999771118164,12.154999732971191,12.109999656677246,12.140000343322754,0
2026-07-08 10:55:00+05:30,12.125,12.132499694824219,12.109999656677246,12.114999771118164,0
2026-07-08 10:56:00+05:30,12.137499809265137,12.147500038146973,12.125,12.125,0
2026-07-08 10:57:00+05:30,12.1274995803833,12.145000457763672,12.119999885559082,12.137499809265137,0
2026-07-08 10:58:00+05:30,12.1274995803833,12.147500038146973,12.119999885559082,12.130000114440918,0
2026-07-08 10:59:00+05:30,12.119999885559082,12.132499694824219,12.117500305175781,12.1274995803833,0
2026-07-08 11:00:00+05:30,12.109999656677246,12.145000457763672,12.107500076293945,12.119999885559082,0
2026-07-08 11:01:00+05:30,12.119999885559082,12.119999885559082,12.109999656677246,12.109999656677246,0
2026-07-08 11:02:00+05:30,12.112500190734863,12.142499923706055,12.112500190734863,12.119999885559082,0
2026-07-08 11:03:00+05:30,12.119999885559082,12.119999885559082,12.109999656677246,12.112500190734863,0
2026-07-08 11:04:00+05:30,12.1225004196167,12.1225004196167,12.112500190734863,12.119999885559082,0
2026-07-08 11:05:00+05:30,12.117500305175781,12.149999618530273,12.112500190734863,12.1225004196167,0
2026-07-08 11:06:00+05:30,12.15250015258789,12.15250015258789,12.119999885559082,12.119999885559082,0
2026-07-08 11:07:00+05:30,12.135000228881836,12.15250015258789,12.130000114440918,12.15250015258789,0
2026-07-08 11:08:00+05:30,12.125,12.149999618530273,12.119999885559082,12.135000228881836,0
2026-07-08 11:09:00+05:30,12.125,12.132499694824219,12.114999771118164,12.125,0
2026-07-08 11:10:00+05:30,12.140000343322754,12.149999618530273,12.125,12.125,0
2026-07-08 11:11:00+05:30,12.135000228881836,12.149999618530273,12.130000114440918,12.140000343322754,0
2026-07-08 11:12:00+05:30,12.145000457763672,12.157500267028809,12.114999771118164,12.135000228881836,0
2026-07-08 11:13:00+05:30,12.112500190734863,12.149999618530273,12.112500190734863,12.145000457763672,0
2026-07-08 11:14:00+05:30,12.112500190734863,12.130000114440918,12.112500190734863,12.112500190734863,0
2026-07-08 11:15:00+05:30,12.135000228881836,12.142499923706055,12.112500190734863,12.112500190734863,0
2026-07-08 11:16:00+05:30,12.137499809265137,12.140000343322754,12.125,12.135000228881836,0
2026-07-08 11:17:00+05:30,12.125,12.145000457763672,12.114999771118164,12.137499809265137,0
2026-07-08 11:18:00+05:30,12.1274995803833,12.145000457763672,12.125,12.125,0
2026-07-08 11:19:00+05:30,12.135000228881836,12.140000343322754,12.1274995803833,12.1274995803833,0
2026-07-08 11:20:00+05:30,12.157500267028809,12.157500267028809,12.132499694824219,12.135000228881836,0
2026-07-08 11:21:00+05:30,12.137499809265137,12.15999984741211,12.137499809265137,12.157500267028809,0
2026-07-08 11:22:00+05:30,12.137499809265137,12.15250015258789,12.130000114440918,12.137499809265137,0
2026-07-08 11:23:00+05:30,12.140000343322754,12.157500267028809,12.132499694824219,12.137499809265137,0
2026-07-08 11:24:00+05:30,12.1274995803833,12.154999732971191,12.1274995803833,12.140000343322754,0
2026-07-08 11:25:00+05:30,12.107500076293945,12.137499809265137,12.107500076293945,12.1274995803833,0
2026-07-08 11:26:00+05:30,12.112500190734863,12.114999771118164,12.107500076293945,12.114999771118164,0
2026-07-08 11:27:00+05:30,12.112500190734863,12.114999771118164,12.104999542236328,12.112500190734863,0
2026-07-08 11:28:00+05:30,12.117500305175781,12.1225004196167,12.100000381469727,12.112500190734863,0
2026-07-08 11:29:00+05:30,12.112500190734863,12.137499809265137,12.112500190734863,12.117500305175781,0
2026-07-08 11:30:00+05:30,12.125,12.137499809265137,12.112500190734863,12.112500190734863,0
2026-07-08 11:31:00+05:30,12.137499809265137,12.142499923706055,12.119999885559082,12.1274995803833,0
2026-07-08 11:32:00+05:30,12.142499923706055,12.149999618530273,12.132499694824219,12.137499809265137,0
2026-07-08 11:33:00+05:30,12.15250015258789,12.15250015258789,12.132499694824219,12.142499923706055,0
2026-07-08 11:34:00+05:30,12.1274995803833,12.15999984741211,12.1274995803833,12.15250015258789,0
2026-07-08 11:35:00+05:30,12.197500228881836,12.199999809265137,12.1274995803833,12.1274995803833,0
2026-07-08 11:36:00+05:30,12.140000343322754,12.202500343322754,12.135000228881836,12.197500228881836,0
2026-07-08 11:37:00+05:30,12.157500267028809,12.175000190734863,12.140000343322754,12.140000343322754,0
2026-07-08 11:38:00+05:30,12.164999961853027,12.177499771118164,12.15250015258789,12.162500381469727,0
2026-07-08 11:39:00+05:30,12.140000343322754,12.182499885559082,12.132499694824219,12.15999984741211,0
2026-07-08 11:40:00+05:30,12.170000076293945,12.177499771118164,12.140000343322754,12.140000343322754,0
2026-07-08 11:41:00+05:30,12.210000038146973,12.212499618530273,12.157500267028809,12.170000076293945,0
2026-07-08 11:42:00+05:30,12.207500457763672,12.21500015258789,12.199999809265137,12.210000038146973,0
2026-07-08 11:43:00+05:30,12.210000038146973,12.210000038146973,12.197500228881836,12.207500457763672,0
2026-07-08 11:44:00+05:30,12.212499618530273,12.225000381469727,12.1875,12.210000038146973,0
2026-07-08 11:45:00+05:30,12.220000267028809,12.225000381469727,12.202500343322754,12.212499618530273,0
2026-07-08 11:46:00+05:30,12.180000305175781,12.22249984741211,12.180000305175781,12.220000267028809,0
2026-07-08 11:47:00+05:30,12.202500343322754,12.212499618530273,12.180000305175781,12.180000305175781,0
2026-07-08 11:48:00+05:30,12.207500457763672,12.21500015258789,12.197500228881836,12.202500343322754,0
2026-07-08 11:49:00+05:30,12.237500190734863,12.237500190734863,12.1850004196167,12.207500457763672,0
2026-07-08 11:50:00+05:30,12.22249984741211,12.237500190734863,12.210000038146973,12.237500190734863,0
2026-07-08 11:51:00+05:30,12.210000038146973,12.229999542236328,12.192500114440918,12.22249984741211,0
2026-07-08 11:52:00+05:30,12.192500114440918,12.210000038146973,12.1875,12.210000038146973,0
2026-07-08 11:53:00+05:30,12.1875,12.217499732971191,12.180000305175781,12.192500114440918,0
2026-07-08 11:54:00+05:30,12.227499961853027,12.227499961853027,12.182499885559082,12.1875,0
2026-07-08 11:55:00+05:30,12.21500015258789,12.232500076293945,12.202500343322754,12.227499961853027,0
2026-07-08 11:56:00+05:30,12.202500343322754,12.21500015258789,12.182499885559082,12.21500015258789,0
2026-07-08 11:57:00+05:30,12.204999923706055,12.220000267028809,12.1875,12.202500343322754,0
2026-07-08 11:58:00+05:30,12.199999809265137,12.22249984741211,12.194999694824219,12.204999923706055,0
2026-07-08 11:59:00+05:30,12.21500015258789,12.229999542236328,12.194999694824219,12.199999809265137,0
2026-07-08 12:00:00+05:30,12.217499732971191,12.225000381469727,12.202500343322754,12.210000038146973,0
2026-07-08 12:01:00+05:30,12.25,12.25,12.204999923706055,12.217499732971191,0
2026-07-08 12:02:00+05:30,12.242500305175781,12.25,12.232500076293945,12.25,0
2026-07-08 12:03:00+05:30,12.227499961853027,12.2524995803833,12.220000267028809,12.242500305175781,0
2026-07-08 12:04:00+05:30,12.225000381469727,12.225000381469727,12.212499618530273,12.217499732971191,0
2026-07-08 12:05:00+05:30,12.217499732971191,12.234999656677246,12.207500457763672,12.225000381469727,0
2026-07-08 12:06:00+05:30,12.217499732971191,12.227499961853027,12.207500457763672,12.217499732971191,0
2026-07-08 12:07:00+05:30,12.217499732971191,12.225000381469727,12.207500457763672,12.217499732971191,0
2026-07-08 12:08:00+05:30,12.239999771118164,12.239999771118164,12.21500015258789,12.217499732971191,0
2026-07-08 12:09:00+05:30,12.25,12.255000114440918,12.232500076293945,12.239999771118164,0
2026-07-08 12:10:00+05:30,12.257499694824219,12.272500038146973,12.244999885559082,12.25,0
2026-07-08 12:11:00+05:30,12.257499694824219,12.282500267028809,12.2475004196167,12.257499694824219,0
2026-07-08 12:12:00+05:30,12.257499694824219,12.27750015258789,12.25,12.257499694824219,0
2026-07-08 12:13:00+05:30,12.274999618530273,12.274999618530273,12.25,12.257499694824219,0
2026-07-08 12:14:00+05:30,12.2524995803833,12.274999618530273,12.25,12.274999618530273,0
2026-07-08 12:15:00+05:30,12.327500343322754,12.327500343322754,12.2524995803833,12.2524995803833,0
2026-07-08 12:16:00+05:30,12.335000038146973,12.337499618530273,12.324999809265137,12.327500343322754,0
2026-07-08 12:17:00+05:30,12.232500076293945,12.34000015258789,12.232500076293945,12.335000038146973,0
2026-07-08 12:18:00+05:30,12.1875,12.234999656677246,12.1875,12.229999542236328,0
2026-07-08 12:19:00+05:30,12.180000305175781,12.197500228881836,12.167499542236328,12.1850004196167,0
2026-07-08 12:20:00+05:30,12.1899995803833,12.197500228881836,12.180000305175781,12.180000305175781,0
2026-07-08 12:21:00+05:30,12.217499732971191,12.225000381469727,12.1899995803833,12.1899995803833,0
2026-07-08 12:22:00+05:30,12.297499656677246,12.297499656677246,12.21500015258789,12.21500015258789,0
2026-07-08 12:23:00+05:30,12.300000190734863,12.317500114440918,12.28499984741211,12.295000076293945,0
2026-07-08 12:24:00+05:30,12.3100004196167,12.317500114440918,12.295000076293945,12.300000190734863,0
2026-07-08 12:25:00+05:30,12.322500228881836,12.342499732971191,12.3149995803833,12.3149995803833,0
2026-07-08 12:26:00+05:30,12.3149995803833,12.327500343322754,12.3100004196167,12.322500228881836,0
2026-07-08 12:27:00+05:30,12.305000305175781,12.3149995803833,12.305000305175781,12.3149995803833,0
2026-07-08 12:28:00+05:30,12.3125,12.322500228881836,12.307499885559082,12.307499885559082,0
2026-07-08 12:29:00+05:30,12.302499771118164,12.319999694824219,12.297499656677246,12.3125,0
2026-07-08 12:30:00+05:30,12.302499771118164,12.319999694824219,12.297499656677246,12.302499771118164,0
2026-07-08 12:31:00+05:30,12.34749984741211,12.357500076293945,12.302499771118164,12.302499771118164,0
2026-07-08 12:32:00+05:30,12.335000038146973,12.345000267028809,12.3149995803833,12.345000267028809,0
2026-07-08 12:33:00+05:30,12.335000038146973,12.342499732971191,12.3125,12.335000038146973,0
2026-07-08 12:34:00+05:30,12.332500457763672,12.337499618530273,12.324999809265137,12.327500343322754,0
2026-07-08 12:35:00+05:30,12.342499732971191,12.345000267028809,12.332500457763672,12.335000038146973,0
2026-07-08 12:36:00+05:30,12.337499618530273,12.345000267028809,12.329999923706055,12.345000267028809,0
2026-07-08 12:37:00+05:30,12.319999694824219,12.34000015258789,12.3149995803833,12.337499618530273,0
2026-07-08 12:38:00+05:30,12.322500228881836,12.327500343322754,12.3100004196167,12.319999694824219,0
2026-07-08 12:39:00+05:30,12.329999923706055,12.345000267028809,12.3125,12.327500343322754,0
2026-07-08 12:40:00+05:30,12.324999809265137,12.332500457763672,12.317500114440918,12.329999923706055,0
2026-07-08 12:41:00+05:30,12.305000305175781,12.324999809265137,12.289999961853027,12.324999809265137,0
2026-07-08 12:42:00+05:30,12.319999694824219,12.327500343322754,12.305000305175781,12.305000305175781,0
2026-07-08 12:43:00+05:30,12.305000305175781,12.335000038146973,12.305000305175781,12.319999694824219,0
2026-07-08 12:44:00+05:30,12.279999732971191,12.317500114440918,12.27750015258789,12.305000305175781,0
2026-07-08 12:45:00+05:30,12.295000076293945,12.302499771118164,12.267499923706055,12.282500267028809,0
2026-07-08 12:46:00+05:30,12.287500381469727,12.292499542236328,12.274999618530273,12.279999732971191,0
2026-07-08 12:47:00+05:30,12.27750015258789,12.292499542236328,12.2524995803833,12.292499542236328,0
2026-07-08 12:48:00+05:30,12.287500381469727,12.297499656677246,12.282500267028809,12.289999961853027,0
2026-07-08 12:49:00+05:30,12.292499542236328,12.305000305175781,12.287500381469727,12.287500381469727,0
2026-07-08 12:50:00+05:30,12.239999771118164,12.292499542236328,12.239999771118164,12.292499542236328,0
2026-07-08 12:51:00+05:30,12.197500228881836,12.244999885559082,12.197500228881836,12.242500305175781,0
2026-07-08 12:52:00+05:30,12.21500015258789,12.225000381469727,12.194999694824219,12.199999809265137,0
2026-07-08 12:53:00+05:30,12.210000038146973,12.25,12.207500457763672,12.21500015258789,0
2026-07-08 12:54:00+05:30,12.1899995803833,12.210000038146973,12.1850004196167,12.210000038146973,0
2026-07-08 12:55:00+05:30,12.1899995803833,12.192500114440918,12.172499656677246,12.1899995803833,0
2026-07-08 12:56:00+05:30,12.197500228881836,12.197500228881836,12.1899995803833,12.192500114440918,0
2026-07-08 12:57:00+05:30,12.192500114440918,12.199999809265137,12.182499885559082,12.192500114440918,0
2026-07-08 12:58:00+05:30,12.182499885559082,12.199999809265137,12.180000305175781,12.192500114440918,0
2026-07-08 12:59:00+05:30,12.192500114440918,12.202500343322754,12.182499885559082,12.182499885559082,0
2026-07-08 13:00:00+05:30,12.177499771118164,12.197500228881836,12.177499771118164,12.192500114440918,0
2026-07-08 13:01:00+05:30,12.162500381469727,12.180000305175781,12.162500381469727,12.177499771118164,0
2026-07-08 13:02:00+05:30,12.167499542236328,12.177499771118164,12.15999984741211,12.162500381469727,0
2026-07-08 13:03:00+05:30,12.157500267028809,12.172499656677246,12.154999732971191,12.164999961853027,0
2026-07-08 13:04:00+05:30,12.164999961853027,12.172499656677246,12.157500267028809,12.157500267028809,0
2026-07-08 13:05:00+05:30,12.167499542236328,12.180000305175781,12.15999984741211,12.164999961853027,0
2026-07-08 13:06:00+05:30,12.147500038146973,12.172499656677246,12.145000457763672,12.167499542236328,0
2026-07-08 13:07:00+05:30,12.15250015258789,12.154999732971191,12.135000228881836,12.149999618530273,0
2026-07-08 13:08:00+05:30,12.162500381469727,12.170000076293945,12.147500038146973,12.147500038146973,0
2026-07-08 13:09:00+05:30,12.164999961853027,12.170000076293945,12.157500267028809,12.157500267028809,0
2026-07-08 13:10:00+05:30,12.167499542236328,12.175000190734863,12.154999732971191,12.164999961853027,0
2026-07-08 13:11:00+05:30,12.172499656677246,12.182499885559082,12.162500381469727,12.164999961853027,0
2026-07-08 13:12:00+05:30,12.167499542236328,12.180000305175781,12.157500267028809,12.172499656677246,0
2026-07-08 13:13:00+05:30,12.162500381469727,12.167499542236328,12.15250015258789,12.167499542236328,0
2026-07-08 13:14:00+05:30,12.175000190734863,12.175000190734863,12.15250015258789,12.162500381469727,0
2026-07-08 13:15:00+05:30,12.1850004196167,12.1875,12.15250015258789,12.175000190734863,0
2026-07-08 13:16:00+05:30,12.197500228881836,12.197500228881836,12.172499656677246,12.192500114440918,0
2026-07-08 13:17:00+05:30,12.212499618530273,12.217499732971191,12.1899995803833,12.197500228881836,0
2026-07-08 13:18:00+05:30,12.204999923706055,12.22249984741211,12.182499885559082,12.220000267028809,0
2026-07-08 13:19:00+05:30,12.1899995803833,12.21500015258789,12.1850004196167,12.207500457763672,0
2026-07-08 13:20:00+05:30,12.194999694824219,12.204999923706055,12.180000305175781,12.1875,0
2026-07-08 13:21:00+05:30,12.217499732971191,12.220000267028809,12.194999694824219,12.194999694824219,0
2026-07-08 13:22:00+05:30,12.217499732971191,12.227499961853027,12.202500343322754,12.220000267028809,0
2026-07-08 13:23:00+05:30,12.21500015258789,12.227499961853027,12.207500457763672,12.217499732971191,0
2026-07-08 13:24:00+05:30,12.204999923706055,12.225000381469727,12.194999694824219,12.21500015258789,0
2026-07-08 13:25:00+05:30,12.212499618530273,12.21500015258789,12.197500228881836,12.204999923706055,0
2026-07-08 13:26:00+05:30,12.202500343322754,12.220000267028809,12.194999694824219,12.212499618530273,0
2026-07-08 13:27:00+05:30,12.212499618530273,12.217499732971191,12.202500343322754,12.202500343322754,0
2026-07-08 13:28:00+05:30,12.220000267028809,12.220000267028809,12.207500457763672,12.212499618530273,0
2026-07-08 13:29:00+05:30,12.217499732971191,12.22249984741211,12.210000038146973,12.220000267028809,0
2026-07-08 13:30:00+05:30,12.210000038146973,12.217499732971191,12.204999923706055,12.217499732971191,0
2026-07-08 13:31:00+05:30,12.242500305175781,12.242500305175781,12.210000038146973,12.210000038146973,0
2026-07-08 13:32:00+05:30,12.227499961853027,12.244999885559082,12.217499732971191,12.242500305175781,0
2026-07-08 13:33:00+05:30,12.239999771118164,12.239999771118164,12.217499732971191,12.227499961853027,0
2026-07-08 13:34:00+05:30,12.244999885559082,12.2524995803833,12.234999656677246,12.239999771118164,0
2026-07-08 13:35:00+05:30,12.229999542236328,12.255000114440918,12.229999542236328,12.244999885559082,0
2026-07-08 13:36:00+05:30,12.239999771118164,12.25,12.225000381469727,12.229999542236328,0
2026-07-08 13:37:00+05:30,12.265000343322754,12.274999618530273,12.225000381469727,12.239999771118164,0
2026-07-08 13:38:00+05:30,12.272500038146973,12.274999618530273,12.2524995803833,12.265000343322754,0
2026-07-08 13:39:00+05:30,12.225000381469727,12.272500038146973,12.217499732971191,12.272500038146973,0
2026-07-08 13:40:00+05:30,12.225000381469727,12.232500076293945,12.217499732971191,12.225000381469727,0
2026-07-08 13:41:00+05:30,12.220000267028809,12.234999656677246,12.217499732971191,12.225000381469727,0
2026-07-08 13:42:00+05:30,12.2524995803833,12.2524995803833,12.217499732971191,12.220000267028809,0
2026-07-08 13:43:00+05:30,12.292499542236328,12.302499771118164,12.2475004196167,12.2524995803833,0
2026-07-08 13:44:00+05:30,12.295000076293945,12.302499771118164,12.28499984741211,12.292499542236328,0
2026-07-08 13:45:00+05:30,12.300000190734863,12.300000190734863,12.272500038146973,12.295000076293945,0
2026-07-08 13:46:00+05:30,12.432499885559082,12.4375,12.282500267028809,12.300000190734863,0
2026-07-08 13:47:00+05:30,12.757499694824219,12.757499694824219,12.432499885559082,12.432499885559082,0
2026-07-08 13:48:00+05:30,12.78499984741211,12.912500381469727,12.734999656677246,12.757499694824219,0
2026-07-08 13:49:00+05:30,12.789999961853027,12.850000381469727,12.739999771118164,12.78499984741211,0
2026-07-08 13:50:00+05:30,12.887499809265137,12.920000076293945,12.762499809265137,12.789999961853027,0
2026-07-08 13:51:00+05:30,12.975000381469727,12.9975004196167,12.887499809265137,12.887499809265137,0
2026-07-08 13:52:00+05:30,13.119999885559082,13.1274995803833,12.975000381469727,12.975000381469727,0
2026-07-08 13:53:00+05:30,13.175000190734863,13.175000190734863,13.107500076293945,13.119999885559082,0
2026-07-08 13:54:00+05:30,13.3125,13.337499618530273,13.175000190734863,13.175000190734863,0
2026-07-08 13:55:00+05:30,13.300000190734863,13.352499961853027,13.289999961853027,13.3125,0
2026-07-08 13:56:00+05:30,13.279999732971191,13.352499961853027,13.25,13.300000190734863,0
2026-07-08 13:57:00+05:30,13.5,13.5,13.270000457763672,13.279999732971191,0
2026-07-08 13:58:00+05:30,13.760000228881836,13.765000343322754,13.4975004196167,13.5,0
2026-07-08 13:59:00+05:30,13.975000381469727,13.975000381469727,13.742500305175781,13.760000228881836,0
2026-07-08 14:00:00+05:30,13.914999961853027,13.979999542236328,13.869999885559082,13.975000381469727,0
2026-07-08 14:01:00+05:30,14.157500267028809,14.162500381469727,13.914999961853027,13.914999961853027,0
2026-07-08 14:02:00+05:30,14.27750015258789,14.352499961853027,14.154999732971191,14.157500267028809,0
2026-07-08 14:03:00+05:30,14.272500038146973,14.3100004196167,14.242500305175781,14.27750015258789,0
2026-07-08 14:04:00+05:30,14.274999618530273,14.335000038146973,14.244999885559082,14.272500038146973,0
2026-07-08 14:05:00+05:30,14.542499542236328,14.545000076293945,14.267499923706055,14.274999618530273,0
2026-07-08 14:06:00+05:30,14.654999732971191,14.670000076293945,14.537500381469727,14.542499542236328,0
2026-07-08 14:07:00+05:30,14.467499732971191,14.654999732971191,14.447500228881836,14.654999732971191,0
2026-07-08 14:08:00+05:30,14.59749984741211,14.59749984741211,14.467499732971191,14.467499732971191,0
2026-07-08 14:09:00+05:30,14.862500190734863,14.880000114440918,14.59749984741211,14.59749984741211,0
2026-07-08 14:10:00+05:30,14.867500305175781,14.920000076293945,14.84749984741211,14.862500190734863,0
2026-07-08 14:11:00+05:30,14.880000114440918,14.907500267028809,14.817500114440918,14.867500305175781,0
2026-07-08 14:12:00+05:30,14.977499961853027,15.055000305175781,14.880000114440918,14.880000114440918,0
2026-07-08 14:13:00+05:30,15.050000190734863,15.057499885559082,14.925000190734863,14.977499961853027,0
2026-07-08 14:14:00+05:30,14.962499618530273,15.147500038146973,14.957500457763672,15.050000190734863,0
2026-07-08 14:15:00+05:30,14.989999771118164,14.9975004196167,14.9350004196167,14.962499618530273,0
2026-07-08 14:16:00+05:30,14.789999961853027,14.9975004196167,14.789999961853027,14.989999771118164,0
2026-07-08 14:17:00+05:30,14.550000190734863,14.789999961853027,14.53499984741211,14.789999961853027,0
2026-07-08 14:18:00+05:30,14.557499885559082,14.612500190734863,14.545000076293945,14.550000190734863,0
2026-07-08 14:19:00+05:30,14.762499809265137,14.792499542236328,14.557499885559082,14.557499885559082,0
2026-07-08 14:20:00+05:30,14.65999984741211,14.767499923706055,14.637499809265137,14.762499809265137,0
2026-07-08 14:21:00+05:30,14.779999732971191,14.792499542236328,14.654999732971191,14.65999984741211,0
2026-07-08 14:22:00+05:30,14.8149995803833,14.832500457763672,14.779999732971191,14.779999732971191,0
2026-07-08 14:23:00+05:30,14.699999809265137,14.8149995803833,14.6899995803833,14.8149995803833,0
2026-07-08 14:24:00+05:30,14.792499542236328,14.802499771118164,14.697500228881836,14.699999809265137,0
2026-07-08 14:25:00+05:30,14.837499618530273,14.837499618530273,14.792499542236328,14.792499542236328,0
2026-07-08 14:26:00+05:30,14.84749984741211,14.859999656677246,14.832500457763672,14.837499618530273,0
2026-07-08 14:27:00+05:30,14.925000190734863,14.960000038146973,14.845000267028809,14.84749984741211,0
2026-07-08 14:28:00+05:30,14.824999809265137,14.925000190734863,14.8149995803833,14.925000190734863,0
2026-07-08 14:29:00+05:30,14.994999885559082,14.994999885559082,14.819999694824219,14.824999809265137,0
2026-07-08 14:30:00+05:30,14.927499771118164,15.0649995803833,14.927499771118164,14.994999885559082,0
2026-07-08 14:31:00+05:30,14.8774995803833,14.984999656677246,14.869999885559082,14.927499771118164,0
2026-07-08 14:32:00+05:30,14.912500381469727,14.912500381469727,14.854999542236328,14.8774995803833,0
2026-07-08 14:33:00+05:30,15.017499923706055,15.032500267028809,14.912500381469727,14.912500381469727,0
2026-07-08 14:34:00+05:30,15.020000457763672,15.029999732971191,14.957500457763672,15.017499923706055,0
2026-07-08 14:35:00+05:30,15.024999618530273,15.039999961853027,14.994999885559082,15.020000457763672,0
2026-07-08 14:36:00+05:30,15.1225004196167,15.1225004196167,15.024999618530273,15.024999618530273,0
2026-07-08 14:37:00+05:30,15.022500038146973,15.125,15.022500038146973,15.1225004196167,0
2026-07-08 14:38:00+05:30,14.930000305175781,15.022500038146973,14.922499656677246,15.022500038146973,0
2026-07-08 14:39:00+05:30,14.947500228881836,14.97249984741211,14.930000305175781,14.930000305175781,0
2026-07-08 14:40:00+05:30,14.917499542236328,14.967499732971191,14.912500381469727,14.947500228881836,0
2026-07-08 14:41:00+05:30,14.845000267028809,14.922499656677246,14.842499732971191,14.917499542236328,0
2026-07-08 14:42:00+05:30,14.827500343322754,14.864999771118164,14.8149995803833,14.845000267028809,0
2026-07-08 14:43:00+05:30,14.837499618530273,14.890000343322754,14.822500228881836,14.827500343322754,0
2026-07-08 14:44:00+05:30,14.867500305175781,14.904999732971191,14.835000038146973,14.837499618530273,0
2026-07-08 14:45:00+05:30,14.957500457763672,14.962499618530273,14.867500305175781,14.867500305175781,0
2026-07-08 14:46:00+05:30,14.970000267028809,14.989999771118164,14.947500228881836,14.957500457763672,0
2026-07-08 14:47:00+05:30,14.960000038146973,14.984999656677246,14.9399995803833,14.970000267028809,0
2026-07-08 14:48:00+05:30,14.9399995803833,14.984999656677246,14.932499885559082,14.960000038146973,0
2026-07-08 14:49:00+05:30,14.8725004196167,14.947500228881836,14.8725004196167,14.9399995803833,0
2026-07-08 14:50:00+05:30,14.857500076293945,14.880000114440918,14.850000381469727,14.8725004196167,0
2026-07-08 14:51:00+05:30,15.0625,15.079999923706055,14.850000381469727,14.857500076293945,0
2026-07-08 14:52:00+05:30,15.137499809265137,15.137499809265137,15.052499771118164,15.0625,0
2026-07-08 14:53:00+05:30,15.050000190734863,15.15999984741211,15.050000190734863,15.137499809265137,0
2026-07-08 14:54:00+05:30,15.077500343322754,15.077500343322754,15.024999618530273,15.050000190734863,0
2026-07-08 14:55:00+05:30,15.085000038146973,15.100000381469727,15.074999809265137,15.077500343322754,0
2026-07-08 14:56:00+05:30,15.082500457763672,15.102499961853027,15.079999923706055,15.085000038146973,0
2026-07-08 14:57:00+05:30,15.104999542236328,15.112500190734863,15.082500457763672,15.082500457763672,0
2026-07-08 14:58:00+05:30,15.092499732971191,15.137499809265137,15.092499732971191,15.104999542236328,0
2026-07-08 14:59:00+05:30,15.079999923706055,15.107500076293945,15.045000076293945,15.092499732971191,0
2026-07-08 15:00:00+05:30,14.760000228881836,15.085000038146973,14.734999656677246,15.079999923706055,0
2026-07-08 15:01:00+05:30,14.944999694824219,14.97249984741211,14.760000228881836,14.760000228881836,0
2026-07-08 15:02:00+05:30,14.8149995803833,14.949999809265137,14.762499809265137,14.9375,0
2026-07-08 15:03:00+05:30,14.765000343322754,14.819999694824219,14.755000114440918,14.8149995803833,0
2026-07-08 15:04:00+05:30,14.84749984741211,14.857500076293945,14.755000114440918,14.767499923706055,0
2026-07-08 15:05:00+05:30,14.869999885559082,14.90250015258789,14.837499618530273,14.84749984741211,0
2026-07-08 15:06:00+05:30,14.904999732971191,14.90999984741211,14.852499961853027,14.8725004196167,0
2026-07-08 15:07:00+05:30,14.875,14.907500267028809,14.859999656677246,14.904999732971191,0
2026-07-08 15:08:00+05:30,14.787500381469727,14.875,14.767499923706055,14.875,0
2026-07-08 15:09:00+05:30,14.765000343322754,14.787500381469727,14.7475004196167,14.787500381469727,0
2026-07-08 15:10:00+05:30,14.77750015258789,14.789999961853027,14.760000228881836,14.765000343322754,0
2026-07-08 15:11:00+05:30,14.699999809265137,14.829999923706055,14.697500228881836,14.782500267028809,0
2026-07-08 15:12:00+05:30,14.702500343322754,14.712499618530273,14.6850004196167,14.704999923706055,0
2026-07-08 15:13:00+05:30,14.737500190734863,14.742500305175781,14.697500228881836,14.707500457763672,0
2026-07-08 15:14:00+05:30,14.717499732971191,14.734999656677246,14.699999809265137,14.732500076293945,0
2026-07-08 15:15:00+05:30,14.612500190734863,14.75,14.59749984741211,14.71500015258789,0
2026-07-08 15:16:00+05:30,14.642499923706055,14.672499656677246,14.600000381469727,14.619999885559082,0
2026-07-08 15:17:00+05:30,14.645000457763672,14.664999961853027,14.637499809265137,14.647500038146973,0
2026-07-08 15:18:00+05:30,14.555000305175781,14.645000457763672,14.524999618530273,14.645000457763672,0
2026-07-08 15:19:00+05:30,14.582500457763672,14.587499618530273,14.520000457763672,14.555000305175781,0
2026-07-08 15:20:00+05:30,14.4975004196167,14.59000015258789,14.492500305175781,14.585000038146973,0
2026-07-08 15:21:00+05:30,14.482500076293945,14.4975004196167,14.475000381469727,14.4975004196167,0
2026-07-08 15:22:00+05:30,14.470000267028809,14.492500305175781,14.462499618530273,14.477499961853027,0
2026-07-08 15:23:00+05:30,14.505000114440918,14.505000114440918,14.470000267028809,14.470000267028809,0
2026-07-08 15:24:00+05:30,14.557499885559082,14.5649995803833,14.5024995803833,14.505000114440918,0
2026-07-08 15:25:00+05:30,14.524999618530273,14.579999923706055,14.5024995803833,14.5600004196167,0
2026-07-08 15:26:00+05:30,14.47249984741211,14.520000457763672,14.467499732971191,14.520000457763672,0
2026-07-08 15:27:00+05:30,14.537500381469727,14.542499542236328,14.460000038146973,14.47249984741211,0
2026-07-08 15:28:00+05:30,14.592499732971191,14.595000267028809,14.537500381469727,14.537500381469727,0
2026-07-08 15:29:00+05:30,14.53499984741211,14.59749984741211,14.53499984741211,14.592499732971191,0
